utt_id,audio_path,reference,Accent,Age,Gender,Background,Sentiment,District,State,Other,audio_drive_id,audio_filename,location_source,normalized_district,normalized_state,content_type,topic_status,topics,failure_mode,entities,affected_population,translated_text
13-00077-02,./Audio/13-00077-02.mp3,और ऐसे ही बड़ी खबरों के लिए सुनते रहे मधुवनी मोबाइल वाणी धन्यवाद,,Adult,Female,,,Madhubani,Bihar,,1vHapIi3vVtG3b6CxL2HxOZ7V53JsRgnG,13-00077-02.mp3,metadata,Madhubani,Bihar,platform_broadcast_bumper,not_applicable,[],[],[],[],Community caller report regarding local condition: 'और ऐसे ही बड़ी खबरों के लिए सुनते रहे मधुवनी मोबाइल वाणी धन्यवाद'
13-00094-02,./Audio/13-00094-02.mp3,वौइस् ट्रैफिक व्यवस्था को दुरुस्त कराने के लिए दरभंगा पुलिस ने एड लांच किया हैं पुलिस प्रसाशन आर टी ओ और डी टी ओ के माध्यम ऐसी इनमें,,,Female,,,Darbhanga,Bihar,,1lmrudQn96p1ft5Dkt9gj4RUj14nQY5o-,13-00094-02.mp3,metadata,Darbhanga,Bihar,citizen_grievance,substantive,"[{'domain': 'Rural Roads & Physical Connectivity', 'theme': 'Road Connectivity & Bridge Infrastructure', 'issue': 'Dilapidated Roads, Potholes & Missing Culverts', 'confidence': 0.91}, {'domain': 'Governance & Social Entitlements', 'theme': 'Law, Order & Public Safety', 'issue': 'Police Responsiveness & Thana Grievance Redressal', 'confidence': 0.89}]",['infrastructure_damage'],[],[],Darbhanga police and transport authorities have launched an advisory to streamline municipal traffic management.
13-00133-01,./Audio/13-00133-01.mp3,हमारे मोबइलवाणी के माध्यम ऐसी कहते हैं की मुंगेर के मांझी टोला में करीब सौ बच्चों के बीच कापियों और पेंसिल का वितरण किया गया इस ऐसी बच्चों के चेहरे पर,Bihari,Adult,Female,,Happy,Munger,Bihar,audio_jump,1P6OOMw7Gkcv9ZZU_shOG-l5HSn6SCmie,13-00133-01.mp3,metadata,Munger,Bihar,platform_broadcast_bumper,not_applicable,[],[],[],[],Community caller report regarding local condition: 'हमारे मोबइलवाणी के माध्यम ऐसी कहते हैं की मुंगेर के मांझी टोला में करीब सौ बच्चों के बीच कापियों और पेंसिल का वितरण किया गया इस ऐसी बच्चों के चेहरे पर'
13-00139-03,./Audio/13-00139-03.mp3,वौइस् ऐसी ट्रैफिक व्यवस्था को दुरुस्त कराने के लिए दरभंगा पुलिसने एक आप लांच किया है पुलिस प्रशासन आर टी ओ और डी टी ओ के माध्यम ऐसी इनमे,,,Female,,,Darbhanga,Bihar,,18a_uUXeLY6cBmPbsd7WsMHeSnsGrsQTL,13-00139-03.mp3,metadata,Darbhanga,Bihar,citizen_grievance,substantive,"[{'domain': 'Rural Roads & Physical Connectivity', 'theme': 'Road Connectivity & Bridge Infrastructure', 'issue': 'Dilapidated Roads, Potholes & Missing Culverts', 'confidence': 0.91}, {'domain': 'Governance & Social Entitlements', 'theme': 'Law, Order & Public Safety', 'issue': 'Police Responsiveness & Thana Grievance Redressal', 'confidence': 0.89}]",['infrastructure_damage'],[],[],Community caller report regarding local condition: 'वौइस् ऐसी ट्रैफिक व्यवस्था को दुरुस्त कराने के लिए दरभंगा पुलिसने एक आप लांच किया है पुलिस प्रशासन आर टी ओ और डी टी ओ के माध्यम ऐसी इनमे'
13-00149-02,./Audio/13-00149-02.mp3,और ऐसे ही बड़ी खबरों के लिए सुनते रहे मधुवनी मोबइलवाणी धन्यवाद,,Adult,Female,,,Madhubani,Bihar,,1O-U6Lj_SH89eyEfvmdHohkZgLdmxRVYj,13-00149-02.mp3,metadata,Madhubani,Bihar,platform_broadcast_bumper,not_applicable,[],[],[],[],Community caller report regarding local condition: 'और ऐसे ही बड़ी खबरों के लिए सुनते रहे मधुवनी मोबइलवाणी धन्यवाद'
13-00154-04,./Audio/13-00154-04.mp3,धन्यवाद साथियों में मधु लेकर आई हूँ शाम की सुर्खिया,,Adult,Female,Music,,Munger,Bihar,,1hG890zre7ZEUzOLwbhXWauOI8M6RF9HI,13-00154-04.mp3,metadata,Munger,Bihar,platform_broadcast_bumper,not_applicable,[],[],[],[],"Thank you friends, bringing you the evening news headlines."
13-00154-06,./Audio/13-00154-06.mp3,दिखेगा श्वेत धवल चांदनी बिखेरने वाला चाँद आज सुर्ख लाल नज़र आयेगा इस पूरी खगोलीय घटना को किसी खास उपकरण का इस्तेमाल,,Adult,Female,,,Munger,Bihar,,1eT8p6ziOvYLyOHvK6JAbYDFJkThtFTnB,13-00154-06.mp3,metadata,Munger,Bihar,platform_broadcast_bumper,not_applicable,[],[],[],[],Community caller report regarding local condition: 'दिखेगा श्वेत धवल चांदनी बिखेरने वाला चाँद आज सुर्ख लाल नज़र आयेगा इस पूरी खगोलीय घटना को किसी खास उपकरण का इस्तेमाल'
13-00241-03,./Audio/13-00241-03.mp3,के बहुत ऐसी बच्चे और महिलायें आज भी इस तकनीकी युग में भी अशिक्षित है हालाँकि परिवार अपने बच्चों के भविष्य को देखते हुए शहर का रुख कर रहे है,Bihari,Adult,Male,,,Madhubani,Bihar,inaudible,1QRu4-E4DbezzHPohi9pKxWWwb9MnyYi7,13-00241-03.mp3,metadata,Madhubani,Bihar,platform_broadcast_bumper,not_applicable,[],[],[],[],Community caller report regarding local condition: 'के बहुत ऐसी बच्चे और महिलायें आज भी इस तकनीकी युग में भी अशिक्षित है हालाँकि परिवार अपने बच्चों के भविष्य को देखते हुए शहर का रुख कर रहे है'
13-00241-04,./Audio/13-00241-04.mp3,शिक्षा मित्र के रूप में जो अप्रशिक्षित शिक्षकों की बहाली हुई थी वही आज भी शिक्षक बने हुए है जो बच्चों को अच्छी शिक्षा देने में असमर्थ है,Bihari,Adult,Male,,,Madhubani,Bihar,,1jDy0lqjz5P4HuQVfEHMVbBvMNysGAvyV,13-00241-04.mp3,metadata,Madhubani,Bihar,citizen_grievance,substantive,"[{'domain': 'Education & Learning', 'theme': 'School Staffing & Basic Infrastructure', 'issue': 'Teacher Shortage & Teacher Absenteeism', 'confidence': 0.87}]",['absenteeism'],[],[],"Untrained para-teachers appointed years ago as Shiksha Mitras remain in schools, unable to deliver quality education to children."
13-00241-05,./Audio/13-00241-05.mp3,साथ ही स्कूलों के जर्जर भवनों ऐसी हमेशा खतरा बना रहता है पठन पठन सामग्री का नहीं होना तथा मध्य भोजन के देख रेख में अनियमित्ता बरतने ऐसी,Bihari,Adult,Male,,,Madhubani,Bihar,,1zlZcE_b8xs7NdJbG0RCVsdZ2dp68cM1h,13-00241-05.mp3,metadata,Madhubani,Bihar,citizen_grievance,substantive,"[{'domain': 'Education & Learning', 'theme': 'School Staffing & Basic Infrastructure', 'issue': 'School Building Safety, Classrooms & Basic Amenities', 'confidence': 0.86}]",['infrastructure_damage'],[],[],Dilapidated school buildings pose a constant danger; lack of learning materials and irregularities in the Mid-Day Meal scheme continue.
13-00241-06,./Audio/13-00241-06.mp3,बच्चों का भविष्य अंधकारमय हो गया है धन्यवाद,Bihari,Adult,Male,,,Madhubani,Bihar,,1Gb1LRvXjbjvRlA3ftrmDyX_1v5r8sxC3,13-00241-06.mp3,metadata,Madhubani,Bihar,platform_broadcast_bumper,not_applicable,[],[],[],[],Community caller report regarding local condition: 'बच्चों का भविष्य अंधकारमय हो गया है धन्यवाद'
13-00242-04,./Audio/13-00242-04.mp3,आरोप पुलिस के हट कोई सफलता नही मिली,Bihari,Adult,Male,,,Samastipur,Bihar,,1fWMigCrCm3xwOOikXoUQhyURCHD4fUzp,13-00242-04.mp3,metadata,Samastipur,Bihar,citizen_grievance,substantive,"[{'domain': 'Rural Roads & Physical Connectivity', 'theme': 'Road Connectivity & Bridge Infrastructure', 'issue': 'Dilapidated Roads, Potholes & Missing Culverts', 'confidence': 0.91}, {'domain': 'Governance & Social Entitlements', 'theme': 'Law, Order & Public Safety', 'issue': 'Police Responsiveness & Thana Grievance Redressal', 'confidence': 0.89}]",['infrastructure_damage'],[],[],Community caller report regarding local condition: 'आरोप पुलिस के हट कोई सफलता नही मिली'
13-00243-02,./Audio/13-00243-02.mp3,नमस्कार मुजफ्फरपुर मोबइलवाणी में आपका स्वागत है खुरनी ऐसी में नवीन कुमार अंकी गाँव में घर का निर्माण करा रहे है गाँव के ही,,Adult,Male,,,Muzaffarpur,Bihar,inaudible,1TEn8-ZsX_nHZG9-sy85q5-h-4wj3qOJ1,13-00243-02.mp3,metadata,Muzaffarpur,Bihar,platform_broadcast_bumper,not_applicable,[],[],[],[],Community caller report regarding local condition: 'नमस्कार मुजफ्फरपुर मोबइलवाणी में आपका स्वागत है खुरनी ऐसी में नवीन कुमार अंकी गाँव में घर का निर्माण करा रहे है गाँव के ही'
13-00243-03,./Audio/13-00243-03.mp3,"कुछ लोगो ने ['मारपीट', 'कर'] घायल कर दिया घायल परिवार खुरनी पी जी एस सी में कराया गया वही इस मामले को लेकर चार लोगो के खिलाफ नामजद प्राथमिकी दर्ज कराई",,Adult,Male,,,Muzaffarpur,Bihar,inaudible,1p-raaGOh6Xo3Dt4vhF2ZL-j7MDVhny59,13-00243-03.mp3,metadata,Muzaffarpur,Bihar,platform_broadcast_bumper,not_applicable,[],[],[],[],"Community caller report regarding local condition: 'कुछ लोगो ने ['मारपीट', 'कर'] घायल कर दिया घायल परिवार खुरनी पी जी एस सी में कराया गया वही इस मामले को लेकर चार लोगो के खिलाफ नामजद प्राथमिकी दर्ज कराई'"
13-00243-04,./Audio/13-00243-04.mp3,दर्ज कराई है अध्यक्ष अमन अशरफ ने बताया की प्राथमिकी दर्ज कर कार्यवाही शुरू कर दी गयी है,,Adult,Male,,,Muzaffarpur,Bihar,inaudible,1u59HeNXCtWW7seJANbPpRi4RnoxqOhPk,13-00243-04.mp3,metadata,Muzaffarpur,Bihar,platform_broadcast_bumper,not_applicable,[],[],[],[],Community caller report regarding local condition: 'दर्ज कराई है अध्यक्ष अमन अशरफ ने बताया की प्राथमिकी दर्ज कर कार्यवाही शुरू कर दी गयी है'
13-00243-05,./Audio/13-00243-05.mp3,समस्तीपुर मोबइलवाणी ऐसी में संजय कुमार बबलू बिहार मोबइलवाणी के लिए लाया हूँ समस्तीपुर बिहार में बड़े पैमाने आरोप नकली बातों की तस्करी,Bihari,Adult,Male,,,Samastipur,Bihar,,1OQYm5UcPjgkT-QchLrh_054B792NCW1W,13-00243-05.mp3,metadata,Samastipur,Bihar,platform_broadcast_bumper,not_applicable,[],[],[],[],Community caller report regarding local condition: 'समस्तीपुर मोबइलवाणी ऐसी में संजय कुमार बबलू बिहार मोबइलवाणी के लिए लाया हूँ समस्तीपुर बिहार में बड़े पैमाने आरोप नकली बातों की तस्करी'
13-00243-06,./Audio/13-00243-06.mp3,की तस्करी हो रही है और इस तस्करी समस्तीपुर जिला भी अछुता नहीं है ये नोट पडोसी देश ऐसी छपकर बिहार के रस्ते आ रहे है,Bihari,Adult,Male,,,Samastipur,Bihar,,1ir0ZF3F683NvNJNyO3qcB5jjBiEj3cdZ,13-00243-06.mp3,metadata,Samastipur,Bihar,platform_broadcast_bumper,not_applicable,[],[],[],[],Community caller report regarding local condition: 'की तस्करी हो रही है और इस तस्करी समस्तीपुर जिला भी अछुता नहीं है ये नोट पडोसी देश ऐसी छपकर बिहार के रस्ते आ रहे है'
13-00244-02,./Audio/13-00244-02.mp3,समस्तीपुर प्रशासन नकली बातों की रोक के लिए काफी सक्रिय दिख रही है जैसे की वो पिछले पाँच वर्ष के दौरान,,Adult,Male,,,Samastipur,Bihar,,1YsMOr2TlBCbzFvyejRFgKnuHuH27sgzv,13-00244-02.mp3,metadata,Samastipur,Bihar,platform_broadcast_bumper,not_applicable,[],[],[],[],Community caller report regarding local condition: 'समस्तीपुर प्रशासन नकली बातों की रोक के लिए काफी सक्रिय दिख रही है जैसे की वो पिछले पाँच वर्ष के दौरान'
13-00244-03,./Audio/13-00244-03.mp3,बिहार राज में जाली नोट के दस बड़े मामले पकड़े गए है चार करोड़ पचीस लाख जाली नोट बरामद किये गए है और सत्रह तसकर भी पकड़े गए है,Bihari,Adult,Male,,,Samastipur,Bihar,,1nQVqp_ca-hjVlgL6JxM8bBKSDywXdpt3,13-00244-03.mp3,metadata,Samastipur,Bihar,platform_broadcast_bumper,not_applicable,[],[],[],[],Community caller report regarding local condition: 'बिहार राज में जाली नोट के दस बड़े मामले पकड़े गए है चार करोड़ पचीस लाख जाली नोट बरामद किये गए है और सत्रह तसकर भी पकड़े गए है'
13-00244-04,./Audio/13-00244-04.mp3,खुफिया और सुरक्षा एजेंसियों की लगातार चौकीदारी है नेपाल बिहार सीमा आरोप एस एस बी को ज्यादा अलर्ट कर दिया गया है और आने जाने वालों को,Bihari,Adult,Male,,,Samastipur,Bihar,,1zXNda1WiUf6heiK7mHWtpULVLaFKHWt9,13-00244-04.mp3,metadata,Samastipur,Bihar,citizen_grievance,substantive,"[{'domain': 'Energy & Rural Electrification', 'theme': 'Electricity Supply & Power Grid Stability', 'issue': 'Frequent Power Outages, Low Voltage & Burnt Transformers', 'confidence': 0.92}]",['infrastructure_damage'],[],[],Community caller report regarding local condition: 'खुफिया और सुरक्षा एजेंसियों की लगातार चौकीदारी है नेपाल बिहार सीमा आरोप एस एस बी को ज्यादा अलर्ट कर दिया गया है और आने जाने वालों को'
13-00244-05,./Audio/13-00244-05.mp3,ठीक ऐसी तालाश के लिए की गयी है,Bihari,Adult,Male,,,Samastipur,Bihar,,13eKpCjiMLnIZWXkvvOuRo62z2qP-O87g,13-00244-05.mp3,metadata,Samastipur,Bihar,platform_broadcast_bumper,not_applicable,[],[],[],[],Community caller report regarding local condition: 'ठीक ऐसी तालाश के लिए की गयी है'
13-00244-06,./Audio/13-00244-06.mp3,बिहार मोबइल वाणी के लिए मैं समस्तीपुर मोबइल वाणी से संजय कुमार बबलू समस्तीपुर में,Bihari,Adult,Male,,,Samastipur,Bihar,,1MxcC4DGAAz_CEfp6SDOXIVMjHtDlYW1y,13-00244-06.mp3,metadata,Samastipur,Bihar,platform_broadcast_bumper,not_applicable,[],[],[],[],Community caller report regarding local condition: 'बिहार मोबइल वाणी के लिए मैं समस्तीपुर मोबइल वाणी से संजय कुमार बबलू समस्तीपुर में'
13-00246-03,./Audio/13-00246-03.mp3,ऐसी घर लौट रहा था हरकपुर चौक ऐसी कुछ आगे बढ़ने के बाद तीन अज्ञात अपराधियों ने पीछे ऐसी ओवरटेक कर चाभी छीनकर फ़ेंक दिया,,Adult,Male,,,Samastipur,Bihar,,1iqsuNkxDGHAIpIuAi8E-e2FiGsjfhYfa,13-00246-03.mp3,metadata,Samastipur,Bihar,platform_broadcast_bumper,not_applicable,[],[],[],[],Community caller report regarding local condition: 'ऐसी घर लौट रहा था हरकपुर चौक ऐसी कुछ आगे बढ़ने के बाद तीन अज्ञात अपराधियों ने पीछे ऐसी ओवरटेक कर चाभी छीनकर फ़ेंक दिया'
13-00246-05,./Audio/13-00246-05.mp3,थाना अध्यक्ष राजकमल किशोर कुमार का कहना है की पोस्त्मार्तम कराकर शव को परिजनों को सौप दिया गया है और अपराधियों की तलाश की जा रही है,,Adult,Male,,,Samastipur,Bihar,,1hIMZJ1PyZ56k8k8jSHl8e9CsbM37Evzo,13-00246-05.mp3,metadata,Samastipur,Bihar,citizen_grievance,substantive,"[{'domain': 'Governance & Social Entitlements', 'theme': 'Law, Order & Public Safety', 'issue': 'Police Responsiveness & Thana Grievance Redressal', 'confidence': 0.89}]",['non_responsiveness'],[],[],Community caller report regarding local condition: 'थाना अध्यक्ष राजकमल किशोर कुमार का कहना है की पोस्त्मार्तम कराकर शव को परिजनों को सौप दिया गया है और अपराधियों की तलाश की जा रही है'
13-00246-06,./Audio/13-00246-06.mp3,घटना के परिजनों का रो रोकर बुरा हाल है मृतक' की पत्नी देवयानी कुमारी पेशे ऐसी शिक्षिका है मृतक' की पुत्री सुहानी भारतीय अनुराग भारती,,Adult,Male,,,Samastipur,Bihar,inaudible,1LPQ2bawNjyLIXxExIUen58jJLEFWdNrc,13-00246-06.mp3,metadata,Samastipur,Bihar,platform_broadcast_bumper,not_applicable,[],[],[],[],Community caller report regarding local condition: 'घटना के परिजनों का रो रोकर बुरा हाल है मृतक' की पत्नी देवयानी कुमारी पेशे ऐसी शिक्षिका है मृतक' की पुत्री सुहानी भारतीय अनुराग भारती'
13-00247-02,./Audio/13-00247-02.mp3,मैं दिलीप पांडे जमुई,Bihari,Adult,Male,,,Jamui,Bihar,audio_jump,14EJ1V3dcptABpsiVJfGGv8XCsjgDlaUa,13-00247-02.mp3,metadata,Jamui,Bihar,platform_broadcast_bumper,not_applicable,[],[],[],[],Community caller report regarding local condition: 'मैं दिलीप पांडे जमुई'
13-00247-06,./Audio/13-00247-06.mp3,यह बहुत अच्छी सेवा हैं जिससे हर व्यक्ति पसंद कर रहे हैं जम्मुई जिले के धन्यवाद दिलीप पांडे जमुई खैरा ऐसी मोबइलवाणी ऐसी धन्यवाद,Bihari,Adult,Male,,,Jamui,Bihar,,1C35AqmBSTAJaIr5_wqQdmQXcPiPtnWrS,13-00247-06.mp3,metadata,Jamui,Bihar,platform_broadcast_bumper,not_applicable,[],[],[],[],Community caller report regarding local condition: 'यह बहुत अच्छी सेवा हैं जिससे हर व्यक्ति पसंद कर रहे हैं जम्मुई जिले के धन्यवाद दिलीप पांडे जमुई खैरा ऐसी मोबइलवाणी ऐसी धन्यवाद'
13-00252-01,./Audio/13-00252-01.mp3,नमस्कार धनबाद मोबाइल मीडिया ऐसी आज जागरण ऐसी सभी लोगों को आकर्षित हैं भक्तों में पूरी धूम मछी हुई हैं माँ दुर्गा की कृपा ऐसी धन्यवाद,Accent_unknown,Adult,Male,,Happy,Dhanbad,Jharkhand,inaudible,1mIF--Mcb2F1XgGtcAns0e4wEY0IvDh3U,13-00252-01.mp3,metadata,Dhanbad,Jharkhand,platform_broadcast_bumper,not_applicable,[],[],[],[],Community caller report regarding local condition: 'नमस्कार धनबाद मोबाइल मीडिया ऐसी आज जागरण ऐसी सभी लोगों को आकर्षित हैं भक्तों में पूरी धूम मछी हुई हैं माँ दुर्गा की कृपा ऐसी धन्यवाद'
13-00252-02,./Audio/13-00252-02.mp3,नमस्कार धनबाद मोबाइल शाजहाँ तारा तोपचाँची अट्ठाईस पंचायत,Accent_unknown,Adult,Male,,,Dhanbad,Jharkhand,"audio_jump,inaudible",1PpYSJ3ZHaHEWNW3_dyzlYIQT20h7T9Bw,13-00252-02.mp3,metadata,Dhanbad,Jharkhand,citizen_grievance,substantive,"[{'domain': 'Energy & Rural Electrification', 'theme': 'Electricity Supply & Power Grid Stability', 'issue': 'Frequent Power Outages, Low Voltage & Burnt Transformers', 'confidence': 0.92}]",['infrastructure_damage'],[],[],Community caller report regarding local condition: 'नमस्कार धनबाद मोबाइल शाजहाँ तारा तोपचाँची अट्ठाईस पंचायत'
13-00252-06,./Audio/13-00252-06.mp3,नमस्कार चंपारण मोबइलवाणी ऐसी भागलपुर ऐसी कुबेर पांडे अभिनन्दन प्रखंड के हेतु पूजा पंडालो में भगवती महा गौरी की पूजा बहुत ही भक्ति भाव ऐसी किया गया,Accent_unknown,Adult,Male,,Happy,Bhagalpur,Bihar,audio_jump,1gEC83zchaLCPXQkfDm2SthzkzaV90OG_,13-00252-06.mp3,metadata,Bhagalpur,Bihar,platform_broadcast_bumper,not_applicable,[],[],[],[],Community caller report regarding local condition: 'नमस्कार चंपारण मोबइलवाणी ऐसी भागलपुर ऐसी कुबेर पांडे अभिनन्दन प्रखंड के हेतु पूजा पंडालो में भगवती महा गौरी की पूजा बहुत ही भक्ति भाव ऐसी किया गया'
13-00254-01,./Audio/13-00254-01.mp3,परन्तु यह सरकार ने जिस जब प्रथम बार बने थे तो कुछ नम्बर समय सडकों का बिछा जाने लगा था था लेकिन आज,Lucknowi,Adult,Male,,,Lucknow,Uttar_pradesh,"audio_jump,inaudible",1xCtgAq2sgDH0ukSQWtQpvkLp3Xiz7gY0,13-00254-01.mp3,metadata,Lucknow,Uttar_pradesh,platform_broadcast_bumper,not_applicable,[],[],[],[],Community caller report regarding local condition: 'परन्तु यह सरकार ने जिस जब प्रथम बार बने थे तो कुछ नम्बर समय सडकों का बिछा जाने लगा था था लेकिन आज'
13-00254-03,./Audio/13-00254-03.mp3,आज ऐसा क्या हो गया की सड़कों की गुलदस्ता घाट गयी हैं जैसे तैसे संहिता द्वारा काली की वो ज़रूरी नहीं समझती,Lucknowi,Adult,Male,,,Lucknow,Uttar_pradesh,inaudible,1hx9M7E3aHmsivYE6RuxLJtkbzNbkToI_,13-00254-03.mp3,metadata,Lucknow,Uttar_pradesh,platform_broadcast_bumper,not_applicable,[],[],[],[],Community caller report regarding local condition: 'आज ऐसा क्या हो गया की सड़कों की गुलदस्ता घाट गयी हैं जैसे तैसे संहिता द्वारा काली की वो ज़रूरी नहीं समझती'
13-00254-06,./Audio/13-00254-06.mp3,उखाड़ रहा हैं सरकार के मंत्री संवेदक तक ज़रूरी हैं कोई देखने वाला नहीं हैं,Lucknowi,Adult,Male,,,Lucknow,Uttar_pradesh,inaudible,1q_znXztY1LfJR5aJxHk3mkJ9K8LSKPAZ,13-00254-06.mp3,metadata,Lucknow,Uttar_pradesh,platform_broadcast_bumper,not_applicable,[],[],[],[],Community caller report regarding local condition: 'उखाड़ रहा हैं सरकार के मंत्री संवेदक तक ज़रूरी हैं कोई देखने वाला नहीं हैं'
13-00292-02,./Audio/13-00292-02.mp3,राष्ट्रीय हैण्ड बॉल के लिए किया गया था जिसमे केंद्रीय विद्द्यालय जमालपुर के बच्चों ने भग लिया था शाम में बचे जमालपुर लौट अये हैं तथा यहाँ,Bihari,Adult,Male,,Happy,Munger,Bihar,audio_jump,1hzC-AlOdklvMH_g7kYVbpr1i86oT1Egp,13-00292-02.mp3,metadata,Munger,Bihar,platform_broadcast_bumper,not_applicable,[],[],[],[],Community caller report regarding local condition: 'राष्ट्रीय हैण्ड बॉल के लिए किया गया था जिसमे केंद्रीय विद्द्यालय जमालपुर के बच्चों ने भग लिया था शाम में बचे जमालपुर लौट अये हैं तथा यहाँ'
13-00309-01,./Audio/13-00309-01.mp3,में राजीव कुमार ठाकुर जिला मुंगेर मुंगेर की आवाज़ ऐसी शहर को दो चरणों में किया जायेगा अतिक्रमण मुक्त मुंगेर जिला में अतिक्रमण मुक्त करने के लिए शहर में दो चरणों में,Accent_unknown,Adult,Male,,,Munger,Bihar,audio_jump,1eUaddwAW5I0yO4nYJ6tqPT8B5ns88n5m,13-00309-01.mp3,metadata,Munger,Bihar,platform_broadcast_bumper,not_applicable,[],[],[],[],Community caller report regarding local condition: 'में राजीव कुमार ठाकुर जिला मुंगेर मुंगेर की आवाज़ ऐसी शहर को दो चरणों में किया जायेगा अतिक्रमण मुक्त मुंगेर जिला में अतिक्रमण मुक्त करने के लिए शहर में दो चरणों में'
13-00362-02,./Audio/13-00362-02.mp3,नमस्कार मुंगेर की आवाज में आपका स्वागत है में विपिन कुमार जिला मुंगेर ऐसी दीपावली और आतिशबाजी आज पुरे बिहार में दीपावली आरोप खूब आतिशबाजी होती है,Bihari,Adult,Male,,,Munger,Bihar,,1JKPYWQIOeNTyonfRYM5dNYZ_smX9xn18,13-00362-02.mp3,metadata,Munger,Bihar,platform_broadcast_bumper,not_applicable,[],[],[],[],Community caller report regarding local condition: 'नमस्कार मुंगेर की आवाज में आपका स्वागत है में विपिन कुमार जिला मुंगेर ऐसी दीपावली और आतिशबाजी आज पुरे बिहार में दीपावली आरोप खूब आतिशबाजी होती है'
13-00362-03,./Audio/13-00362-03.mp3,मगर पटाखे चलाना वर्तमान परिस्थिति में अपर्जैविक लगता है,Bihari,Adult,Male,,,Munger,Bihar,inaudible,1XzZar1LBaj2Vkb1d7Jt5IP0aUTgw-nSd,13-00362-03.mp3,metadata,Munger,Bihar,platform_broadcast_bumper,not_applicable,[],[],[],[],Community caller report regarding local condition: 'मगर पटाखे चलाना वर्तमान परिस्थिति में अपर्जैविक लगता है'
13-00362-04,./Audio/13-00362-04.mp3,निकाले प्रदूषण अनेक रोंगो को आमंत्रित कर रहे है और अनेक प्राकृतिक अपदाओ को झेल रहे है,Bihari,Adult,Male,,,Munger,Bihar,,1UwXgSGW_U4nay3owNyUpTqESd5HCOly_,13-00362-04.mp3,metadata,Munger,Bihar,platform_broadcast_bumper,not_applicable,[],[],[],[],Community caller report regarding local condition: 'निकाले प्रदूषण अनेक रोंगो को आमंत्रित कर रहे है और अनेक प्राकृतिक अपदाओ को झेल रहे है'
13-00362-06,./Audio/13-00362-06.mp3,शोर हो जाता है शोर शराबे से ध्वनी प्रदूषण लगता है ऐसे में क्या यह अच्छा न हो की हम इस खुशी के अवसर पर,Bihari,Adult,Male,,,Munger,Bihar,,1S0xUQa0ACEyvBf60z0T97VKLrCY0Zs0G,13-00362-06.mp3,metadata,Munger,Bihar,platform_broadcast_bumper,not_applicable,[],[],[],[],Community caller report regarding local condition: 'शोर हो जाता है शोर शराबे से ध्वनी प्रदूषण लगता है ऐसे में क्या यह अच्छा न हो की हम इस खुशी के अवसर पर'
13-00381-01,./Audio/13-00381-01.mp3,न तो किसान खेती कर प्रकार रहे है और न तो बच्चे अपने यहाँ बैठ के पढ़ाई कर प्रकार रहे है कमालपुर गाँव में हर बार की तरह इस बार भी दुर्घटनाओं में वृद्धि हुई है,Bihari,Adult,Male,,Serious,Dhalai,Bihar,,12a7tORHn-vqBRXxDE743RIYzbT01CoL6,13-00381-01.mp3,metadata,Dhalai,Bihar,platform_broadcast_bumper,not_applicable,[],[],[],[],Community caller report regarding local condition: 'न तो किसान खेती कर प्रकार रहे है और न तो बच्चे अपने यहाँ बैठ के पढ़ाई कर प्रकार रहे है कमालपुर गाँव में हर बार की तरह इस बार भी दुर्घटनाओं में वृद्धि हुई है'
13-00381-04,./Audio/13-00381-04.mp3,और यहाँ के इंसान ही पिछले तीन छह साल ऐसी दिवाली अंधेरे में ही माना रहे है उन्हें उजाले का तो नाम ही पता नहीं,Bihari,Adult,Male,,Serious,Dhalai,Bihar,,1Uxi9Ua6ZMd-dRnQbWAfFeaLte3aJbgqY,13-00381-04.mp3,metadata,Dhalai,Bihar,platform_broadcast_bumper,not_applicable,[],[],[],[],Community caller report regarding local condition: 'और यहाँ के इंसान ही पिछले तीन छह साल ऐसी दिवाली अंधेरे में ही माना रहे है उन्हें उजाले का तो नाम ही पता नहीं'
13-00381-05,./Audio/13-00381-05.mp3,इसलिए मेरा हमारी राज्य सरकार ऐसी विनम्र निवेदन है की आप जल्द ऐसी जल्द बिजली कारवाई जाए जिससे यहाँ आरोप रहने वाले हर इंसान अपनी,Bihari,Adult,Male,,Serious,Dhalai,Bihar,,1Etcfb6GPLeEKlObbWQI6Q0Xe8PjB8dpm,13-00381-05.mp3,metadata,Dhalai,Bihar,citizen_grievance,substantive,"[{'domain': 'Energy & Rural Electrification', 'theme': 'Electricity Supply & Power Grid Stability', 'issue': 'Frequent Power Outages, Low Voltage & Burnt Transformers', 'confidence': 0.92}]",['infrastructure_damage'],[],[],Community caller report regarding local condition: 'इसलिए मेरा हमारी राज्य सरकार ऐसी विनम्र निवेदन है की आप जल्द ऐसी जल्द बिजली कारवाई जाए जिससे यहाँ आरोप रहने वाले हर इंसान अपनी'
13-00381-06,./Audio/13-00381-06.mp3,जिंदगी का गुजरा अच्छे ऐसी कर सके धन्यवाद में अरविन्द सिंह,Bihari,Adult,Male,,Serious,Dhalai,Bihar,,1atmrTGCcRveCR4Fi_5OTU4r2Bw2Hj16c,13-00381-06.mp3,metadata,Dhalai,Bihar,platform_broadcast_bumper,not_applicable,[],[],[],[],Community caller report regarding local condition: 'जिंदगी का गुजरा अच्छे ऐसी कर सके धन्यवाद में अरविन्द सिंह'
13-00414-02,./Audio/13-00414-02.mp3,नमस्कार साथियों में बीरबल महतो धनबाद ऐसी में एक प्राइवेट स्कूल का शिक्षक हूँ में कल कारखाने ऐसी निकालने वाले धुआं के,,Adult,Male,,,Dhanbad,Jharkhand,audio_jump,1m0chbApZjd9dgUoUI2hk67NfXty29xft,13-00414-02.mp3,metadata,Dhanbad,Jharkhand,citizen_grievance,substantive,"[{'domain': 'Education & Learning', 'theme': 'School Staffing & Basic Infrastructure', 'issue': 'Teacher Shortage & Teacher Absenteeism', 'confidence': 0.87}]",['absenteeism'],[],[],Community caller report regarding local condition: 'नमस्कार साथियों में बीरबल महतो धनबाद ऐसी में एक प्राइवेट स्कूल का शिक्षक हूँ में कल कारखाने ऐसी निकालने वाले धुआं के'
13-00587-03,./Audio/13-00587-03.mp3,नमस्कार मित्रों में हीरालाल प्रमलिक जिला बोकारो जरिदीह हमारी सरकार ने जो गरीब,,Adult,Male,,Serious,Bokaro,Jharkhand,"inaudible,speaker_change",1BKr0nApSef-SXxBiIWmNwElosA2TFo18,13-00587-03.mp3,metadata,Bokaro,Jharkhand,platform_broadcast_bumper,not_applicable,[],[],[],[],Community caller report regarding local condition: 'नमस्कार मित्रों में हीरालाल प्रमलिक जिला बोकारो जरिदीह हमारी सरकार ने जो गरीब'
13-00645-01,./Audio/13-00645-01.mp3,तोपचाची प्रखंड ऐसी में धनबाद मोबाइल मीडिया रिपोर्टर रविन्द्र महतो भ्रष्टाचार समझ का बहुत बड़ा बीमारी बन चूका हैं,Accent_unknown,Adult,Male,,Sad,Dhanbad,Jharkhand,,1n8y3mgCP0NFGT8NNzSO72rD-NYhGiyR4,13-00645-01.mp3,metadata,Dhanbad,Jharkhand,platform_broadcast_bumper,not_applicable,[],[],[],[],Community caller report regarding local condition: 'तोपचाची प्रखंड ऐसी में धनबाद मोबाइल मीडिया रिपोर्टर रविन्द्र महतो भ्रष्टाचार समझ का बहुत बड़ा बीमारी बन चूका हैं'
13-00645-03,./Audio/13-00645-03.mp3,ऐसा भी नहीं की सबके सब भ्रष्ट हैं कुछ ईमानदार भी मिलते हैं जो एक पाने भी नहीं लेते,Accent_unknown,Adult,Male,,Sad,Dhanbad,Jharkhand,,1Uaik2KpNS1VOSqyLh32qauc4Z5e4N5_T,13-00645-03.mp3,metadata,Dhanbad,Jharkhand,platform_broadcast_bumper,not_applicable,[],[],[],[],Community caller report regarding local condition: 'ऐसा भी नहीं की सबके सब भ्रष्ट हैं कुछ ईमानदार भी मिलते हैं जो एक पाने भी नहीं लेते'
13-00657-01,./Audio/13-00657-01.mp3,तीन सौ रुपया भरा जुर्माना एक एस गारी के समग्र मध्य प्रदेश के सेहोर जिले ऐसी पंचायत आदिवासी ग्राम पंचायत कोटा ऐसी,,Adult,Male,,,Kota,Rajasthan,,1xaRoci9uqCytTZgMVxYb7oi0bOfmWcp_,13-00657-01.mp3,metadata,Kota,Rajasthan,citizen_grievance,substantive,"[{'domain': 'Governance & Social Entitlements', 'theme': 'Public Distribution System (PDS) & Food Security', 'issue': 'PDS Ration Under-weighing & Irregular Distribution', 'confidence': 0.93}]",['corruption_or_under_weighing'],[],[],Community caller report regarding local condition: 'तीन सौ रुपया भरा जुर्माना एक एस गारी के समग्र मध्य प्रदेश के सेहोर जिले ऐसी पंचायत आदिवासी ग्राम पंचायत कोटा ऐसी'
13-00657-02,./Audio/13-00657-02.mp3,तत्पर्स्यासी कानून बनाया जो व्यक्ति गाँव में गुटका दारू,,Adult,Male,,,Kota,Rajasthan,,1_bBffmaMAUkIk0K7wFQ5c1N_USFs6XpD,13-00657-02.mp3,metadata,Kota,Rajasthan,platform_broadcast_bumper,not_applicable,[],[],[],[],Community caller report regarding local condition: 'तत्पर्स्यासी कानून बनाया जो व्यक्ति गाँव में गुटका दारू'
13-00657-03,./Audio/13-00657-03.mp3,गली गलोच आदि का सेवन करते हुए या गली देते हुए पकड़ा जाता है उसपर पंचायत ने जुर्माना रखा है यह रास्ता,,Adult,Male,,,Kota,Rajasthan,,1zdCaZQNha9J-LFGiU0tZmOiBOEvv_JtM,13-00657-03.mp3,metadata,Kota,Rajasthan,citizen_grievance,substantive,"[{'domain': 'Rural Roads & Physical Connectivity', 'theme': 'Road Connectivity & Bridge Infrastructure', 'issue': 'Dilapidated Roads, Potholes & Missing Culverts', 'confidence': 0.91}]",['infrastructure_damage'],[],[],Community caller report regarding local condition: 'गली गलोच आदि का सेवन करते हुए या गली देते हुए पकड़ा जाता है उसपर पंचायत ने जुर्माना रखा है यह रास्ता'
13-00697-02,./Audio/13-00697-02.mp3,एस बी गारी ने शुरू किया डिजिटल ड्राइव नमस्कार श्रोताओं में रिपोर्टर खुशी ललन धनबाद मोबाइल मीडिया ऐसी,Accent_unknown,Adult,Male,,,Dhanbad,Jharkhand,,1ujMlNI_oxSywWRV7vmJb544Ixbrvhq7L,13-00697-02.mp3,metadata,Dhanbad,Jharkhand,platform_broadcast_bumper,not_applicable,[],[],[],[],Community caller report regarding local condition: 'एस बी गारी ने शुरू किया डिजिटल ड्राइव नमस्कार श्रोताओं में रिपोर्टर खुशी ललन धनबाद मोबाइल मीडिया ऐसी'
13-00697-03,./Audio/13-00697-03.mp3,कैशलेस सोसाइटी की स्थापना के लिए एस बी गारी ने पन्द्रह डेविसस का डिजिटल ड्राइव चला रखा हैं इस स्पेशल ड्राइव के तहत क्षेत्रीय व्यवसाय कार्यालय के,Accent_unknown,Adult,Male,,,Dhanbad,Jharkhand,audio_jump,1PgDRenrPcxkwjsDNGbC0gTOI1zEH0-rL,13-00697-03.mp3,metadata,Dhanbad,Jharkhand,platform_broadcast_bumper,not_applicable,[],[],[],[],Community caller report regarding local condition: 'कैशलेस सोसाइटी की स्थापना के लिए एस बी गारी ने पन्द्रह डेविसस का डिजिटल ड्राइव चला रखा हैं इस स्पेशल ड्राइव के तहत क्षेत्रीय व्यवसाय कार्यालय के'
01-00235-03,./Audio/01-00235-03.mp3,प्रखंड हुआ के सभी कर निगम मौजूद थे उपयुक्त जानकारी जीपीएस मृत्युंजय कुमार ने बोकारो मोबाइल मीडिया को दी है,,Adult,Male,,,Bokaro,Jharkhand,inaudible,1bm4S9AeIjzbQ_prDJhItXsmnFz8ulVKK,01-00235-03.mp3,metadata,Bokaro,Jharkhand,platform_broadcast_bumper,not_applicable,[],[],[],[],Community caller report regarding local condition: 'प्रखंड हुआ के सभी कर निगम मौजूद थे उपयुक्त जानकारी जीपीएस मृत्युंजय कुमार ने बोकारो मोबाइल मीडिया को दी है'
01-01273-03,./Audio/01-01273-03.mp3,जयनगर ऐसी पुरे तक जाती हाँ,Bihari,Adult,Male,,Serious,Darbhanga,Bihar,,11Rn3gqO0o12FwfFMfELw59DWTHFPonEA,01-01273-03.mp3,metadata,Darbhanga,Bihar,platform_broadcast_bumper,not_applicable,[],[],[],[],Community caller report regarding local condition: 'जयनगर ऐसी पुरे तक जाती हाँ'
01-01726-03,./Audio/01-01726-03.mp3,नमस्कार में रूपा देवी रांची झारखण्ड से झारखण्ड मोबाइल वाणी में में यह कहना चाहती हूँ आज जो हम लोग जो अभी,,Adult,Female,,,Ranchi,Jharkhand,,1ysKqf9Npr80FGfZoHLfweBT3KLOG2adK,01-01726-03.mp3,metadata,Ranchi,Jharkhand,platform_broadcast_bumper,not_applicable,[],[],[],[],Community caller report regarding local condition: 'नमस्कार में रूपा देवी रांची झारखण्ड से झारखण्ड मोबाइल वाणी में में यह कहना चाहती हूँ आज जो हम लोग जो अभी'
01-01972-01,./Audio/01-01972-01.mp3,इसमें क्या मजबूर खनन के कारण हुई धनबाद की धरती खनन के कारण धरती हुई खोखली घर धस गए है दर्ज के लोग बंद गए है पगला और पगली,,Adult,Male,,,Dhanbad,Jharkhand,,1ZgDd2ESiY_zkiINesynVIuk0OcdxKUB_,01-01972-01.mp3,metadata,Dhanbad,Jharkhand,platform_broadcast_bumper,not_applicable,[],[],[],[],Community caller report regarding local condition: 'इसमें क्या मजबूर खनन के कारण हुई धनबाद की धरती खनन के कारण धरती हुई खोखली घर धस गए है दर्ज के लोग बंद गए है पगला और पगली'
01-01976-02,./Audio/01-01976-02.mp3,ध धन्यवाद डीएम रंगीला को ओर्दिनाटर बोकारो श्रोता संग झारखण्ड मोबाइल वाणी,,Adult,Male,,,Bokaro,Jharkhand,,1MdYGuVFQGY0ZxP_QpV95PP92BfhvqrL9,01-01976-02.mp3,metadata,Bokaro,Jharkhand,platform_broadcast_bumper,not_applicable,[],[],[],[],Community caller report regarding local condition: 'ध धन्यवाद डीएम रंगीला को ओर्दिनाटर बोकारो श्रोता संग झारखण्ड मोबाइल वाणी'
01-02255-01,./Audio/01-02255-01.mp3,हेलो नमस्कार धन्यवाद श्रोता संग में धनबाद ऐसी में बीरबल माथुर महुदा धनबाद,Accent_unknown,Adult,Male,,,Dhanbad,Jharkhand,,11HsworVVK_-gp6qcNavBcNTnp-WXlReS,01-02255-01.mp3,metadata,Dhanbad,Jharkhand,platform_broadcast_bumper,not_applicable,[],[],[],[],Community caller report regarding local condition: 'हेलो नमस्कार धन्यवाद श्रोता संग में धनबाद ऐसी में बीरबल माथुर महुदा धनबाद'
01-02255-02,./Audio/01-02255-02.mp3,ग्राम पंचायत ऐसी में यह कहना चाहता हूँ की झोला छाप डॉक्टरों ऐसी सावधान अवाम निकट के स्वास्थ्य केंद्र आरोप जाकर अपने बच्चों का इलाज कराए,Accent_unknown,Adult,Male,,,Dhanbad,Jharkhand,inaudible,111Q2uI6bIhR54ortRcWTHCTbm5paq-f_,01-02255-02.mp3,metadata,Dhanbad,Jharkhand,citizen_grievance,substantive,"[{'domain': 'Health & Nutrition', 'theme': 'Primary Healthcare Access & Facilities', 'issue': 'Doctor Absenteeism & Essential Drug Shortages', 'confidence': 0.88}]",['absenteeism'],[],[],Community caller report regarding local condition: 'ग्राम पंचायत ऐसी में यह कहना चाहता हूँ की झोला छाप डॉक्टरों ऐसी सावधान अवाम निकट के स्वास्थ्य केंद्र आरोप जाकर अपने बच्चों का इलाज कराए'
01-02255-03,./Audio/01-02255-03.mp3,वहाँ बहोत अच्छी दवाई मिलती है डॉक्टर भी सरकारी डॉक्टर अच्छे आके बैठते है अवाम इलाज किया जाता है,Accent_unknown,Adult,Male,,,Dhanbad,Jharkhand,,1HZV1uh1G8jHCL77Y0s4_8PoA3N6YZfhH,01-02255-03.mp3,metadata,Dhanbad,Jharkhand,citizen_grievance,substantive,"[{'domain': 'Health & Nutrition', 'theme': 'Primary Healthcare Access & Facilities', 'issue': 'Doctor Absenteeism & Essential Drug Shortages', 'confidence': 0.88}]",['absenteeism'],[],[],Community caller report regarding local condition: 'वहाँ बहोत अच्छी दवाई मिलती है डॉक्टर भी सरकारी डॉक्टर अच्छे आके बैठते है अवाम इलाज किया जाता है'
01-02614-03,./Audio/01-02614-03.mp3,झारखण्ड मोबाइल वाणी ऐसी सुनने वाले सभी श्रोताओ को में प्रेम प्रकाश कुमार बोकारो नवेदी ऐसी पुर्णतः,,Adult,Male,,,Bokaro,Jharkhand,inaudible,1ZPo3yKu_79morTqGodqIiC7L_53cV-Hp,01-02614-03.mp3,metadata,Bokaro,Jharkhand,platform_broadcast_bumper,not_applicable,[],[],[],[],Community caller report regarding local condition: 'झारखण्ड मोबाइल वाणी ऐसी सुनने वाले सभी श्रोताओ को में प्रेम प्रकाश कुमार बोकारो नवेदी ऐसी पुर्णतः'
01-02727-02,./Audio/01-02727-02.mp3,में प्रकाश कुमार पंचायत मीडिया रामगढ में बताना चाहता हूँ रामगढ क्षेत्र का रामगढ क्षेत्र का जो की एच वहाँ आरोप जिसमे,,Adult,Male,,,Ramgarh,Jharkhand,inaudible,1bpFvZSK2ujA-gMs8oY0uVFiCJdIhX0rA,01-02727-02.mp3,metadata,Ramgarh,Jharkhand,platform_broadcast_bumper,not_applicable,[],[],[],[],Community caller report regarding local condition: 'में प्रकाश कुमार पंचायत मीडिया रामगढ में बताना चाहता हूँ रामगढ क्षेत्र का रामगढ क्षेत्र का जो की एच वहाँ आरोप जिसमे'
01-02727-03,./Audio/01-02727-03.mp3,जिसमे ऐसी वहाँ मजदूरों न हरताल किया जिसमे ऐसी हरताल बहुत ही बड़ा रूपए ले लिया था जिसमे बैंकों को भी बंद रखा गया और कई सरकारों ने भग लिए,,Adult,Male,,,Ramgarh,Jharkhand,,1lb8i_6SsTvJag9qQAoJvi6J4PqVAywSn,01-02727-03.mp3,metadata,Ramgarh,Jharkhand,platform_broadcast_bumper,not_applicable,[],[],[],[],Community caller report regarding local condition: 'जिसमे ऐसी वहाँ मजदूरों न हरताल किया जिसमे ऐसी हरताल बहुत ही बड़ा रूपए ले लिया था जिसमे बैंकों को भी बंद रखा गया और कई सरकारों ने भग लिए'
01-02790-03,./Audio/01-02790-03.mp3,पटना के ऐतिहासिक गाँधी मेडम में अब नहीं होगी कारण चुनाव को देखते हुए आचार संहिता लग जाने के कारण जिला अधिकारी पटना ने इसकी इजाजत नहीं दी,,Adult,Male,,,Patna,Bihar,,1MSlpI7ol9DBwd0Ws00OeWJGjky1C9GsK,01-02790-03.mp3,metadata,Patna,Bihar,platform_broadcast_bumper,not_applicable,[],[],[],[],Community caller report regarding local condition: 'पटना के ऐतिहासिक गाँधी मेडम में अब नहीं होगी कारण चुनाव को देखते हुए आचार संहिता लग जाने के कारण जिला अधिकारी पटना ने इसकी इजाजत नहीं दी'
01-03508-02,./Audio/01-03508-02.mp3,एक दिन उसका मन लगा उसके निकाली घर ऐसी बाहर,,Adult,Female,,,Ranchi,Jharkhand,,1hU_T8FPGY0mzYsmYTroYplDp9-r7ixFj,01-03508-02.mp3,metadata,Ranchi,Jharkhand,citizen_grievance,substantive,"[{'domain': 'Employment, Livelihoods & Migration', 'theme': 'Labor Migration & Worker Welfare', 'issue': 'Distress Out-Migration for Work & Migrant Vulnerability', 'confidence': 0.9}]",['access_barrier'],[],[],Community caller report regarding local condition: 'एक दिन उसका मन लगा उसके निकाली घर ऐसी बाहर'
01-03508-03,./Audio/01-03508-03.mp3,जल्दी ऐसी वह आगे बड़ी चलता चलते चलते पहुँच गयी वह चंडीगढ़ चंडीगढ़ ऐसी जमशेद पुर जमशेदपुर ऐसी रामेश्वर रामेश्वर ऐसी फिर लौट आई वह अपने घर माँ ने पूछा विजय रानी कहा गयी थी बाहर विजय बोली कहीं नही माँ में तो थी घर के अन्दर घर के अन्दर विजय रानी कैसा है यह झूठ बाइकसवार,,Adult,Female,,,Ranchi,Jharkhand,inaudible,1TzVXygNaQCDWutrGqHG-6KSTIiqI8fc1,01-03508-03.mp3,metadata,Ranchi,Jharkhand,citizen_grievance,substantive,"[{'domain': 'Employment, Livelihoods & Migration', 'theme': 'Labor Migration & Worker Welfare', 'issue': 'Distress Out-Migration for Work & Migrant Vulnerability', 'confidence': 0.9}]",['access_barrier'],[],[],Community caller report regarding local condition: 'जल्दी ऐसी वह आगे बड़ी चलता चलते चलते पहुँच गयी वह चंडीगढ़ चंडीगढ़ ऐसी जमशेद पुर जमशेदपुर ऐसी रामेश्वर रामेश्वर ऐसी फिर लौट आई वह अपने घर माँ ने पूछा विजय रानी कहा गयी थी बाहर विजय बोली कहीं नही माँ में तो थी घर के अन्दर घर के अन्दर विजय रानी कैसा है यह झूठ बाइकसवार'
01-03700-03,./Audio/01-03700-03.mp3,फूलो पर मंडराती फिरती कलियों के संग सोती कभी घरो के भीतर जाकर बच्चों को ललचाती कभी वो मुझे पकड़ने चलते में बाहर उड़ जाती कभी गगन में उड़ती फिरती,,Adult,Male,,,Ranchi,Jharkhand,,1STkZLA8XpauTtr1jRtGH0IrfW7GiG0SO,01-03700-03.mp3,metadata,Ranchi,Jharkhand,citizen_grievance,substantive,"[{'domain': 'Employment, Livelihoods & Migration', 'theme': 'Labor Migration & Worker Welfare', 'issue': 'Distress Out-Migration for Work & Migrant Vulnerability', 'confidence': 0.9}]",['access_barrier'],[],[],Community caller report regarding local condition: 'फूलो पर मंडराती फिरती कलियों के संग सोती कभी घरो के भीतर जाकर बच्चों को ललचाती कभी वो मुझे पकड़ने चलते में बाहर उड़ जाती कभी गगन में उड़ती फिरती'
01-05026-03,./Audio/01-05026-03.mp3,खुटौना ऐसी चंदू नमस्कार श्रोताओं खुटौना जन प्रतिनिधियों की लापरवाही आज हम अपने अधिकारों के प्रति जीतने हैं,Bihari,Adult,Male,,,Madhubani,Bihar,inaudible,1JZanBV_xEhqd6x1Fn9eTyrlUDrb5Lgme,01-05026-03.mp3,metadata,Madhubani,Bihar,platform_broadcast_bumper,not_applicable,[],[],[],[],Community caller report regarding local condition: 'खुटौना ऐसी चंदू नमस्कार श्रोताओं खुटौना जन प्रतिनिधियों की लापरवाही आज हम अपने अधिकारों के प्रति जीतने हैं'
01-06863-02,./Audio/01-06863-02.mp3,नमस्कार आवाज मई आप का स्वागत है मई बिपिन कुमार जिला मुंगेर ऐसी मदरस डे के उपलक्ष मई आज हम लोग सभी मिल के लिए संकल्प ले की,Bihari,Adult,Male,,,Munger,Bihar,,18CdJkF2bFvatAT0OU7oTv36MnDkEhiSB,01-06863-02.mp3,metadata,Munger,Bihar,platform_broadcast_bumper,not_applicable,[],[],[],[],Community caller report regarding local condition: 'नमस्कार आवाज मई आप का स्वागत है मई बिपिन कुमार जिला मुंगेर ऐसी मदरस डे के उपलक्ष मई आज हम लोग सभी मिल के लिए संकल्प ले की'
01-07120-02,./Audio/01-07120-02.mp3,मेरा नाम निधि द्विवेदी है मैं ग्राम सोनवारी ज़िला सतना से बोल रही हूँ मैं महिला सशक्तिकरण के बारे में कुछ कहना चाहती हूँ सशक्तिकरण एक प्रक्रिया है,,Adult,Female,,,Satna,Madhya_pradesh,inaudible,1ct26QNls571EfFJPxYKGrwe8r-KM9133,01-07120-02.mp3,metadata,Satna,Madhya_pradesh,conversational_preliminary,not_applicable,[],[],[],[],Community caller report regarding local condition: 'मेरा नाम निधि द्विवेदी है मैं ग्राम सोनवारी ज़िला सतना से बोल रही हूँ मैं महिला सशक्तिकरण के बारे में कुछ कहना चाहती हूँ सशक्तिकरण एक प्रक्रिया है'
01-08761-02,./Audio/01-08761-02.mp3,नमस्कार मई प्रखंड ऐसी आज दिनांक अट्ठाईस साथ दो हजार अठारह को प्रखंड के अंतर्गत झिबुली पंचायत,Bihari,Adult,Male,,,Buldhana,Bihar,,1VPBKQ29f8tRFkeA_nwYMZXsk-V5wom0c,01-08761-02.mp3,metadata,Buldhana,Bihar,platform_broadcast_bumper,not_applicable,[],[],[],[],Community caller report regarding local condition: 'नमस्कार मई प्रखंड ऐसी आज दिनांक अट्ठाईस साथ दो हजार अठारह को प्रखंड के अंतर्गत झिबुली पंचायत'
01-09464-01,./Audio/01-09464-01.mp3,संचालित की जा रही है यह परीक्षा छह अगस्त तक चलेगी मजरुल हक विश्वविद्द्यालय की इस परीक्षा में,,Adult,Male,,,Darbhanga,Bihar,,1Kyrbl3grA38_Px36Wq3q-jPutchrd9xJ,01-09464-01.mp3,metadata,Darbhanga,Bihar,platform_broadcast_bumper,not_applicable,[],[],[],[],Community caller report regarding local condition: 'संचालित की जा रही है यह परीक्षा छह अगस्त तक चलेगी मजरुल हक विश्वविद्द्यालय की इस परीक्षा में'
01-09468-01,./Audio/01-09468-01.mp3,बिछा है और सात अगस्त को होगी और यह सतराह अगस्त दो हजार उन्नीस की परीक्षा होगी जिसमे सभी छात्र,,Adult,Male,,,Darbhanga,Bihar,audio_break,1W9xRdNfoJyp80aoTBzIAvvrFxa6iUU_W,01-09468-01.mp3,metadata,Darbhanga,Bihar,platform_broadcast_bumper,not_applicable,[],[],[],[],Community caller report regarding local condition: 'बिछा है और सात अगस्त को होगी और यह सतराह अगस्त दो हजार उन्नीस की परीक्षा होगी जिसमे सभी छात्र'
01-09919-03,./Audio/01-09919-03.mp3,ऐसी उत्साहित है और उन्होंने कहा की भारत में चार साल पहले इस चीजो पर कम्पाउंड में इसलिए वह अठारह अगस्त से दावेदार हैं तो दोस्तों सुनते रहिये ऐसे ही मुख्य,,Adult,Male,,,Darbhanga,Bihar,audio_jump,1C3zWptrxYk_TLpxz8fGabQpJ9hb1zniW,01-09919-03.mp3,metadata,Darbhanga,Bihar,platform_broadcast_bumper,not_applicable,[],[],[],[],Community caller report regarding local condition: 'ऐसी उत्साहित है और उन्होंने कहा की भारत में चार साल पहले इस चीजो पर कम्पाउंड में इसलिए वह अठारह अगस्त से दावेदार हैं तो दोस्तों सुनते रहिये ऐसे ही मुख्य'
01-11596-02,./Audio/01-11596-02.mp3,और नालंदा जिले ऐसी हमे कई लोगो ने इस मुद्दे ऐसी जुड़े अपने विचार हमे भेजे है तो आइये सुनते की नालंदा जिले ऐसी हमारे साथियों का क्या कहना है,,Adult,Male,,,Nalanda,Bihar,,1WA0OuiP9cfFfMKcGGBC64vAopD1VrMQU,01-11596-02.mp3,metadata,Nalanda,Bihar,platform_broadcast_bumper,not_applicable,[],[],[],[],Community caller report regarding local condition: 'और नालंदा जिले ऐसी हमे कई लोगो ने इस मुद्दे ऐसी जुड़े अपने विचार हमे भेजे है तो आइये सुनते की नालंदा जिले ऐसी हमारे साथियों का क्या कहना है'
02-14671-01,./Audio/02-14671-01.mp3,झारखण्ड मोबाइल वाणी के लिए मैं रामगढ़ ऐसी मनोज कुमार पंद्रह सितम्बर को छावनी परीक्षा बोर्ड की बैठक थी,Bihari,Adult,Male,,,Ramgarh,Bihar,,1J4dJT_PD61FGWHMqJDGgoQQ_g4LcoPj7,02-14671-01.mp3,metadata,Ramgarh,Bihar,platform_broadcast_bumper,not_applicable,[],[],[],[],Community caller report regarding local condition: 'झारखण्ड मोबाइल वाणी के लिए मैं रामगढ़ ऐसी मनोज कुमार पंद्रह सितम्बर को छावनी परीक्षा बोर्ड की बैठक थी'
02-15807-01,./Audio/02-15807-01.mp3,किसान खुशहाल हो जाएगी,,Adult,Male,,,Dhanbad,Jharkhand,,1N0dM9Xg0-9xSCIpLODIgoIo_Xvr0o2B8,02-15807-01.mp3,metadata,Dhanbad,Jharkhand,platform_broadcast_bumper,not_applicable,[],[],[],[],Community caller report regarding local condition: 'किसान खुशहाल हो जाएगी'
02-15846-01,./Audio/02-15846-01.mp3,हम लोगों का एक विशेष मांग है की की आवाज़ के द्वारा की अगर हो सके तो हर पंचायत में,Accent_unknown,Adult,Male,,,Munger,Bihar,,1ZpOAsOMmEi4xJErtSvaTFjCxsQYm6n23,02-15846-01.mp3,metadata,Munger,Bihar,platform_broadcast_bumper,not_applicable,[],[],[],[],Community caller report regarding local condition: 'हम लोगों का एक विशेष मांग है की की आवाज़ के द्वारा की अगर हो सके तो हर पंचायत में'
13-00076-02,./Audio/13-00076-02.mp3,बिहार राज्य के मधुबनी जिला से मनोज कर्नल ने मोबाइल वाणी के माध्यम ऐसी बताया की सुरक्षा कर्मियों ने तीन बोरियोंसे भरे,Bihari,,Female,,Serious,,Bihar,,1xUWMtUXsNpz8MCZw6STmx1PQ0zIIrotF,13-00076-02.mp3,transcript,Madhubani,Bihar,platform_broadcast_bumper,not_applicable,[],[],[],[],Security personnel have seized three sacks full of contraband goods as reported from Madhubani district.
13-00099-02,./Audio/13-00099-02.mp3,आरोप अखिल भारतीय व्यवसायी परीक्षा दो हजार अठारह सेमेस्टर एक ऐसी लेकर लेकर चार तक की परीक्षा आज ऐसी शुरू हो चुकी हैं यह परीक्षा चौबीस जुलाई ऐसी सोलह अगस्ट तक अगस्त तक मधुबनी जिले के तीनों केन्द्रों आरोप संचालित होगी,Bihari,Adult,Male,,,,Bihar,audio_jump,1DOPpzqF3iDYZ38mh8fMcSMxi636l0aQu,13-00099-02.mp3,transcript,Madhubani,Bihar,platform_broadcast_bumper,not_applicable,[],[],[],[],Community caller report regarding local condition: 'आरोप अखिल भारतीय व्यवसायी परीक्षा दो हजार अठारह सेमेस्टर एक ऐसी लेकर लेकर चार तक की परीक्षा आज ऐसी शुरू हो चुकी हैं यह परीक्षा चौबीस जुलाई ऐसी सोलह अगस्ट तक अगस्त तक मधुबनी जिले के तीनों केन्द्रों आरोप संचालित होगी'
13-00138-06,./Audio/13-00138-06.mp3,नमस्कार दोस्तों मैं रिशी आपके लिए लेकर आया हूँ मधुबनी मोबाइल वाणी पर आये दिन भर की खबरों का सारांश समाचार संध्या में,Bihari,Adult,Male,,Serious,,Bihar,,1l4rKuT98JfeP7_55n0pIr9ZsyF2A3Pmg,13-00138-06.mp3,transcript,Madhubani,Bihar,platform_broadcast_bumper,not_applicable,[],[],[],[],Community caller report regarding local condition: 'नमस्कार दोस्तों मैं रिशी आपके लिए लेकर आया हूँ मधुबनी मोबाइल वाणी पर आये दिन भर की खबरों का सारांश समाचार संध्या में'
13-00137-01,./Audio/13-00137-01.mp3,में बिहार राज्य के मधुबनी जिले ऐसी रामानंद जी मधुबनी मोबाइल वाणी के माध्यम ऐसी पी जी जी में नाम,,Adult,,,,,,,19Wk_pJTS2_UImt5UTpXV9ckm-5KGdrqx,13-00137-01.mp3,transcript,Madhubani,Bihar,platform_broadcast_bumper,not_applicable,[],[],[],[],Community caller report regarding local condition: 'में बिहार राज्य के मधुबनी जिले ऐसी रामानंद जी मधुबनी मोबाइल वाणी के माध्यम ऐसी पी जी जी में नाम'
13-00137-04,./Audio/13-00137-04.mp3,के लिए पचीस जुलाई के बाद विश्वविद्यालय की वेबसाइट ऐसी प्रवेश पत्र डाउनलोड कर सकते है बिहार राज्य के मधुबनी जिला ऐसी राम नंदजी,Accent_unknown,Adult,Female,,Serious,,,,1nbF7B9WB5jVLbfOr_kElaRl9FBxXJjhX,13-00137-04.mp3,transcript,Madhubani,Bihar,platform_broadcast_bumper,not_applicable,[],[],[],[],Community caller report regarding local condition: 'के लिए पचीस जुलाई के बाद विश्वविद्यालय की वेबसाइट ऐसी प्रवेश पत्र डाउनलोड कर सकते है बिहार राज्य के मधुबनी जिला ऐसी राम नंदजी'
13-00140-03,./Audio/13-00140-03.mp3,दबाकर और ऐसे ही बड़ी खबरों के लिए सुनते रहे मधुबनी मोबाइल वाणी धन्यवाद,Bihari,Adult,Male,,Serious,,Bihar,,14TAHOalv5b1AEAaIYV0Vs3JwOAyrRw_Z,13-00140-03.mp3,transcript,Madhubani,Bihar,listener_feedback_prompt,not_applicable,[],[],[],[],Community caller report regarding local condition: 'दबाकर और ऐसे ही बड़ी खबरों के लिए सुनते रहे मधुबनी मोबाइल वाणी धन्यवाद'
13-00143-04,./Audio/13-00143-04.mp3,नमस्कार दोस्तों दोस्तों में दीपक आपके लिए लेकर आया हूँ मधुबनी मोबाइल वाणी आरोप आये दिन भर की खबरों का सारांश समाचार संध्या में,Accent_unknown,Adult,Female,Music,Serious,,,,1QfC5vmuSXAvJki2-tsYjytC9i_hzzY_O,13-00143-04.mp3,transcript,Madhubani,Bihar,platform_broadcast_bumper,not_applicable,[],[],[],[],Community caller report regarding local condition: 'नमस्कार दोस्तों दोस्तों में दीपक आपके लिए लेकर आया हूँ मधुबनी मोबाइल वाणी आरोप आये दिन भर की खबरों का सारांश समाचार संध्या में'
13-00143-05,./Audio/13-00143-05.mp3,बिहार राज्य के मधुबनी जिला के खजौली प्रखंड ऐसी रामानंद सिंह जी मोबाइल वाणी के माध्यम ऐसी बताते है की मधुबनी जिले के झंझारपुर के बेलारही स्थित बिहार आईडिया प्रशिक्षण केंद्र आरोप,Accent_unknown,Adult,Female,,Serious,,,,1FJqlw0NwBG29Vv3GSAr6cxAejPUweHui,13-00143-05.mp3,transcript,Madhubani,Bihar,platform_broadcast_bumper,not_applicable,[],[],[],[],Community caller report regarding local condition: 'बिहार राज्य के मधुबनी जिला के खजौली प्रखंड ऐसी रामानंद सिंह जी मोबाइल वाणी के माध्यम ऐसी बताते है की मधुबनी जिले के झंझारपुर के बेलारही स्थित बिहार आईडिया प्रशिक्षण केंद्र आरोप'
13-00143-06,./Audio/13-00143-06.mp3,आरोप अखिल भारतीय व्यवसाय परीक्षा दो हजार अठारह सेमेस्टर एक ऐसी लेकर चार तक परीक्षा आज ऐसी शुरू हो चुकी है यह परीक्षा चौबीस जुलाई ऐसी सोलह अगस्त तक मधुबनी जिले के तीनों केंद्रों आरोप संचालित होगी,Accent_unknown,Adult,Female,,Serious,,,,1u4iFEkJenEbTLMvxbcZRSrfRsIghpOYn,13-00143-06.mp3,transcript,Madhubani,Bihar,platform_broadcast_bumper,not_applicable,[],[],[],[],Community caller report regarding local condition: 'आरोप अखिल भारतीय व्यवसाय परीक्षा दो हजार अठारह सेमेस्टर एक ऐसी लेकर चार तक परीक्षा आज ऐसी शुरू हो चुकी है यह परीक्षा चौबीस जुलाई ऐसी सोलह अगस्त तक मधुबनी जिले के तीनों केंद्रों आरोप संचालित होगी'
13-00145-01,./Audio/13-00145-01.mp3,इस के लिए प्रशासन ने भी तैयारीयाँ पूरी कर ली हैं बिहार राज्य के मधुबनी जिला के खजौली प्रखंड से रामनंद सिंह जी मोबाइल वाणी के माध्यम से बताते हैं सावन का महीना अगले,Accent_unknown,Adult,Male,,Serious,,,,1U5EJeewSmitAClZtcLlAxlkI6l0ZMdpN,13-00145-01.mp3,transcript,Madhubani,Bihar,platform_broadcast_bumper,not_applicable,[],[],[],[],Community caller report regarding local condition: 'इस के लिए प्रशासन ने भी तैयारीयाँ पूरी कर ली हैं बिहार राज्य के मधुबनी जिला के खजौली प्रखंड से रामनंद सिंह जी मोबाइल वाणी के माध्यम से बताते हैं सावन का महीना अगले'
13-00145-04,./Audio/13-00145-04.mp3,#incomplete तो दोस्तों कैसा लगा आपको समाचार संध्या का ये अंश हमे जरूर बताए नंबर तीन दबाकर और ऐसे ही बड़ी खबरों के लिए सुनते रहे मधुबनी मोबाइल वाणी,Accent_unknown,Adult,Male,,Serious,,,,15T9hVqXDl6FebyQEQtWmC6D9UNMlyX2p,13-00145-04.mp3,transcript,Madhubani,Bihar,listener_feedback_prompt,not_applicable,[],[],[],[],Community caller report regarding local condition: '#incomplete तो दोस्तों कैसा लगा आपको समाचार संध्या का ये अंश हमे जरूर बताए नंबर तीन दबाकर और ऐसे ही बड़ी खबरों के लिए सुनते रहे मधुबनी मोबाइल वाणी'
13-00148-03,./Audio/13-00148-03.mp3,बिहार राज्य के मधुबनी जिला के मनोज कारण ने मोबाइल वाणी के माध्यम ऐसी बताया की सुरक्षा कर्मियों ने तीन बोरियो ऐसी भरी,Accent_unknown,Adult,Male,,Serious,,,,1yTSy_NKPpWaPpR2JzpiaHFih2up4U6XY,13-00148-03.mp3,transcript,Madhubani,Bihar,platform_broadcast_bumper,not_applicable,[],[],[],[],Community caller report regarding local condition: 'बिहार राज्य के मधुबनी जिला के मनोज कारण ने मोबाइल वाणी के माध्यम ऐसी बताया की सुरक्षा कर्मियों ने तीन बोरियो ऐसी भरी'
13-00148-05,./Audio/13-00148-05.mp3,थाने चौकीदार गस्ती कर रहे थे और अंत में बिहार राज्य के मधुबनी जिला ऐसी रामानंद सिंह ने मोबाइल वाणी के माध्यम ऐसी बताया की मधुबनी जिले के वैसे किसान जो सीओ,Accent_unknown,Adult,Male,,Serious,,,audio_break,1j6gaAoOT_OjDwdtzcv-txExi-dWGZFhP,13-00148-05.mp3,transcript,Madhubani,Bihar,platform_broadcast_bumper,not_applicable,[],[],[],[],Community caller report regarding local condition: 'थाने चौकीदार गस्ती कर रहे थे और अंत में बिहार राज्य के मधुबनी जिला ऐसी रामानंद सिंह ने मोबाइल वाणी के माध्यम ऐसी बताया की मधुबनी जिले के वैसे किसान जो सीओ'
13-00162-06,./Audio/13-00162-06.mp3,मधुबनी जिले में नौ सौ पचास,,Adult,Male,,Serious,,,,1p47czKXUwjMtUmO0ZRUTg6ok8aLQmp6I,13-00162-06.mp3,transcript,Madhubani,Bihar,platform_broadcast_bumper,not_applicable,[],[],[],[],Community caller report regarding local condition: 'मधुबनी जिले में नौ सौ पचास'
13-00163-01,./Audio/13-00163-01.mp3,"इस बात को ['लेकर', 'के'] मधुबनी जिले के डी टी सी अजय कुमार सिंह का परब हैं और काफ़ी गुप चुप नज़र आ रहे हैं",,Adult,Male,,Serious,,,,1Sv-tbn99NNOenhcvsg-myvE0QhZduoRt,13-00163-01.mp3,transcript,Madhubani,Bihar,platform_broadcast_bumper,not_applicable,[],[],[],[],"Community caller report regarding local condition: 'इस बात को ['लेकर', 'के'] मधुबनी जिले के डी टी सी अजय कुमार सिंह का परब हैं और काफ़ी गुप चुप नज़र आ रहे हैं'"
13-00270-03,./Audio/13-00270-03.mp3,बिहार मोबाइल वाणी के लिए खजौली मधुबनी से रामाशीष सिंह स्वास्थ्य विभाग के संकल्प संख्या पैतालीस अंडर ब्रेकेट अट्ठारह दिनांक,Accent_unknown,Adult,Male,,Serious,,,,1WoGFDrbUkG2k6B_Udj445Le3P6DOwCpa,13-00270-03.mp3,transcript,Madhubani,Bihar,platform_broadcast_bumper,not_applicable,[],[],[],[],Community caller report regarding local condition: 'बिहार मोबाइल वाणी के लिए खजौली मधुबनी से रामाशीष सिंह स्वास्थ्य विभाग के संकल्प संख्या पैतालीस अंडर ब्रेकेट अट्ठारह दिनांक'
13-00271-03,./Audio/13-00271-03.mp3,बिहार मोबाइल वाणी के लिए मधुबनी ऐसी आखिर कब तक भौतिक सामाजिक एवं जातिगत आधार,Bihari,Adult,Male,,Serious,,Bihar,inaudible,1pvDBI3O-dO5jrSmnuHltBdDcDh3ssjmm,13-00271-03.mp3,transcript,Madhubani,Bihar,platform_broadcast_bumper,not_applicable,[],[],[],[],Community caller report regarding local condition: 'बिहार मोबाइल वाणी के लिए मधुबनी ऐसी आखिर कब तक भौतिक सामाजिक एवं जातिगत आधार'
13-00273-05,./Audio/13-00273-05.mp3,डी N वर्मा सी जिला प्रभा मधुबनी मोबाइल वाणी ऐसी VEERTHI शिक्षा की व्यवस्था ऐसी लोग अचंभित शिक्षा की अवस्था आज पूर्ण रूप ऐसी तर्मरा गयी हैं लालू राज विद्द्यालयों में तनाव वगैरह क्लेश,Accent_unknown,Adult,Male,,Serious,,,,1uPWOi4dGY0CPHtVH3hnuJ6qrTsoutQ5R,13-00273-05.mp3,transcript,Madhubani,Bihar,platform_broadcast_bumper,not_applicable,[],[],[],[],Community caller report regarding local condition: 'डी N वर्मा सी जिला प्रभा मधुबनी मोबाइल वाणी ऐसी VEERTHI शिक्षा की व्यवस्था ऐसी लोग अचंभित शिक्षा की अवस्था आज पूर्ण रूप ऐसी तर्मरा गयी हैं लालू राज विद्द्यालयों में तनाव वगैरह क्लेश'
13-00287-01,./Audio/13-00287-01.mp3,मधुबनी मोबाइल वाणी के लिए खजौली मधुबनी ऐसी डॉक्टर विनय सराव अधिकारी स्वस्थ विभाग बिहार पटना,Accent_unknown,Adult,Male,,Serious,,,inaudible,1CIhCCrR0YZYxuWs3VyNrtl4-J_JfxQ1O,13-00287-01.mp3,transcript,Madhubani,Bihar,platform_broadcast_bumper,not_applicable,[],[],[],[],Community caller report regarding local condition: 'मधुबनी मोबाइल वाणी के लिए खजौली मधुबनी ऐसी डॉक्टर विनय सराव अधिकारी स्वस्थ विभाग बिहार पटना'
13-00289-06,./Audio/13-00289-06.mp3,मधुबनी मोबाइल वाणी के लिए खजौली मधुबनी,Accent_unknown,Adult,Male,,Serious,,,,130f4pbhMs36Goqc1w0SR-6UfwAAITFw0,13-00289-06.mp3,transcript,Madhubani,Bihar,platform_broadcast_bumper,not_applicable,[],[],[],[],Community caller report regarding local condition: 'मधुबनी मोबाइल वाणी के लिए खजौली मधुबनी'
13-00295-03,./Audio/13-00295-03.mp3,मधुबनी मोबाइल वाणी प्रखंड खुटौना से चंदू नमस्कार खुटौना छात्राओं में निराशा ज्ञात हो की राज्य में माध्यमिक स्तर पे गृह विज्ञान,Accent_unknown,Adult,Male,,Serious,,,,1VKTtrAk9E23r2u0zdLSqB9FYBfsWiK13,13-00295-03.mp3,transcript,Madhubani,Bihar,platform_broadcast_bumper,not_applicable,[],[],[],[],Community caller report regarding local condition: 'मधुबनी मोबाइल वाणी प्रखंड खुटौना से चंदू नमस्कार खुटौना छात्राओं में निराशा ज्ञात हो की राज्य में माध्यमिक स्तर पे गृह विज्ञान'
13-00299-01,./Audio/13-00299-01.mp3,मधुबनी मोबाइल वाणी प्रखण्ड खुटौना से चंदु नमस्कार खुटौना सरकार की पहल ज़रूरी घर से निकलते ही ट्रैफिक जाम को देख व्यक्ति,Accent_unknown,Adult,Male,,Serious,,,inaudible,1s0LGtVlVtGKEHXeZmqKELMEv1778BxXF,13-00299-01.mp3,transcript,Madhubani,Bihar,platform_broadcast_bumper,not_applicable,[],[],[],[],Community caller report regarding local condition: 'मधुबनी मोबाइल वाणी प्रखण्ड खुटौना से चंदु नमस्कार खुटौना सरकार की पहल ज़रूरी घर से निकलते ही ट्रैफिक जाम को देख व्यक्ति'
13-00313-04,./Audio/13-00313-04.mp3,मधुबनी मोबाइल वाणी के लिए खजुरी मधोनी ऐसी नामा सूची मधुबनी जिले ऐसी खजुरी प्रखंड नाम के कई उपविग्ननों का जन विकरण के लिए निर्माण का प्रारंभ किया गया,Accent_unknown,Adult,Male,,Serious,,,,1VKYMuxVCyCiQ0Cs2WDCZdCjow4C8L6Gu,13-00313-04.mp3,transcript,Madhubani,Bihar,platform_broadcast_bumper,not_applicable,[],[],[],[],Community caller report regarding local condition: 'मधुबनी मोबाइल वाणी के लिए खजुरी मधोनी ऐसी नामा सूची मधुबनी जिले ऐसी खजुरी प्रखंड नाम के कई उपविग्ननों का जन विकरण के लिए निर्माण का प्रारंभ किया गया'
13-00313-06,./Audio/13-00313-06.mp3,मुख्या जनता निवास अविलम्ब इस समस्या को ध्यान दे मधुबनी मोबाइल वाणी के लिए खजुरी मधोनी,Accent_unknown,Adult,Male,,Serious,,,not_clear,1WQXFCu8DUSdV7s0tO2tUTkSdKjp5o9Q5,13-00313-06.mp3,transcript,Madhubani,Bihar,platform_broadcast_bumper,not_applicable,[],[],[],[],Community caller report regarding local condition: 'मुख्या जनता निवास अविलम्ब इस समस्या को ध्यान दे मधुबनी मोबाइल वाणी के लिए खजुरी मधोनी'
13-00342-01,./Audio/13-00342-01.mp3,मधुबनी मोबाइल वाणी ऐसी मधुबनी जिला के के लिए महाअभियान शुरू कर दिया है,Accent_unknown,,Male,,Serious,,,inaudible,1FXizYBJ6BNYngx5tF52jdXjRCx6S0K6c,13-00342-01.mp3,transcript,Madhubani,Bihar,platform_broadcast_bumper,not_applicable,[],[],[],[],Community caller report regarding local condition: 'मधुबनी मोबाइल वाणी ऐसी मधुबनी जिला के के लिए महाअभियान शुरू कर दिया है'
13-00344-02,./Audio/13-00344-02.mp3,दिनांक सताईस एवं अट्ठाईस तारीख़ को कृषि यांत्रिकीकरण किसान मेला का आयोजन किया गया है धन्यवाद टी एन ब्रह्मऋषि मधुबनी मोबाइल वाणी,Accent_unknown,Adult,Male,,Serious,,,inaudible,116Hl9ruRsTD5ch6zAwydyzpOJ11xZI2z,13-00344-02.mp3,transcript,Madhubani,Bihar,platform_broadcast_bumper,not_applicable,[],[],[],[],Community caller report regarding local condition: 'दिनांक सताईस एवं अट्ठाईस तारीख़ को कृषि यांत्रिकीकरण किसान मेला का आयोजन किया गया है धन्यवाद टी एन ब्रह्मऋषि मधुबनी मोबाइल वाणी'
13-00354-03,./Audio/13-00354-03.mp3,मधुबनी मोबाइल वाणी प्रखंड,Accent_unknown,Adult,Male,,Serious,,,,1k37nnRxZADiBVsPojUXCywI69Jgf3a_Q,13-00354-03.mp3,transcript,Madhubani,Bihar,platform_broadcast_bumper,not_applicable,[],[],[],[],Community caller report regarding local condition: 'मधुबनी मोबाइल वाणी प्रखंड'
13-00370-02,./Audio/13-00370-02.mp3,प्रभुदे नागरिकों प्रतापी अधिकारी और मधुबनी मोबाइल वाणी के सभी श्रोताओं अभी अब ऊपर ही घटनाओं को भंग कर दीपावली गोवर्धन पूजा भैया दूज जैसे महापर्व,,Adult,Male,,Serious,,,inaudible,1xZY1rsQlTD6MxInN2ehP0L6MxRqcROkP,13-00370-02.mp3,transcript,Madhubani,Bihar,platform_broadcast_bumper,not_applicable,[],[],[],[],Community caller report regarding local condition: 'प्रभुदे नागरिकों प्रतापी अधिकारी और मधुबनी मोबाइल वाणी के सभी श्रोताओं अभी अब ऊपर ही घटनाओं को भंग कर दीपावली गोवर्धन पूजा भैया दूज जैसे महापर्व'
13-00370-06,./Audio/13-00370-06.mp3,मधुबनी मोबाइल वाणी के श्रोताओं रिपोर्टरों आम जनता और बच्चों को दो हजार सोलह इसवी की माह शुभ दीपावली आरोप,,Adult,Male,,Serious,,,,1wW3HpjiTxwcYIb4TfdnkLhGIf-1KVycf,13-00370-06.mp3,transcript,Madhubani,Bihar,platform_broadcast_bumper,not_applicable,[],[],[],[],Community caller report regarding local condition: 'मधुबनी मोबाइल वाणी के श्रोताओं रिपोर्टरों आम जनता और बच्चों को दो हजार सोलह इसवी की माह शुभ दीपावली आरोप'
13-00395-04,./Audio/13-00395-04.mp3,मधुबनी मोबाइल वाणी के लिए खजौली मधुबनी ऐसी राम शेरसिंह भारत में,Bihari,Adult,Male,,Serious,,Bihar,inaudible,1kdLtX6H8MitZY5eJ2ciqReYwpwpXYXHa,13-00395-04.mp3,transcript,Madhubani,Bihar,platform_broadcast_bumper,not_applicable,[],[],[],[],Community caller report regarding local condition: 'मधुबनी मोबाइल वाणी के लिए खजौली मधुबनी ऐसी राम शेरसिंह भारत में'
13-00440-03,./Audio/13-00440-03.mp3,हेलो हम अखिलेश कुमार सिंह मधुबनी मोबाइल वाणी ऐसी क्षेत्र ऐसी,Bihari,Adult,Male,,Serious,,Bihar,inaudible,1Qj9a10RyTQdQrU9f3yQorphgsYwkhreO,13-00440-03.mp3,transcript,Madhubani,Bihar,platform_broadcast_bumper,not_applicable,[],[],[],[],Community caller report regarding local condition: 'हेलो हम अखिलेश कुमार सिंह मधुबनी मोबाइल वाणी ऐसी क्षेत्र ऐसी'
13-00455-01,./Audio/13-00455-01.mp3,मधुबनी मोबाइलवाणी के लिए मधुबनी ऐसी पंचायत सरकार भवन का निर्माण सरकार के स्थित पंचायत सरकार,Bihari,Adult,Male,,,,Bihar,inaudible,1nNmtPOizeYHf40KtiV2nyTY-hVJ_qtOM,13-00455-01.mp3,transcript,Madhubani,Bihar,platform_broadcast_bumper,not_applicable,[],[],[],[],Community caller report regarding local condition: 'मधुबनी मोबाइलवाणी के लिए मधुबनी ऐसी पंचायत सरकार भवन का निर्माण सरकार के स्थित पंचायत सरकार'
01-00055-02,./Audio/01-00055-02.mp3,मधुबनी मोबाइल वाणी के लिए खजौली मधुबनी ऐसी मई रामाशीष सिंह बिहार सरकार इक्कीस जनवरी दो हजार सत्रह को मानव श्रृंखला अभियान,Bihari,Adult,Male,,,,Bihar,,1YH4BqJIFADIr7XaZeJ19THrlCJZij7wK,01-00055-02.mp3,transcript,Madhubani,Bihar,platform_broadcast_bumper,not_applicable,[],[],[],[],Community caller report regarding local condition: 'मधुबनी मोबाइल वाणी के लिए खजौली मधुबनी ऐसी मई रामाशीष सिंह बिहार सरकार इक्कीस जनवरी दो हजार सत्रह को मानव श्रृंखला अभियान'
01-00057-02,./Audio/01-00057-02.mp3,अधिकारीयों के विरूद्ध कार्यवाही करें जनता जागरूक हैं उन्हें जागरूक करने की ज़रुरत नहीं हैं मधुबनी मोबइल वाणी के लिए खजौली मधुबनी से रामाशीष,Bihari,Adult,Male,,Serious,,Bihar,inaudible,1ag__28HddCSX7j5NUi9bfA2abESYCr0k,01-00057-02.mp3,transcript,Madhubani,Bihar,platform_broadcast_bumper,not_applicable,[],[],[],[],Community caller report regarding local condition: 'अधिकारीयों के विरूद्ध कार्यवाही करें जनता जागरूक हैं उन्हें जागरूक करने की ज़रुरत नहीं हैं मधुबनी मोबइल वाणी के लिए खजौली मधुबनी से रामाशीष'
01-00124-03,./Audio/01-00124-03.mp3,मई धर्मेन्द्र कुमार श्रीवास्तव मधुबनी जिला के खुरमा माधोपुर पंचायत ऐसी लोकतंत्र में पत्रकारों की हत्या आज लोकतंत्र में पत्रकारों की हत्या,Bihari,Adult,Male,,,,Bihar,"audio_jump,inaudible",1-UkXr67ZAnNoIZYr_i9ttgHtf46imahm,01-00124-03.mp3,transcript,Madhubani,Bihar,platform_broadcast_bumper,not_applicable,[],[],[],[],Community caller report regarding local condition: 'मई धर्मेन्द्र कुमार श्रीवास्तव मधुबनी जिला के खुरमा माधोपुर पंचायत ऐसी लोकतंत्र में पत्रकारों की हत्या आज लोकतंत्र में पत्रकारों की हत्या'
01-00128-03,./Audio/01-00128-03.mp3,रामानन्द सिंह मोबाइल वाणी मधुबनी मधुबनी जिले के फुलपरास अनुमंडल क्षेत्र के,,,,,,,,inaudible,1nnpqXraVyNmipkldmKXD1laN6sNJt6M4,01-00128-03.mp3,transcript,Madhubani,Bihar,platform_broadcast_bumper,not_applicable,[],[],[],[],Community caller report regarding local condition: 'रामानन्द सिंह मोबाइल वाणी मधुबनी मधुबनी जिले के फुलपरास अनुमंडल क्षेत्र के'
01-00182-01,./Audio/01-00182-01.mp3,महत्वपूर्ण' हिसाव 'मधुबनी जिला का श्रंखला बनेगा सभी जनप्रतिनिधि हज़ार ऐसी हज़ार संख्या में आकर इस आयोजन मई,Bihari,,Male,,,,Bihar,,1dV44FLttPHVhzlx0h_eMaYTCLIDNnFEj,01-00182-01.mp3,transcript,Madhubani,Bihar,platform_broadcast_bumper,not_applicable,[],[],[],[],Community caller report regarding local condition: 'महत्वपूर्ण' हिसाव 'मधुबनी जिला का श्रंखला बनेगा सभी जनप्रतिनिधि हज़ार ऐसी हज़ार संख्या में आकर इस आयोजन मई'
01-00183-02,./Audio/01-00183-02.mp3,रामानंद सिंह मोबाइल वाणी मधुबनी,Bihari,,Male,,,,Bihar,,1OUXIktPd-Cl_wuPgPBOt0801Y8hAXavj,01-00183-02.mp3,transcript,Madhubani,Bihar,platform_broadcast_bumper,not_applicable,[],[],[],[],Community caller report regarding local condition: 'रामानंद सिंह मोबाइल वाणी मधुबनी'
01-00183-03,./Audio/01-00183-03.mp3,बिहार सरकार द्वारा नशा मुक्ति के पक्ष में आहूत राज्यव्यापी मानव श्रंखला अभियान को मधुबनी जिले में सफल बनाने के लाई लोगो में काफी उत्सुकता देखी जा रही है,,,,,,,,,1BKpwYi4Qs5AdbvI5CGfiNrN93YU59yTv,01-00183-03.mp3,transcript,Madhubani,Bihar,platform_broadcast_bumper,not_applicable,[],[],[],[],Community caller report regarding local condition: 'बिहार सरकार द्वारा नशा मुक्ति के पक्ष में आहूत राज्यव्यापी मानव श्रंखला अभियान को मधुबनी जिले में सफल बनाने के लाई लोगो में काफी उत्सुकता देखी जा रही है'
01-00184-01,./Audio/01-00184-01.mp3,सभी चैम्बर ऑफ़ कॉमर्स मधुबनी जिला के एवम अन्य सभी व्यवसाय संगठनो ऐसी इस सम्बन्ध में संपर्क स्थापित,Accent_unknown,Adult,Male,,,,,,1prAxajBtI3CmLrzEGBgTf0cpPnQg5BEF,01-00184-01.mp3,transcript,Madhubani,Bihar,platform_broadcast_bumper,not_applicable,[],[],[],[],Community caller report regarding local condition: 'सभी चैम्बर ऑफ़ कॉमर्स मधुबनी जिला के एवम अन्य सभी व्यवसाय संगठनो ऐसी इस सम्बन्ध में संपर्क स्थापित'
01-00219-02,./Audio/01-00219-02.mp3,मधुबनी मोबइलवाणी प्रखंड ऐसी चंदू नमस्कार खुटौना आईए मिलते हैं प्रखंड के भाजपा के नौ जवान नेता ऐसी,Bihari,Adult,Male,,Serious,,Bihar,inaudible,1j4XtPhmoX9BPb3bVu_Toixb71l5XCDnp,01-00219-02.mp3,transcript,Madhubani,Bihar,platform_broadcast_bumper,not_applicable,[],[],[],[],Community caller report regarding local condition: 'मधुबनी मोबइलवाणी प्रखंड ऐसी चंदू नमस्कार खुटौना आईए मिलते हैं प्रखंड के भाजपा के नौ जवान नेता ऐसी'
01-00231-03,./Audio/01-00231-03.mp3,मै राजनगर से सतिश लाल दास मधुबनी मोबाइल वाणी के लिए इनका राय सही है इसलिए की खादी ग्राम उद्द्योग,,Adult,Male,,,,,,1P0bp3NVim0MrEGtH-KDlQRj7KuKkZbqG,01-00231-03.mp3,transcript,Madhubani,Bihar,platform_broadcast_bumper,not_applicable,[],[],[],[],Community caller report regarding local condition: 'मै राजनगर से सतिश लाल दास मधुबनी मोबाइल वाणी के लिए इनका राय सही है इसलिए की खादी ग्राम उद्द्योग'
01-00596-02,./Audio/01-00596-02.mp3,बिहार मोबाइल वाणी के सेट ऐसी संतोष कुमार मंडल मधुबनी जिला खुटौना प्रखंड ऐसी दोस्तों बेनीपट्टी मधुबनी जिला के अंतर्गत बेनीपट्टी,Bihari,Adult,Male,,,,Bihar,,1tTdSqZmQvJBsNVmvwDmuNzSP-i_JvRbD,01-00596-02.mp3,transcript,Madhubani,Bihar,platform_broadcast_bumper,not_applicable,[],[],[],[],Community caller report regarding local condition: 'बिहार मोबाइल वाणी के सेट ऐसी संतोष कुमार मंडल मधुबनी जिला खुटौना प्रखंड ऐसी दोस्तों बेनीपट्टी मधुबनी जिला के अंतर्गत बेनीपट्टी'
01-00614-02,./Audio/01-00614-02.mp3,बिहार मोबाइल वाणी के साथ मई पंकज कुमार मदन मधुबनी जिला खुटौना प्रखंड श्रोता गाँव के आस्था के क्षेत्र में खूब हरे भरे पर हुआ करते थे,,Adult,Male,,,,,,1pJjYVmRw2XO_vwxWxnTW_OIwcKeaSlH_,01-00614-02.mp3,transcript,Madhubani,Bihar,platform_broadcast_bumper,not_applicable,[],[],[],[],Community caller report regarding local condition: 'बिहार मोबाइल वाणी के साथ मई पंकज कुमार मदन मधुबनी जिला खुटौना प्रखंड श्रोता गाँव के आस्था के क्षेत्र में खूब हरे भरे पर हुआ करते थे'
01-00635-03,./Audio/01-00635-03.mp3,बिहार मोबाइल वाणी प्रखंड जिला मधुबनी ऐसी चंदेश्वर रामचन्द सतना प्रखंड वार्ड पंचायत नारी की वार्ड सदस्य भी है,Bihari,Adult,Male,,,,Bihar,inaudible,192cXP63hYlZvYcJYMRP8-d3qRGB141KV,01-00635-03.mp3,transcript,Madhubani,Bihar,platform_broadcast_bumper,not_applicable,[],[],[],[],Community caller report regarding local condition: 'बिहार मोबाइल वाणी प्रखंड जिला मधुबनी ऐसी चंदेश्वर रामचन्द सतना प्रखंड वार्ड पंचायत नारी की वार्ड सदस्य भी है'
01-00663-01,./Audio/01-00663-01.mp3,बिहार मोबाइलवाणी कभी भूलमत जाना संतोष मंडल मधुबनी जिला धनबाद,Bihari,Adult,Male,,,,Bihar,,13XXFxfHMTodpXNZ-Ie5V7M-YygE3hGt6,01-00663-01.mp3,transcript,Madhubani,Bihar,platform_broadcast_bumper,not_applicable,[],[],[],[],Community caller report regarding local condition: 'बिहार मोबाइलवाणी कभी भूलमत जाना संतोष मंडल मधुबनी जिला धनबाद'
01-00685-01,./Audio/01-00685-01.mp3,बिहार मोबाइल वाणी के साथ मैं संतोष कुमार मंडल मधुबनी जिला खुटौना प्रखंड श्रोता मैं एक कविता बोल रहा हूँ नींद में सोये फ़ोन कोल जगाया हमको,Accent_unknown,Adult,Male,,Serious,,,,1dkP8TlJ0VAa83-yCiPrSRL6SIxM1_oKD,01-00685-01.mp3,transcript,Madhubani,Bihar,platform_broadcast_bumper,not_applicable,[],[],[],[],Community caller report regarding local condition: 'बिहार मोबाइल वाणी के साथ मैं संतोष कुमार मंडल मधुबनी जिला खुटौना प्रखंड श्रोता मैं एक कविता बोल रहा हूँ नींद में सोये फ़ोन कोल जगाया हमको'
01-00689-02,./Audio/01-00689-02.mp3,बिहार मोबाइल वाणी के साथ मैं संतोष कुमार मंडल मधुबनी जिला खुटौना प्रखंड ऐसी,Accent_unknown,Adult,Male,,Serious,,,,1pkIxupt_7erWx3lH0owN-eQTG__61-hR,01-00689-02.mp3,transcript,Madhubani,Bihar,platform_broadcast_bumper,not_applicable,[],[],[],[],Community caller report regarding local condition: 'बिहार मोबाइल वाणी के साथ मैं संतोष कुमार मंडल मधुबनी जिला खुटौना प्रखंड ऐसी'
01-00688-01,./Audio/01-00688-01.mp3,धन्यवाद मैं संतोष कुमार मंडल मधुबनी जिला कोडरमा प्रखंड ऐसी,Bihari,Age_unknown,Male,,,,Bihar,,1yTI21_j8EZln9S8OJXloPsL7j1qlb2ug,01-00688-01.mp3,transcript,Madhubani,Bihar,platform_broadcast_bumper,not_applicable,[],[],[],[],Community caller report regarding local condition: 'धन्यवाद मैं संतोष कुमार मंडल मधुबनी जिला कोडरमा प्रखंड ऐसी'
01-00688-02,./Audio/01-00688-02.mp3,बिहार मोबाइल वाणी के साथ मंडल मधुबनी जिला श्रोताओं ये बता दो की घटना हमारे समाज के लिए बहुत ढाक के तीन पात है,Bihari,Age_unknown,Male,,,,Bihar,,1PMuhq7gHjBCuekUEozq9GHRTvUpiL-Ze,01-00688-02.mp3,transcript,Madhubani,Bihar,platform_broadcast_bumper,not_applicable,[],[],[],[],Community caller report regarding local condition: 'बिहार मोबाइल वाणी के साथ मंडल मधुबनी जिला श्रोताओं ये बता दो की घटना हमारे समाज के लिए बहुत ढाक के तीन पात है'
01-00692-03,./Audio/01-00692-03.mp3,और हीरा वर्ग खास कर इस पर ज्यादा जोर दे तो हमारे समाज का कल्याण होने में कभी भी तकलीफ नहीं होगा धन्यवाद मैं संतोष कुमार मंडल मधुबनी जिला खुटौना प्रखंड,Accent_unknown,Adult,Male,,,,,,1XuF_2DyW63ngH0DIv_zCU6odGS9Bklaq,01-00692-03.mp3,transcript,Madhubani,Bihar,platform_broadcast_bumper,not_applicable,[],[],[],[],Community caller report regarding local condition: 'और हीरा वर्ग खास कर इस पर ज्यादा जोर दे तो हमारे समाज का कल्याण होने में कभी भी तकलीफ नहीं होगा धन्यवाद मैं संतोष कुमार मंडल मधुबनी जिला खुटौना प्रखंड'
01-00709-03,./Audio/01-00709-03.mp3,गमहर सिंह मोबाइल वाणी के लिए मधुबनी मोबाइल वाणी के एक सिरे से आगे बढ़ाने के लिए कर्तव्यनिष्ठ होना जरुरी हैं,,,,,,,,inaudible,1BcdFYXYojlyPRdsxm4PFs8TldjD_eR53,01-00709-03.mp3,transcript,Madhubani,Bihar,platform_broadcast_bumper,not_applicable,[],[],[],[],Community caller report regarding local condition: 'गमहर सिंह मोबाइल वाणी के लिए मधुबनी मोबाइल वाणी के एक सिरे से आगे बढ़ाने के लिए कर्तव्यनिष्ठ होना जरुरी हैं'
01-00711-03,./Audio/01-00711-03.mp3,के हम अब अपने हातों मैं हैं और सारी दुनिया का समाचार निश्चित रूप ऐसी आगे बढ़ने की जरुरत हैं कर्तव्य करने की जरुरत हैं मधुबनी ऐसी मोबाइल वाणी,,,,,,,,inaudible,1XUEDAWEmrNZCoKL6PDTVXUMEFdrzX20P,01-00711-03.mp3,transcript,Madhubani,Bihar,platform_broadcast_bumper,not_applicable,[],[],[],[],Community caller report regarding local condition: 'के हम अब अपने हातों मैं हैं और सारी दुनिया का समाचार निश्चित रूप ऐसी आगे बढ़ने की जरुरत हैं कर्तव्य करने की जरुरत हैं मधुबनी ऐसी मोबाइल वाणी'
01-00747-02,./Audio/01-00747-02.mp3,तिल्हल मोबाइल बनी के साथ मई संतोष कुमार मंडल मधुबनी जिला खुटौना सिरोधा मंदिर माजिद के लिए लड़ने वाले मंदिर माजिद के लिए लड़ने वाले देश की दंगा,Bihari,Adult,Male,,,,Bihar,,1j3bLd2M-Ij5-JQq4O16epiO0UeDbCaFA,01-00747-02.mp3,transcript,Madhubani,Bihar,platform_broadcast_bumper,not_applicable,[],[],[],[],Community caller report regarding local condition: 'तिल्हल मोबाइल बनी के साथ मई संतोष कुमार मंडल मधुबनी जिला खुटौना सिरोधा मंदिर माजिद के लिए लड़ने वाले मंदिर माजिद के लिए लड़ने वाले देश की दंगा'
01-00754-03,./Audio/01-00754-03.mp3,बिहार मोबाइल आजाद बल्लव प्रखंड खुटौना जिला मधुबनी संजय के राम थैंक्यू,Bihari,Adult,Male,,,,Bihar,,1a0GFBZGQcq68G3BJ6g5T3DIpDdg1fNg_,01-00754-03.mp3,transcript,Madhubani,Bihar,platform_broadcast_bumper,not_applicable,[],[],[],[],Community caller report regarding local condition: 'बिहार मोबाइल आजाद बल्लव प्रखंड खुटौना जिला मधुबनी संजय के राम थैंक्यू'
01-00813-02,./Audio/01-00813-02.mp3,संतोष कुमार मंडल मधुबनी जिला हम बार यही बात आते हैं आखिर महिलाओं को अपना,,,,,,,Bihar,inaudible,1o32NkZemXTbny4lBel7wIHVTxWPiv8_H,01-00813-02.mp3,transcript,Madhubani,Bihar,platform_broadcast_bumper,not_applicable,[],[],[],[],Community caller report regarding local condition: 'संतोष कुमार मंडल मधुबनी जिला हम बार यही बात आते हैं आखिर महिलाओं को अपना'
01-00817-02,./Audio/01-00817-02.mp3,और नई करता उपयोग डी टी ओ के पास के दलालों द्वारा मधुबनी प्रसाद बाजार मई साझा मई घोलकर दलाल लाइसेंस बनाते है,,,,,,,,,1v4Ld1aXC48w9dRI-K1VJLlu6vAIpuN9k,01-00817-02.mp3,transcript,Madhubani,Bihar,platform_broadcast_bumper,not_applicable,[],[],[],[],Community caller report regarding local condition: 'और नई करता उपयोग डी टी ओ के पास के दलालों द्वारा मधुबनी प्रसाद बाजार मई साझा मई घोलकर दलाल लाइसेंस बनाते है'
01-00821-01,./Audio/01-00821-01.mp3,गलत सामानों की बिक्री एवम कम वजन देने की प्रक्रिया चलती ही रहेगी बिहार मोबाइल वाणी के लिए त्रिवेंद्र मचे मधुबनी ऐसी धन्यवाद,,,,,,,,,1eXleWpO_372qBT2kfzGat7mhA59K7_GA,01-00821-01.mp3,transcript,Madhubani,Bihar,platform_broadcast_bumper,not_applicable,[],[],[],[],Community caller report regarding local condition: 'गलत सामानों की बिक्री एवम कम वजन देने की प्रक्रिया चलती ही रहेगी बिहार मोबाइल वाणी के लिए त्रिवेंद्र मचे मधुबनी ऐसी धन्यवाद'
01-00837-01,./Audio/01-00837-01.mp3,बिहार मोबाइल के साथ मई संतोष कुमार मंडल मधुबनी जिला खतोना प्रखंड ऐसी श्रोता मानी अस्तित्व को स्वीकार करो साथ मई ये कविता आप लोगो के सामने,Bihari,,Male,,,,Bihar,,1SdJXx-i5AO53t1BiwljfZqcEvgC8gnPk,01-00837-01.mp3,transcript,Madhubani,Bihar,cultural_and_creative,not_applicable,[],[],[],[],Community caller report regarding local condition: 'बिहार मोबाइल के साथ मई संतोष कुमार मंडल मधुबनी जिला खतोना प्रखंड ऐसी श्रोता मानी अस्तित्व को स्वीकार करो साथ मई ये कविता आप लोगो के सामने'
01-00894-03,./Audio/01-00894-03.mp3,बिहार मोबइलवाणी के साथ में संतोष कुमार मंडल मधुबनी जिला प्रखंड श्रोता में खुशी कर सकता हूँ एपिसोड में आज बाल विवाह,Bihari,Adult,Male,,Serious,,Bihar,,1IUDXxo6wM4UYaDKFq85tgm4efbX4S-3u,01-00894-03.mp3,transcript,Madhubani,Bihar,platform_broadcast_bumper,not_applicable,[],[],[],[],Community caller report regarding local condition: 'बिहार मोबइलवाणी के साथ में संतोष कुमार मंडल मधुबनी जिला प्रखंड श्रोता में खुशी कर सकता हूँ एपिसोड में आज बाल विवाह'
01-00931-01,./Audio/01-00931-01.mp3,बिहार मोबाइल वाणी के लिए खजौली मधुबनी ऐसी रामाशीष सिंह धन्यवाद,Bihari,,Male,,,,Bihar,inaudible,1LsGJ9j775sm6t4Kx8Ts_b-vVv2mtM1y0,01-00931-01.mp3,transcript,Madhubani,Bihar,platform_broadcast_bumper,not_applicable,[],[],[],[],Community caller report regarding local condition: 'बिहार मोबाइल वाणी के लिए खजौली मधुबनी ऐसी रामाशीष सिंह धन्यवाद'
01-00953-02,./Audio/01-00953-02.mp3,बिहार मोबइलवाणी जिला मधुबनी खुटौना प्रखंड के अठारह पंचायत में शिक्षा समिति का,Bihari,Adult,Male,,Serious,,Bihar,inaudible,18CLTDXFvklr7Y5yPzeRslcVSQsjUAlxL,01-00953-02.mp3,transcript,Madhubani,Bihar,platform_broadcast_bumper,not_applicable,[],[],[],[],Community caller report regarding local condition: 'बिहार मोबइलवाणी जिला मधुबनी खुटौना प्रखंड के अठारह पंचायत में शिक्षा समिति का'
01-01012-03,./Audio/01-01012-03.mp3,के रूप में नारी शक्ति ही आगे आती रही है बिहार मोबाइल वाणी के लिए खजौली मधुबनी से रामाशीष सिंह धन्यवाद,,Adult,Male,,,,,,1RrQxbntUR3bvKOJVGRvdZ4EkezRwQ_QV,01-01012-03.mp3,transcript,Madhubani,Bihar,platform_broadcast_bumper,not_applicable,[],[],[],[],Community caller report regarding local condition: 'के रूप में नारी शक्ति ही आगे आती रही है बिहार मोबाइल वाणी के लिए खजौली मधुबनी से रामाशीष सिंह धन्यवाद'
01-01225-01,./Audio/01-01225-01.mp3,बिहार मोबाइल वाणी आजाद क्लब प्रसंग खतोना जिले मधुबनी चंदेश्वर रामचन्द्र आर सी गारी के पास अब अधिकारी फाइलें गायब होने की बात बता कर आपको सूचना देने में टालमटोल नहीं कर सकेंगे,Accent_unknown,Adult,Male,,,,,,1cKm9POcqnQMXEuhNzHP37Ho8sytgiVnq,01-01225-01.mp3,transcript,Madhubani,Bihar,platform_broadcast_bumper,not_applicable,[],[],[],[],Community caller report regarding local condition: 'बिहार मोबाइल वाणी आजाद क्लब प्रसंग खतोना जिले मधुबनी चंदेश्वर रामचन्द्र आर सी गारी के पास अब अधिकारी फाइलें गायब होने की बात बता कर आपको सूचना देने में टालमटोल नहीं कर सकेंगे'
01-01270-03,./Audio/01-01270-03.mp3,मधुबनी के लखनवी पठान के कस्तूरबा विद्यालय में रात्रि पहरी में हेरा फेरी की गई सूचना प्राप्त हुई है की देवी की प्राप्तांक बीस सौ छियासठ अंक दो हज़ार नौ में,Accent_unknown,Adult,Male,,,,,audio_jump,1wIyDLFisSCvoB70bMDi2u63JhUB7GcLD,01-01270-03.mp3,transcript,Madhubani,Bihar,platform_broadcast_bumper,not_applicable,[],[],[],[],Community caller report regarding local condition: 'मधुबनी के लखनवी पठान के कस्तूरबा विद्यालय में रात्रि पहरी में हेरा फेरी की गई सूचना प्राप्त हुई है की देवी की प्राप्तांक बीस सौ छियासठ अंक दो हज़ार नौ में'
01-01284-01,./Audio/01-01284-01.mp3,बिहार मोबाइल वाणी के लिए खजौली मधुबनी से रामाशीष सिंह धन्यवाद,Bihari,Adult,Male,,,,Bihar,,1C2hP9nHWTOWNBOPpzZ9nnwSm8JAQvV61,01-01284-01.mp3,transcript,Madhubani,Bihar,platform_broadcast_bumper,not_applicable,[],[],[],[],Community caller report regarding local condition: 'बिहार मोबाइल वाणी के लिए खजौली मधुबनी से रामाशीष सिंह धन्यवाद'
01-01292-02,./Audio/01-01292-02.mp3,इस पर गम्भीरता से सोचने की जरुरत है बिहार मोबाइल वाणी के लिए खजौली मधुबनी से रामाशीष सिंह धन्यवाद,Bihari,Adult,Male,,,,Bihar,,16vzec5SKL8zqQ0CKDhycO7WbTSd0fjZR,01-01292-02.mp3,transcript,Madhubani,Bihar,platform_broadcast_bumper,not_applicable,[],[],[],[],Community caller report regarding local condition: 'इस पर गम्भीरता से सोचने की जरुरत है बिहार मोबाइल वाणी के लिए खजौली मधुबनी से रामाशीष सिंह धन्यवाद'
01-01304-01,./Audio/01-01304-01.mp3,की दवाई का छिड़काव पुरे मधुबनी जिला में मैं बिहार मोबाइल वाणी के लिए,Bihari,Adult,Male,,,,Bihar,,1PcbbYfpEgVL2S1g3B8dbCTy4ltVoHrRv,01-01304-01.mp3,transcript,Madhubani,Bihar,platform_broadcast_bumper,not_applicable,[],[],[],[],Community caller report regarding local condition: 'की दवाई का छिड़काव पुरे मधुबनी जिला में मैं बिहार मोबाइल वाणी के लिए'
01-01304-02,./Audio/01-01304-02.mp3,मैं बिहार मोबाइलवाणी के लिए मधुबनी से मधुबनी के डीडीसी ने निर्देश दिए थे याद रहे कि इससे पहले भी बिहार मोबाइल वाणी पर भी,Bihari,Adult,Male,,,,Bihar,,1psntrAyZm-EEgsVURrkJorVhd60kKagP,01-01304-02.mp3,transcript,Madhubani,Bihar,platform_broadcast_bumper,not_applicable,[],[],[],[],Community caller report regarding local condition: 'मैं बिहार मोबाइलवाणी के लिए मधुबनी से मधुबनी के डीडीसी ने निर्देश दिए थे याद रहे कि इससे पहले भी बिहार मोबाइल वाणी पर भी'
01-01305-02,./Audio/01-01305-02.mp3,बिहार मोबाइलवाणी के लिए मधुबनी ऐसी खजुरी आरोप बहुत सरे बैंक के शाखाओं हाँ,Bihari,Adult,Male,,,,Bihar,,1xi11Mhm8MUyH-NBc7RIkA1ur7r8Yfd_X,01-01305-02.mp3,transcript,Madhubani,Bihar,platform_broadcast_bumper,not_applicable,[],[],[],[],Community caller report regarding local condition: 'बिहार मोबाइलवाणी के लिए मधुबनी ऐसी खजुरी आरोप बहुत सरे बैंक के शाखाओं हाँ'
01-01446-01,./Audio/01-01446-01.mp3,बिहार मोबाइल वाणी के लिए खजौली मधुबनी से रामाशीष सिंह मधुबनी जिला के खजौली प्रखंड के ग्राम विकास पदाधिकारी बीडीओ बिना सुचना दिए कार्यालय से अनुमंडल पदाधिकारी,Bihari,Adult,Male,,Serious,,Bihar,,1UMVNZy0lm3OQeOHtRZe41uon62vEE6Ob,01-01446-01.mp3,transcript,Madhubani,Bihar,platform_broadcast_bumper,not_applicable,[],[],[],[],Community caller report regarding local condition: 'बिहार मोबाइल वाणी के लिए खजौली मधुबनी से रामाशीष सिंह मधुबनी जिला के खजौली प्रखंड के ग्राम विकास पदाधिकारी बीडीओ बिना सुचना दिए कार्यालय से अनुमंडल पदाधिकारी'
01-01458-02,./Audio/01-01458-02.mp3,मधुबनी ऐसी रामकृष्ण सिंह,Bihari,Adult,Male,,,,Bihar,,16Ha396pSMhaHLpVNxRTLpWCAWVZ9PqIy,01-01458-02.mp3,transcript,Madhubani,Bihar,platform_broadcast_bumper,not_applicable,[],[],[],[],Community caller report regarding local condition: 'मधुबनी ऐसी रामकृष्ण सिंह'
01-01458-03,./Audio/01-01458-03.mp3,मै रामकृष्ण सिंह मधुबनी ऐसी बिहार मोबाइलवाणी के लिए,Bihari,Adult,Male,,,,Bihar,,1M1AQ98r4cNTY_TVLlxQuRI1PeppwHCz6,01-01458-03.mp3,transcript,Madhubani,Bihar,platform_broadcast_bumper,not_applicable,[],[],[],[],Community caller report regarding local condition: 'मै रामकृष्ण सिंह मधुबनी ऐसी बिहार मोबाइलवाणी के लिए'
01-01460-03,./Audio/01-01460-03.mp3,बिहार मोबाइलवाणी के लिए मै रामकृष्ण सिंह मधुबनी ऐसी,Bihari,Adult,Male,,,,Bihar,,1sejcikonxeSWKQklRHODmeg3T0ysLxix,01-01460-03.mp3,transcript,Madhubani,Bihar,platform_broadcast_bumper,not_applicable,[],[],[],[],Community caller report regarding local condition: 'बिहार मोबाइलवाणी के लिए मै रामकृष्ण सिंह मधुबनी ऐसी'
01-01462-03,./Audio/01-01462-03.mp3,जाना चाहिए मै रामकृष्ण सिंह मधुबनी ऐसी धनबाद,Bihari,Adult,Male,,,,Bihar,,14UnmkgENnQve-4duL1jHj554cyNPPOyQ,01-01462-03.mp3,transcript,Madhubani,Bihar,platform_broadcast_bumper,not_applicable,[],[],[],[],Community caller report regarding local condition: 'जाना चाहिए मै रामकृष्ण सिंह मधुबनी ऐसी धनबाद'
01-01506-01,./Audio/01-01506-01.mp3,मै रामकृष्ण सिंह मधुबनी ऐसी इधर सैकरो जमीन हाँ और लोग साइड में अपना जमीन हाँ और लेकिन और झोपड़ी आरोप रहता हाँ बिहार मोबाइलवाणी के लाई,Bihari,Adult,Male,,,,Bihar,,1RRRD-1sCmRSBL97yZFKCtjRb6VfgVbEM,01-01506-01.mp3,transcript,Madhubani,Bihar,platform_broadcast_bumper,not_applicable,[],[],[],[],Community caller report regarding local condition: 'मै रामकृष्ण सिंह मधुबनी ऐसी इधर सैकरो जमीन हाँ और लोग साइड में अपना जमीन हाँ और लेकिन और झोपड़ी आरोप रहता हाँ बिहार मोबाइलवाणी के लाई'
01-01527-01,./Audio/01-01527-01.mp3,बिहार मोबाइल वाणी के लाई शांति क्लब मधुबनी ऐसी रामाशीष सिंह अभी मैं मधुबनी के ग्राम खाजौरी प्रखंड,Accent_unknown,Adult,Male,,,,,"audio_jump,inaudible",1UWMNQZ-Ws2JtsZ97Vr2P_LcmQ3bFXd5-,01-01527-01.mp3,transcript,Madhubani,Bihar,platform_broadcast_bumper,not_applicable,[],[],[],[],Community caller report regarding local condition: 'बिहार मोबाइल वाणी के लाई शांति क्लब मधुबनी ऐसी रामाशीष सिंह अभी मैं मधुबनी के ग्राम खाजौरी प्रखंड'
01-01529-02,./Audio/01-01529-02.mp3,प्रथम इच्छा कठिनाई की और जा रहा है मेरा शिक्षा मधुबनी में ध्यान जाना चाहिए बिहार मौलधवानी के लिए शांतिकलम धन्यवाद,Bihari,Adult,Male,,Serious,,Bihar,"audio_jump,inaudible",1AB0P737SxNVnlv4Uzxg2QuYDUYAYdSke,01-01529-02.mp3,transcript,Madhubani,Bihar,platform_broadcast_bumper,not_applicable,[],[],[],[],Community caller report regarding local condition: 'प्रथम इच्छा कठिनाई की और जा रहा है मेरा शिक्षा मधुबनी में ध्यान जाना चाहिए बिहार मौलधवानी के लिए शांतिकलम धन्यवाद'
01-01528-02,./Audio/01-01528-02.mp3,बिहार मोबाइल वाणी के लाई शांति क्लब मधुबनी ऐसी रामाशीष सिंह आज़ादी के बाद देश की दशा और दिशा सुधारने के लाई शिक्षा के स्टार को उतने के लाई कई राष्ट्रीय आयोगों का गठन किया गया,Accent_unknown,Adult,Male,,,,,,1mzM3_TAyLL4kjVcLiGBpOUxsMawgDeNi,01-01528-02.mp3,transcript,Madhubani,Bihar,platform_broadcast_bumper,not_applicable,[],[],[],[],Community caller report regarding local condition: 'बिहार मोबाइल वाणी के लाई शांति क्लब मधुबनी ऐसी रामाशीष सिंह आज़ादी के बाद देश की दशा और दिशा सुधारने के लाई शिक्षा के स्टार को उतने के लाई कई राष्ट्रीय आयोगों का गठन किया गया'
01-01533-03,./Audio/01-01533-03.mp3,प्रावधान का उलंघन करने वाले दोषी पदाधिकारियों कर्मचारियों के विरुद्ध आवश्यक कार्यवाही की जाएगी बिहार मोबाइल वाणी के लाई मधुबनी ऐसी रामाशीष सिंह धन्यवाद,Accent_unknown,Adult,Male,,,,,audio_jump,1Yxx5UCycNM7VM_cWbs_wMW7E20z-Rddg,01-01533-03.mp3,transcript,Madhubani,Bihar,platform_broadcast_bumper,not_applicable,[],[],[],[],Community caller report regarding local condition: 'प्रावधान का उलंघन करने वाले दोषी पदाधिकारियों कर्मचारियों के विरुद्ध आवश्यक कार्यवाही की जाएगी बिहार मोबाइल वाणी के लाई मधुबनी ऐसी रामाशीष सिंह धन्यवाद'
01-01536-03,./Audio/01-01536-03.mp3,शांति क्लब मधुबनी ऐसी रामाशीष सिंह,Accent_unknown,Adult,Male,,,,,,13ePzvzLTSitVxsJNbH9o9aEoTju5Tmmh,01-01536-03.mp3,transcript,Madhubani,Bihar,platform_broadcast_bumper,not_applicable,[],[],[],[],Community caller report regarding local condition: 'शांति क्लब मधुबनी ऐसी रामाशीष सिंह'
01-01539-03,./Audio/01-01539-03.mp3,देश की विकास योजनाओ का निर्माण हो क्रांति क्लब मधुबनी ऐसी रामाशीष सिंह धन्यवाद,Accent_unknown,Adult,Male,,,,,,1_M465D5V9VmFNnxIB-2ZYuzP2RFO1WM7,01-01539-03.mp3,transcript,Madhubani,Bihar,platform_broadcast_bumper,not_applicable,[],[],[],[],Community caller report regarding local condition: 'देश की विकास योजनाओ का निर्माण हो क्रांति क्लब मधुबनी ऐसी रामाशीष सिंह धन्यवाद'
01-01549-03,./Audio/01-01549-03.mp3,शांति क्लब मधुबनी ऐसी रामवीर सिंह,Bihari,Adult,Male,,Serious,,Bihar,inaudible,1CQuqVCrMnrjfuuWzHioKIIKhJRyE5dGX,01-01549-03.mp3,transcript,Madhubani,Bihar,platform_broadcast_bumper,not_applicable,[],[],[],[],Community caller report regarding local condition: 'शांति क्लब मधुबनी ऐसी रामवीर सिंह'
01-01550-03,./Audio/01-01550-03.mp3,शांति क्लब मधुबनी ऐसी रामनाथ किशोर भ्रूण हत्या जघन्य पाप और प्रति बाधित है फिर भी भ्रूण हत्या हो रही है एसे रोकने में आने वाली चिंता और आशा का बड़ी भूमिका हो सकती है इनलोगों के पास,,Adult,Male,,,,,,1DUCgwNnNZwvEAocx3-XLH3A4zhrVAUNK,01-01550-03.mp3,transcript,Madhubani,Bihar,platform_broadcast_bumper,not_applicable,[],[],[],[],Community caller report regarding local condition: 'शांति क्लब मधुबनी ऐसी रामनाथ किशोर भ्रूण हत्या जघन्य पाप और प्रति बाधित है फिर भी भ्रूण हत्या हो रही है एसे रोकने में आने वाली चिंता और आशा का बड़ी भूमिका हो सकती है इनलोगों के पास'
01-01566-03,./Audio/01-01566-03.mp3,शांति क्लब ऐसी बिहार मोबाइलवाणी के लाई मधुबनी ऐसी,Bihari,Adult,Male,,,,Bihar,,1xWCS0KV_QGiRFquGef_3_yNx6UXj8KQl,01-01566-03.mp3,transcript,Madhubani,Bihar,platform_broadcast_bumper,not_applicable,[],[],[],[],Community caller report regarding local condition: 'शांति क्लब ऐसी बिहार मोबाइलवाणी के लाई मधुबनी ऐसी'
01-01567-01,./Audio/01-01567-01.mp3,मधुबनी के अधिकतर प्रखंडों में नर्सो द्वारा अस्पताल निर्धित अपने आवासों में अवैध गर्भपात करवाया जा रहा है,,,,,,,,,1r3lwF2xSiNtfVBovL6TP1ko0ToWikm6Y,01-01567-01.mp3,transcript,Madhubani,Bihar,citizen_grievance,substantive,"[{'domain': 'Health & Nutrition', 'theme': 'Primary Healthcare Access & Facilities', 'issue': 'Doctor Absenteeism & Essential Drug Shortages', 'confidence': 0.88}, {'domain': 'Housing & Habitat', 'theme': 'Rural Housing Assistance (PMAY-G)', 'issue': 'Housing Scheme Installment Delays & Exclusion', 'confidence': 0.92}]",['absenteeism'],[],[],"In several blocks of Madhubani, nurses are allegedly performing illegal medical termination of pregnancy at their residential quarters."
01-01569-01,./Audio/01-01569-01.mp3,इसके दो महत्वपूर्ण कारण है रोजगार रहित और भूमि ऐसी विस्थापन नए रोजगार कम पैदा हो रहे है और पुराने रोजगार और आजीविका को पारंपरिक आजीविका के परम पारंपरिक स्रोत नाशता हो रहे है सरकार को अविलम्ब इस और भान देना चाहिए क्रांति क्लब मधुबनी ऐसी रामाशीष सिंह धन्यवाद,Accent_unknown,Adult,Male,,,,,inaudible,1Oi6-WdDv9_N6zy1BeDv5WieiSEloSllc,01-01569-01.mp3,transcript,Madhubani,Bihar,community_action,substantive,"[{'domain': 'Civic Action & Community Mobilization', 'theme': 'Women Empowerment & Self-Help Groups', 'issue': 'SHG Micro-Credit & Livelihood Mobilization (Jeevika/SRLM)', 'confidence': 0.9}, {'domain': 'Employment, Livelihoods & Migration', 'theme': 'Local Non-Farm Livelihoods & Wages', 'issue': 'Deficit of Local Non-Farm Livelihood Opportunities', 'confidence': 0.86}]",['shortage'],[],[],"There are two major crises: lack of local jobs and land displacement, destroying traditional rural livelihoods."
01-01576-01,./Audio/01-01576-01.mp3,मधुबनी जिले के कजरी प्रखण्ड का कजरी आज ऐसी ढेर महिना पहले गया हैं माफिया लोग ऐसी पीड़ित हो गया हैं वो आना चाहता हैं उन्हें आने नहीं दिया जाता,,,,,,,,,1Lbz0jR3AP5DYi01V0X6DEGJ3TM9tHZfG,01-01576-01.mp3,transcript,Madhubani,Bihar,platform_broadcast_bumper,not_applicable,[],[],[],[],Community caller report regarding local condition: 'मधुबनी जिले के कजरी प्रखण्ड का कजरी आज ऐसी ढेर महिना पहले गया हैं माफिया लोग ऐसी पीड़ित हो गया हैं वो आना चाहता हैं उन्हें आने नहीं दिया जाता'
01-01575-03,./Audio/01-01575-03.mp3,बिहार मोबाइल वाणी के लाई शांति क्लब मधुबनी ऐसी रामाशीष सिंह,Accent_unknown,Adult,Male,,,,,,1CH-VHKQvUH_D0sjeaJKaJRoGIFjNknLo,01-01575-03.mp3,transcript,Madhubani,Bihar,platform_broadcast_bumper,not_applicable,[],[],[],[],Community caller report regarding local condition: 'बिहार मोबाइल वाणी के लाई शांति क्लब मधुबनी ऐसी रामाशीष सिंह'
01-01578-02,./Audio/01-01578-02.mp3,सरकार को भारतीय संविधान की धारा तीन सौ बारह एवम तेरह में और कठोर दण्ड का प्रावधान पर इसे सख्ती से लागू करना चाहिए बिहार मोबाइल वाणी के लिए शांति क्लब मधुबनी से रामाशीष सिंह धन्यवाद,Bihari,Adult,Male,,,,Bihar,,1s3kj-doCmyNISTfolWtNCJpqybq5_kMz,01-01578-02.mp3,transcript,Madhubani,Bihar,platform_broadcast_bumper,not_applicable,[],[],[],[],Community caller report regarding local condition: 'सरकार को भारतीय संविधान की धारा तीन सौ बारह एवम तेरह में और कठोर दण्ड का प्रावधान पर इसे सख्ती से लागू करना चाहिए बिहार मोबाइल वाणी के लिए शांति क्लब मधुबनी से रामाशीष सिंह धन्यवाद'
01-01600-03,./Audio/01-01600-03.mp3,शांतिकलम मधुबनी ऐसी राम शेरसिंह बच्चों को पूरा काम करने में लगा देखा जा सकता हैं,Bihari,Adult,Male,,,,Bihar,inaudible,1jLHE7XMWwf_--vH9fa1lyJz8KibuuoSS,01-01600-03.mp3,transcript,Madhubani,Bihar,platform_broadcast_bumper,not_applicable,[],[],[],[],Community caller report regarding local condition: 'शांतिकलम मधुबनी ऐसी राम शेरसिंह बच्चों को पूरा काम करने में लगा देखा जा सकता हैं'
01-01602-03,./Audio/01-01602-03.mp3,कूड़ा करकट में उन्हें मुक्त मुक्ति दिलाकर उनका भविष्य सुन्दर करने के लिए सरकार को गंभीरता ऐसी शांतिकलम मधुबनी ऐसी राम शेरसिंह धन्यवाद,Bihari,Adult,Male,,,,Bihar,inaudible,123W5IXeWE6pRBkCzy9Ghd1GqvMJi5B9e,01-01602-03.mp3,transcript,Madhubani,Bihar,platform_broadcast_bumper,not_applicable,[],[],[],[],Community caller report regarding local condition: 'कूड़ा करकट में उन्हें मुक्त मुक्ति दिलाकर उनका भविष्य सुन्दर करने के लिए सरकार को गंभीरता ऐसी शांतिकलम मधुबनी ऐसी राम शेरसिंह धन्यवाद'
01-01612-02,./Audio/01-01612-02.mp3,बिहार मोबाइल वाणी के लिए कांति क्लब मधुबनी ऐसी रामाशीष सिंह,Bihari,,Male,,,,Bihar,,1Fc5wn8wbpXN7k_G0l9aPA3Q37F9_AuJx,01-01612-02.mp3,transcript,Madhubani,Bihar,platform_broadcast_bumper,not_applicable,[],[],[],[],Community caller report regarding local condition: 'बिहार मोबाइल वाणी के लिए कांति क्लब मधुबनी ऐसी रामाशीष सिंह'
01-01616-03,./Audio/01-01616-03.mp3,बिहार ऐसी मोबाइलवाणी जिले ऐसी शांति क्लब मधुबनी ऐसी रामासेठ सिंह भगवान का रूप हैं माँ विधाता ने बहुत सोच समझ कर संसार बनाया हैं उन्होंने बहुत सारी रचनाये बनायी हैं,,,,,,,,,1Lrh6OfOMjaht8Rs_1TL9zI2M-jcbtyCX,01-01616-03.mp3,transcript,Madhubani,Bihar,platform_broadcast_bumper,not_applicable,[],[],[],[],Community caller report regarding local condition: 'बिहार ऐसी मोबाइलवाणी जिले ऐसी शांति क्लब मधुबनी ऐसी रामासेठ सिंह भगवान का रूप हैं माँ विधाता ने बहुत सोच समझ कर संसार बनाया हैं उन्होंने बहुत सारी रचनाये बनायी हैं'
01-01619-02,./Audio/01-01619-02.mp3,बिहार मोबाइल वाणी के लिए शांतिकलम मधुबनी ऐसी रामाशीष सिंह,Bihari,Adult,Male,,,,Bihar,,135ZfgKy0P8d2dhG_ddvYhM6TGI_oaYkT,01-01619-02.mp3,transcript,Madhubani,Bihar,platform_broadcast_bumper,not_applicable,[],[],[],[],Community caller report regarding local condition: 'बिहार मोबाइल वाणी के लिए शांतिकलम मधुबनी ऐसी रामाशीष सिंह'
01-01620-03,./Audio/01-01620-03.mp3,स्थानीय स्वराज को मधुत करने की सपना ऐसी अधिक जुड़ा हो सरार के सौतेलापन को एकदम दूर करना चाहिए बिहार मोबाइलवाणी के लाई शांति क्लब मधुबनी ऐसी रामाशीष सिंह धनबाद,,,,,,,,,19w0UZFiSC5nhu_4i9FqKeGU0MxGZo-5M,01-01620-03.mp3,transcript,Madhubani,Bihar,platform_broadcast_bumper,not_applicable,[],[],[],[],Community caller report regarding local condition: 'स्थानीय स्वराज को मधुत करने की सपना ऐसी अधिक जुड़ा हो सरार के सौतेलापन को एकदम दूर करना चाहिए बिहार मोबाइलवाणी के लाई शांति क्लब मधुबनी ऐसी रामाशीष सिंह धनबाद'
01-01626-03,./Audio/01-01626-03.mp3,मधुबनी राममंदिर खजौली प्रखंड में खाद्य अवाम यूरिया पर आधारित है,,,,,,,,,1uXzELoih929rP9gFaAx2afpMLPtShd7l,01-01626-03.mp3,transcript,Madhubani,Bihar,citizen_grievance,substantive,"[{'domain': 'Agriculture & Allied Livelihoods', 'theme': 'Agricultural Inputs & Crop Health', 'issue': 'Fertilizer & Seed Supply Shortages', 'confidence': 0.88}, {'domain': 'Governance & Social Entitlements', 'theme': 'Local Governance & Administrative Redressal', 'issue': 'Aadhaar, Voter ID & Bank DBT Seeding Hurdles', 'confidence': 0.88}]",['shortage'],[],[],Community caller report regarding local condition: 'मधुबनी राममंदिर खजौली प्रखंड में खाद्य अवाम यूरिया पर आधारित है'
01-01633-03,./Audio/01-01633-03.mp3,पब्लिक स्कूल व्यवसाय का अड्डा बना हुआ है बिहार मोबाइल वाणी के लिए शांतिकलम मधुबनी ऐसी रामाशीष सिंह धन्यवाद,Bihari,Adult,Male,,,,Bihar,,1I16ghPd6Na64V_mrqSJWWa5i3Q1oVv6l,01-01633-03.mp3,transcript,Madhubani,Bihar,platform_broadcast_bumper,not_applicable,[],[],[],[],Community caller report regarding local condition: 'पब्लिक स्कूल व्यवसाय का अड्डा बना हुआ है बिहार मोबाइल वाणी के लिए शांतिकलम मधुबनी ऐसी रामाशीष सिंह धन्यवाद'
01-01650-02,./Audio/01-01650-02.mp3,बिहार मोबाइल वाणी ऐसी मधुबनी ऐसी रामाशीष सिंह शिक्षा के विषय में अधिक जानकारी का मतलब होता है सीखना,Bihari,,Male,,,,Bihar,,1QUOQ5P9l2bodsoR8QUVchlHvKBi7HBHm,01-01650-02.mp3,transcript,Madhubani,Bihar,platform_broadcast_bumper,not_applicable,[],[],[],[],Community caller report regarding local condition: 'बिहार मोबाइल वाणी ऐसी मधुबनी ऐसी रामाशीष सिंह शिक्षा के विषय में अधिक जानकारी का मतलब होता है सीखना'
01-01658-03,./Audio/01-01658-03.mp3,बिहार मोबाइलवाणी के लाई शांति क्लब मधुबनी खेल रामाशीष सिंह इक्कीसवीं सदी का भारत क्यूंकि तो विकास और बहुमत के बीच में शिखर छु रहा है परन्तु विकास और बदलाव के इस दौर में,,,,,,,,,1eevxYSwPQrlpM8oT1KwJfpCYzEbTZGOG,01-01658-03.mp3,transcript,Madhubani,Bihar,platform_broadcast_bumper,not_applicable,[],[],[],[],Community caller report regarding local condition: 'बिहार मोबाइलवाणी के लाई शांति क्लब मधुबनी खेल रामाशीष सिंह इक्कीसवीं सदी का भारत क्यूंकि तो विकास और बहुमत के बीच में शिखर छु रहा है परन्तु विकास और बदलाव के इस दौर में'
01-01660-03,./Audio/01-01660-03.mp3,यार मोबाइल वाणी के लिए जानपुर जिला मधुबनी ऐसी रामासेठ सिंह सरकार जब भी कोई कानून बनाती हैं या कोई भी नज़र लेती हैं तो जामिद तारीख को किया जाता हैं,Accent_unknown,Adult,Male,,Serious,,,,1AEDKX8r_K9_apDgJAV7QUs2X_tGIrnNh,01-01660-03.mp3,transcript,Madhubani,Bihar,platform_broadcast_bumper,not_applicable,[],[],[],[],Community caller report regarding local condition: 'यार मोबाइल वाणी के लिए जानपुर जिला मधुबनी ऐसी रामासेठ सिंह सरकार जब भी कोई कानून बनाती हैं या कोई भी नज़र लेती हैं तो जामिद तारीख को किया जाता हैं'
01-01662-02,./Audio/01-01662-02.mp3,इंसान धीर गंभीर बने बिहार मोबाइल वाणी के लिए शांति क्लब मधुबनी से रामाशीष सिंह धन्यवाद,Bihari,Adult,Male,,Serious,,Bihar,inaudible,1LQl_-7ZZ325X5NFa50UwfMIpIwwX85gB,01-01662-02.mp3,transcript,Madhubani,Bihar,platform_broadcast_bumper,not_applicable,[],[],[],[],Community caller report regarding local condition: 'इंसान धीर गंभीर बने बिहार मोबाइल वाणी के लिए शांति क्लब मधुबनी से रामाशीष सिंह धन्यवाद'
01-11151-01,./Audio/01-11151-01.mp3,की भारतीय स्तर पहलवान बजरंग पुनिया ने देश वासियों की उमीदों आरोप खड़ा उतरते हुए रविवार को अठारहवी मैं भारत को पहला स्वर्ण पदक दिलाया तो दोस्तों कैसा लगा आपको समाचार,Accent_unknown,Adult,Male,,,,,inaudible,1hGtuSQeO7mipll8TF5yxIkH-VjdtcuoQ,01-11151-01.mp3,unknown,Unspecified_District,Unspecified_State,platform_broadcast_bumper,not_applicable,[],[],[],[],Community caller report regarding local condition: 'की भारतीय स्तर पहलवान बजरंग पुनिया ने देश वासियों की उमीदों आरोप खड़ा उतरते हुए रविवार को अठारहवी मैं भारत को पहला स्वर्ण पदक दिलाया तो दोस्तों कैसा लगा आपको समाचार'
01-09523-02,./Audio/01-09523-02.mp3,को छबीस गेंद शेष रहते हासिल कर लिया सलामी बल्लेबाज पावन साहनी भारत अंडर नाइनतीन के लिए चौसठ गेंद में उनचास रन बनाये धन्यवाद,Accent_unknown,Adult,Male,,,,,,1ircbmau-89HKne_WsEaeYaI3cTfRk3iL,01-09523-02.mp3,unknown,Unspecified_District,Unspecified_State,platform_broadcast_bumper,not_applicable,[],[],[],[],Community caller report regarding local condition: 'को छबीस गेंद शेष रहते हासिल कर लिया सलामी बल्लेबाज पावन साहनी भारत अंडर नाइनतीन के लिए चौसठ गेंद में उनचास रन बनाये धन्यवाद'
01-07924-03,./Audio/01-07924-03.mp3,नमस्कार मई सुषमा कुमारी रिपोर्टर बोकारो ऐसी सरकार को जीएसटी लागू नी करना चाहिए था क्यूँ जीएसटी का शिकार जिनकी आर्थिक स्थिति,Accent_unknown,Adult,Female,,,,,audio_jump,1psB0gGOeRROklhorVI1-Yi70MXsMwBvX,01-07924-03.mp3,unknown,Unspecified_District,Unspecified_State,platform_broadcast_bumper,not_applicable,[],[],[],[],Community caller report regarding local condition: 'नमस्कार मई सुषमा कुमारी रिपोर्टर बोकारो ऐसी सरकार को जीएसटी लागू नी करना चाहिए था क्यूँ जीएसटी का शिकार जिनकी आर्थिक स्थिति'
02-16367-01,./Audio/02-16367-01.mp3,वही जमुई नगर परिषद के अंतर्गत सतभामा खेरमा सिकंदरा खैरा चकाई आदि जाए स्थानों पर अखाड़े निकले गए,Accent_unknown,Adult,Male,,,,,inaudible,1DdW-tg1QLq7AMqf07NpDds36ZWh29pUv,02-16367-01.mp3,unknown,Unspecified_District,Unspecified_State,platform_broadcast_bumper,not_applicable,[],[],[],[],Community caller report regarding local condition: 'वही जमुई नगर परिषद के अंतर्गत सतभामा खेरमा सिकंदरा खैरा चकाई आदि जाए स्थानों पर अखाड़े निकले गए'
01-01728-02,./Audio/01-01728-02.mp3,अपना का घूँट पीना पड़ता है जबकि वह बेक़सूर होती है दोषी परिवार का एकमात्र दलीले देकर अगाबी किशन होती है,,,,,,,,,1K18d1F6PHO3Mn87W33lBHrdF6Bq4k0Ks,01-01728-02.mp3,unknown,Unspecified_District,Unspecified_State,platform_broadcast_bumper,not_applicable,[],[],[],[],Community caller report regarding local condition: 'अपना का घूँट पीना पड़ता है जबकि वह बेक़सूर होती है दोषी परिवार का एकमात्र दलीले देकर अगाबी किशन होती है'
01-01815-02,./Audio/01-01815-02.mp3,नमस्कार ऐसी मैं बीरबल माथुर कविता बोल रहा हूँ बल शोषण है महा पाप,Accent_unknown,Adult,Male,,,,,inaudible,1rmJ6qpVufCtXapxVOLiKjTOUfH2ggPJq,01-01815-02.mp3,unknown,Unspecified_District,Unspecified_State,cultural_and_creative,not_applicable,[],[],[],[],Community caller report regarding local condition: 'नमस्कार ऐसी मैं बीरबल माथुर कविता बोल रहा हूँ बल शोषण है महा पाप'
01-03485-03,./Audio/01-03485-03.mp3,सोनू कुमार रजनीश कुमार संतोष कुमार निशा जीतेन्द्र कुमार मिश्रा विकास कुमार अमर कुमार अमन कुमार एवम रु रुपेश कुमार की विचार भी सराहनीय रही,Accent_unknown,Adult,Male,,,,,"audio_jump,speaker_change",1uBoBRjqviLD63XqPI-FixAnIZvfYIC89,01-03485-03.mp3,unknown,Unspecified_District,Unspecified_State,platform_broadcast_bumper,not_applicable,[],[],[],[],Community caller report regarding local condition: 'सोनू कुमार रजनीश कुमार संतोष कुमार निशा जीतेन्द्र कुमार मिश्रा विकास कुमार अमर कुमार अमन कुमार एवम रु रुपेश कुमार की विचार भी सराहनीय रही'
02-15067-01,./Audio/02-15067-01.mp3,लेकिन क्या कभी खुद डाकघर गएँ तो कभी ऐसा नहीं लगा की वहाँ पर पासबुक की सुविधा मिलते है नहीं ये तो पता है कि वहाँ पर पासबुक खुलता है लेकिन इतना क्यूंकि बचत खाता है मेरे पास,Accent_unknown,Adult,Male,,,,,speaker_change,1omZIp4v8jGEEbE-z1mfANrM3DPUOKZzd,02-15067-01.mp3,unknown,Unspecified_District,Unspecified_State,citizen_grievance,substantive,"[{'domain': 'Governance & Social Entitlements', 'theme': 'Local Governance & Administrative Redressal', 'issue': 'Aadhaar, Voter ID & Bank DBT Seeding Hurdles', 'confidence': 0.88}]",['exclusion_or_documentation_barrier'],[],[],Community caller report regarding local condition: 'लेकिन क्या कभी खुद डाकघर गएँ तो कभी ऐसा नहीं लगा की वहाँ पर पासबुक की सुविधा मिलते है नहीं ये तो पता है कि वहाँ पर पासबुक खुलता है लेकिन इतना क्यूंकि बचत खाता है मेरे पास'
02-13607-02,./Audio/02-13607-02.mp3,श्रीलंका करीब छह गुना जयादा खर्च करता है जबकि इंडोनेशिया दोगुना जयादा नए आंकड़ो ऐसी पता चलता है की स्वास्थ्य आरोप सकल घरेलु उत्पाद का,Accent_unknown,Adult,Male,,,,,,1IiF2H5KfzWnKcrNuiw3Bd7m3yNyAv4mw,02-13607-02.mp3,unknown,Unspecified_District,Unspecified_State,platform_broadcast_bumper,not_applicable,[],[],[],[],Community caller report regarding local condition: 'श्रीलंका करीब छह गुना जयादा खर्च करता है जबकि इंडोनेशिया दोगुना जयादा नए आंकड़ो ऐसी पता चलता है की स्वास्थ्य आरोप सकल घरेलु उत्पाद का'
01-12037-02,./Audio/01-12037-02.mp3,कोषण के लिए सरकार ने तोल फ्री हेल्प लाइन जारी किया खबर है नई डेल्ही ऐसी ऐसी कोषण और कुपोषण ऐसी सम्बंधित सवालों के समाधान के लिए सरकार का ने एक,Accent_unknown,Adult,Male,Music,,,,,1wiMTCr1D5gEHI-VLQ7uX-1a6udzJOIGI,01-12037-02.mp3,unknown,Unspecified_District,Unspecified_State,platform_broadcast_bumper,not_applicable,[],[],[],[],Community caller report regarding local condition: 'कोषण के लिए सरकार ने तोल फ्री हेल्प लाइन जारी किया खबर है नई डेल्ही ऐसी ऐसी कोषण और कुपोषण ऐसी सम्बंधित सवालों के समाधान के लिए सरकार का ने एक'
01-02397-02,./Audio/01-02397-02.mp3,बच्चे ठीक तरह से समझ नहीं पाते पढाई होती है जिसके कारण प्राथमिकता विद्द्यालय छात्र छात्रा है जिनसे मै कहना चाहूँगा की कुछ ऐसे ही प्राथमिक विद्द्यालय है,Accent_unknown,Adult,Male,,,,,inaudible,1RE8nZbtBJz_FipcL_5P4J8halTx0KZAm,01-02397-02.mp3,unknown,Unspecified_District,Unspecified_State,platform_broadcast_bumper,not_applicable,[],[],[],[],Community caller report regarding local condition: 'बच्चे ठीक तरह से समझ नहीं पाते पढाई होती है जिसके कारण प्राथमिकता विद्द्यालय छात्र छात्रा है जिनसे मै कहना चाहूँगा की कुछ ऐसे ही प्राथमिक विद्द्यालय है'
01-03776-01,./Audio/01-03776-01.mp3,किया बैठक में सोना कुमार सिंह ने बताया की माननीय मुख्यमंत्री नीतिश कुमार के जे डी यू के राष्ट्रीय अध्यक्ष बनाने आरोप उन्हें बधाई दी एवं बधाई सन्देश में सोना कुमार सिंह ने बताया की आने वाला समय में बिहार देश को प्रधानमंत्री देगी नीतिश कुमार के रूप में देगा उन्होंने कहा की माननीय मुख्यमंत्री जी एक दो दर्शीय एवं सवी धर्म एवं सभी जाती ऐसी ऊपर उठ कर काम करने वाले व्यक्ति है बिहार के मुख्यमंत्री जी ने विकास का जो लकीर खींची जिसके कारण बिहार की छवि आने देशो में पूर्व थी,Accent_unknown,Adult,Male,,,,,,1sNALQcnjNMsojaOvRzFhpEwceRAldhIH,01-03776-01.mp3,unknown,Unspecified_District,Unspecified_State,platform_broadcast_bumper,not_applicable,[],[],[],[],Community caller report regarding local condition: 'किया बैठक में सोना कुमार सिंह ने बताया की माननीय मुख्यमंत्री नीतिश कुमार के जे डी यू के राष्ट्रीय अध्यक्ष बनाने आरोप उन्हें बधाई दी एवं बधाई सन्देश में सोना कुमार सिंह ने बताया की आने वाला समय में बिहार देश को प्रधानमंत्री देगी नीतिश कुमार के रूप में देगा उन्होंने कहा की माननीय मुख्यमंत्री जी एक दो दर्शीय एवं सवी धर्म एवं सभी जाती ऐसी ऊपर उठ कर काम करने वाले व्यक्ति है बिहार के मुख्यमंत्री जी ने विकास का जो लकीर खींची जिसके कारण बिहार की छवि आने देशो में पूर्व थी'
02-22135-01,./Audio/02-22135-01.mp3,इसी के कारण विधि बताया गया जितना बोली दीदी बोली की अभी गर्मी के कारण मलेरिया टाइफायड डायरिया भी होता है तो देखिये दी,Accent_unknown,Adult,Male,,,,,,1D-V3yWdQuapHAPa0goLQdsyx0k4709dV,02-22135-01.mp3,unknown,Unspecified_District,Unspecified_State,platform_broadcast_bumper,not_applicable,[],[],[],[],Community caller report regarding local condition: 'इसी के कारण विधि बताया गया जितना बोली दीदी बोली की अभी गर्मी के कारण मलेरिया टाइफायड डायरिया भी होता है तो देखिये दी'
01-09269-02,./Audio/01-09269-02.mp3,नमस्कार खबर हैं नई दिल्ली से भारत और इंग्लैंड के बीच बरबीघा मैं पहला टेस्ट मैच खेला जा रहा है इस टेस्ट में इंग्लैंड ने टॉस जीतकर पहले बल्लेबाजी करने का,Accent_unknown,Adult,Male,,,,,audio_break,1atEbGJjVNsaqZZciMdwVL8eYuJH-8zHk,01-09269-02.mp3,unknown,Unspecified_District,Unspecified_State,platform_broadcast_bumper,not_applicable,[],[],[],[],Community caller report regarding local condition: 'नमस्कार खबर हैं नई दिल्ली से भारत और इंग्लैंड के बीच बरबीघा मैं पहला टेस्ट मैच खेला जा रहा है इस टेस्ट में इंग्लैंड ने टॉस जीतकर पहले बल्लेबाजी करने का'
02-15667-01,./Audio/02-15667-01.mp3,और अभी इस कार्यक्रम के साथ साथ एक लल्लन छुट्टन के माध्यम ऐसी बेटी जागरूकता का कार्यक्रम सदर रहा है वो नाटक आपको कैसा लगता है लल्लन छुट्टन का कार्यक्रम,Accent_unknown,Adult,Male,,,,,speaker_change,13YhV_u0RQgn8KUQXGvNaHCSC1RYLHLGJ,02-15667-01.mp3,unknown,Unspecified_District,Unspecified_State,platform_broadcast_bumper,not_applicable,[],[],[],[],Community caller report regarding local condition: 'और अभी इस कार्यक्रम के साथ साथ एक लल्लन छुट्टन के माध्यम ऐसी बेटी जागरूकता का कार्यक्रम सदर रहा है वो नाटक आपको कैसा लगता है लल्लन छुट्टन का कार्यक्रम'
02-13536-02,./Audio/02-13536-02.mp3,जिले की औसत बारिशें सैतीस दशमलव तीन मिली मीटर बारिश इस वर्ष अभी तक सर्वाधिक आठ सौ पांच मिली मीटर बारिश तहसील मैं दर्ज,Accent_unknown,Adult,Female,,,,,inaudible,11g-DDqUESrjluf-vyGDEn4Ad1bFp5KAk,02-13536-02.mp3,unknown,Unspecified_District,Unspecified_State,platform_broadcast_bumper,not_applicable,[],[],[],[],Community caller report regarding local condition: 'जिले की औसत बारिशें सैतीस दशमलव तीन मिली मीटर बारिश इस वर्ष अभी तक सर्वाधिक आठ सौ पांच मिली मीटर बारिश तहसील मैं दर्ज'
01-06890-03,./Audio/01-06890-03.mp3,लोगो में राहत की चैन भीषण गर्मी ऐसी सभी के सभी परेशान,,Adult,Male,,,,,inaudible,1XHOWTe83VE-T9KW6qPfu3TgafM2nvrZk,01-06890-03.mp3,unknown,Unspecified_District,Unspecified_State,platform_broadcast_bumper,not_applicable,[],[],[],[],Community caller report regarding local condition: 'लोगो में राहत की चैन भीषण गर्मी ऐसी सभी के सभी परेशान'
02-12729-01,./Audio/02-12729-01.mp3,देख रेख जाने ऐसी नहीं होगा दीदी को मेरा नमस्कार मेरा नाम मीना देवी है गाँव के रहने वाली हूँ निवासी हूँ समूह की बैठक कन्धा रही हूँ,Bhojpuri,Adult,Female,,,,,inaudible,11PbNACphe806Olr3bmwoOExP5IR_2uHx,02-12729-01.mp3,unknown,Unspecified_District,Unspecified_State,conversational_preliminary,not_applicable,[],[],[],[],Community caller report regarding local condition: 'देख रेख जाने ऐसी नहीं होगा दीदी को मेरा नमस्कार मेरा नाम मीना देवी है गाँव के रहने वाली हूँ निवासी हूँ समूह की बैठक कन्धा रही हूँ'
01-07444-01,./Audio/01-07444-01.mp3,नमस्कार प्रखण्ड ऐसी एह चन्द्र पुर धनबाद जो ट्रेन बंद हो जा रही है इसमें देखा गया की एक की,Accent_unknown,Adult,Male,,,,,inaudible,1rGHKKik_1s7tThMRde2Blskx16l-G6lu,01-07444-01.mp3,unknown,Unspecified_District,Unspecified_State,platform_broadcast_bumper,not_applicable,[],[],[],[],Community caller report regarding local condition: 'नमस्कार प्रखण्ड ऐसी एह चन्द्र पुर धनबाद जो ट्रेन बंद हो जा रही है इसमें देखा गया की एक की'
01-08011-01,./Audio/01-08011-01.mp3,बोकारो ऐसी भारत सरकार या राज सरकार ने पालक भवन मूल पुण्य ऐसी निर्माण करवाने के लिए योजना निकालती हैं कभी कभी छोटी छोटी भूल यह लापरवाही के चलते आधा अधूरा पढ़ जाता हैं यह पढाया जाता हैं योजना राशी को भी मुकर दिया जाता हैं और काम जैसे तैसे पूर्ण करते छोड़,Accent_unknown,Adult,Female,,Serious,,,,1OjePfC9slR6InwLDiONE1JxAdR30hley,01-08011-01.mp3,unknown,Unspecified_District,Unspecified_State,platform_broadcast_bumper,not_applicable,[],[],[],[],Community caller report regarding local condition: 'बोकारो ऐसी भारत सरकार या राज सरकार ने पालक भवन मूल पुण्य ऐसी निर्माण करवाने के लिए योजना निकालती हैं कभी कभी छोटी छोटी भूल यह लापरवाही के चलते आधा अधूरा पढ़ जाता हैं यह पढाया जाता हैं योजना राशी को भी मुकर दिया जाता हैं और काम जैसे तैसे पूर्ण करते छोड़'
