utt_id,audio_path,reference,Accent,Age,Gender,Background,Sentiment,District,State,Other,audio_drive_id,audio_filename
13-00087-04,./Audio/13-00087-04.mp3,लिया है सी आर पी जी एफ में इक्कीसों छियासठ पदों आरोप नियुक्तियाँ होनी है होनी है सरकारी नौकरियों के ताजे विज्ञापन में,,,,,,,,audio_break,1mtmbzK2WZ3jWIL8D-Mv1iM5VA4D2PItS,13-00087-04.mp3
13-00094-02,./Audio/13-00094-02.mp3,वौइस् ट्रैफिक व्यवस्था को दुरुस्त कराने के लिए दरभंगा पुलिस ने एड लांच किया हैं पुलिस प्रसाशन आर टी ओ और डी टी ओ के माध्यम ऐसी इनमें,,,Female,,,Darbhanga,Bihar,,1lmrudQn96p1ft5Dkt9gj4RUj14nQY5o-,13-00094-02.mp3
13-00096-01,./Audio/13-00096-01.mp3,था गर इस तारीख तक नहीं हुई बारिश तो सुखा ग्रस्त घोषित होगा प्रदेश खबर हैं पटना ऐसी ऐसी बिहार के कृषिमंत्री प्रेम कुमार ने कहा है की,,Adult,Female,,Serious,,,,1HSe6NEYczISn9Jq_ggouIpClsIavoyPj,13-00096-01.mp3
13-00096-03,./Audio/13-00096-03.mp3,सामने सबसे बड़ी चुनौती हैं टी हैं लेकिन हम इसके लिए तैयार हैं मुख्या मंत्री नीतिश कुमार ने सचिवालय स्थित संवाद में डीजल अनुदान का किसानों के बैंक खाते में ऑनलाइन अंतरण कार्यक्रम का शुभारम्भ करते हुए कहा की,,Adult,Female,,Serious,,,,1uFxqHRVg4ujgmX8ds5ZGXkbtRVOFYymg,13-00096-03.mp3
13-00097-01,./Audio/13-00097-01.mp3,खबरें जी एस टी रिटर्न खबर हैं न्यू डेल्ही ऐसी जी एस टी रिटर्न की प्रक्रिया सरल बना कर बना कर कारोबारों को राहत देने की घोषणा करने के बाद के बाद सरकार एक ऐसा उपाय,,Adult,Female,Music,Happy,,New_delhi,audio_jump,1BtAjQil6i8okssCLH5DbYdXxtxuGzr5T,13-00097-01.mp3
13-00100-01,./Audio/13-00100-01.mp3,जिले सूखे की ओर बढ़ते चले जा रहे हैं इनका कहना हैं की अभी दो दिन ऐसी बारिश हो रही हैं जिससे लेकिन धन रोपाई के लिए इस बूंदा बूंदी बारिश ऐसी कोई फायदा नहीं,Bihari,Adult,Female,,Sad,,Bihar,audio_jump,1JMJ93eStQ63ArFyoReOwFinE0CvJgrWM,13-00100-01.mp3
13-00139-03,./Audio/13-00139-03.mp3,वौइस् ऐसी ट्रैफिक व्यवस्था को दुरुस्त कराने के लिए दरभंगा पुलिसने एक आप लांच किया है पुलिस प्रशासन आर टी ओ और डी टी ओ के माध्यम ऐसी इनमे,,,Female,,,Darbhanga,Bihar,,18a_uUXeLY6cBmPbsd7WsMHeSnsGrsQTL,13-00139-03.mp3
13-00143-03,./Audio/13-00143-03.mp3,का पीछा करते हुए दक्षिण अफ्रीकी टीम दूसरी पारी में दो सौ नब्बे रन आरोप आउट हो तो श्रोताओं मिलते है कुछ नई और खास ख़बरों के लिए तब तक बनने रहे मोबाइल वाणी के साथ धन्यवाद,Accent_unknown,Adult,Female,Music,Serious,,,audio_break,1MWg61-sWHEaweevCGGlYFF4I0egpHKTC,13-00143-03.mp3
13-00144-01,./Audio/13-00144-01.mp3,बिहार राज्य के मुंगरे जिला ऐसी जिला ऐसी विपिन कुमार मोबइलवाणी के माध्यम ऐसी ऐसी कहते हैं की बूंदा बूंदी बारिश ऐसी खुश,Bihari,Adult,Female,,,,Bihar,audio_jump,1a69L9O5eGRzHx2yZVbrETeT4pTgO_Ofy,13-00144-01.mp3
13-00144-04,./Audio/13-00144-04.mp3,हैं किसानों को हल्की बूंदा बूंदी ऐसी ज्यादा फायदा नहीं हो रहा हैं और यही वजह हैं की किसान अभी बारिश का इंतज़ार कर रहा हैं रहे हैं मानसून में हो रही बेरुखी की वजह ऐसी जिला,,Adult,Female,,Sad,,,,117NJFFBVMROTN-_NZgkqstfWGljXb1S-,13-00144-04.mp3
13-00147-01,./Audio/13-00147-01.mp3,उतर्वाहिनी के गंगा के जल भक्त लेकर शिवालयो आरोप अर्पित करते है करते है इन मंदिरों की साफ़ सफाई और सजावट का काम भी बड़े जोर शोर ऐसी सदर रहा है बिहार,Bhojpuri,Adult,Female,,Serious,,,audio_break,1s1ek3HjJBShuFT_PKWqONjsGpfhrM8zJ,13-00147-01.mp3
13-00148-05,./Audio/13-00148-05.mp3,थाने चौकीदार गस्ती कर रहे थे और अंत में बिहार राज्य के मधुबनी जिला ऐसी रामानंद सिंह ने मोबाइल वाणी के माध्यम ऐसी बताया की मधुबनी जिले के वैसे किसान जो सीओ,Accent_unknown,Adult,Male,,Serious,,,audio_break,1j6gaAoOT_OjDwdtzcv-txExi-dWGZFhP,13-00148-05.mp3
13-00149-02,./Audio/13-00149-02.mp3,और ऐसे ही बड़ी खबरों के लिए सुनते रहे मधुवनी मोबइलवाणी धन्यवाद,,Adult,Female,,,Madhubani,Bihar,,1O-U6Lj_SH89eyEfvmdHohkZgLdmxRVYj,13-00149-02.mp3
13-00154-04,./Audio/13-00154-04.mp3,धन्यवाद साथियों में मधु लेकर आई हूँ शाम की सुर्खिया,,Adult,Female,Music,,Munger,Bihar,,1hG890zre7ZEUzOLwbhXWauOI8M6RF9HI,13-00154-04.mp3
13-00154-06,./Audio/13-00154-06.mp3,दिखेगा श्वेत धवल चांदनी बिखेरने वाला चाँद आज सुर्ख लाल नज़र आयेगा इस पूरी खगोलीय घटना को किसी खास उपकरण का इस्तेमाल,,Adult,Female,,,Munger,Bihar,,1eT8p6ziOvYLyOHvK6JAbYDFJkThtFTnB,13-00154-06.mp3
13-00155-01,./Audio/13-00155-01.mp3,के बिना देखा जा सकेगा देश में पूर्ण कालीन चंद्रग्रहण पूरी तरह ऐसी दिखाई देगा ग्यारह बजकर चौवालिस मिनट आरोप शुरू होकर ग्यारह बजकर चौवन मिनट आरोप,Bihari,Adult,Female,,Serious,,Bihar,inaudible,1gIf_p-HUUuw4cGHJ0Z_XPkTslkExj7tj,13-00155-01.mp3
13-00157-05,./Audio/13-00157-05.mp3,न्यूनतम वेतन खबर है नई दिल्ली से,,Adult,Female,,Serious,,,,1wfYSgE6ZwPK7W-Hw4UuVEMQJkMjZAJ6W,13-00157-05.mp3
13-00158-02,./Audio/13-00158-02.mp3,सैलरी अठारह हजार करने की वजाय छब्बीस हजार रुपये करने आरोप राजी हो सकती है,Accent_unknown,Adult,Female,,Serious,,,,1wwZNQo3lOBrZ6ad_dqN04wjSOE7LpEwI,13-00158-02.mp3
13-00162-06,./Audio/13-00162-06.mp3,मधुबनी जिले में नौ सौ पचास,,Adult,Male,,Serious,,,,1p47czKXUwjMtUmO0ZRUTg6ok8aLQmp6I,13-00162-06.mp3
13-00169-05,./Audio/13-00169-05.mp3,एड वो सी सी एंड लेविन ऐसी जुड़े इको सुमन जुमानी ने बताया की निधि स्कंप में देश भर में इस एच पी पहले ही पे इस एच पी विकास के लिए छह हजार,,Adult,Male,,Serious,,,,1Av_ugDT-4NBERD5im3DmhgAYVSuZFuSo,13-00169-05.mp3
13-00171-01,./Audio/13-00171-01.mp3,पसंदीदा कार्यक्रम ज़रा हट के,Bhojpuri,Adult,Female,,Serious,,,,1wwF_kbIpwcKm8wD8A7NoIknJqeAupasv,13-00171-01.mp3
13-00219-04,./Audio/13-00219-04.mp3,यह कहानी दोस्तों इनकी तरह आप भी अपने जीवन या आपके क्षेत्र आई कोई सकारात्मक बदलाव में की कोई कहानी हमारे साथ साझा अपने फ़ोन में नंबर तीन,Bhojpuri,Adult,Female,,Serious,,,audio_break,1Ans7o3g2k30EgW3SQk4LJUL2v7_PPuLO,13-00219-04.mp3
13-00224-03,./Audio/13-00224-03.mp3,था हाई कोर्ट ने लगायी मध्य प्रदेश शासन आरोप दस हजार हैं ग्वालियर हाई कोर्ट में अवैध कॉलोनियों को वैध कराने की खिलाफ जनहित आज कल,Bihari,Adult,Female,,Serious,,Bihar,audio_jump,1o8_Ot-EI94-sbb8a2BUlwvsQwNTkLGwF,13-00224-03.mp3
13-00227-03,./Audio/13-00227-03.mp3,ललन भाई तुम फिर शुरू हो गए जी अच्छा बताओ की क्या परेशानी है,Bihari,Adult,Male,Music,Happy,,Bihar,"laugh,speaker_change",1MeKtlQAJVs46mt_WhaLGEVf7Q7SgQeJ_,13-00227-03.mp3
13-00235-04,./Audio/13-00235-04.mp3,भोपाल ऐसी नहीं चली मुंबई पुणे और नासिक की बसें राजधानी समेत प्रदेश भर में ट्रांसपोर्टो की हड़ताल सातवे दिन गुरुवार को भी जारी रही तीन लाख चप्पे बड़ी ट्रक वह लोडिंग व् प्रदेश ऐसी निकालने वाले अलग अलग हाईवे आरोप खड़े रहे वहीं महाराष्ट्र में ट्रांसपोर्टेशन की हड़ताल ने उग्र रूप ले लिया उन्होंने ट्रकों में लादी सब्जी दूध वह अन्य सामानों को सडको आरोप फेंक दिया साथ ही,Bihari,Adult,Female,,Serious,,Bihar,,1pakFsw3F8aqfPDhLZ0AdkTrl2ZyqgRvV,13-00235-04.mp3
13-00238-01,./Audio/13-00238-01.mp3,आपको याद हैं न पिछले बार की तरह इस बार भी बेहतरीन प्रतिक्रिया देने वाले श्रोता की आवाज़ आवाज़ हम सुनायेंगे जनता की रिपोर्ट कार्यक्रम में आने वाली कड़ी में,,Adult,Female,Music,Happy,,,,1pAFh3JD4LEr3qhlTT19leDWVi5RSSwJj,13-00238-01.mp3
13-00241-03,./Audio/13-00241-03.mp3,के बहुत ऐसी बच्चे और महिलायें आज भी इस तकनीकी युग में भी अशिक्षित है हालाँकि परिवार अपने बच्चों के भविष्य को देखते हुए शहर का रुख कर रहे है,Bihari,Adult,Male,,,Madhubani,Bihar,inaudible,1QRu4-E4DbezzHPohi9pKxWWwb9MnyYi7,13-00241-03.mp3
13-00241-05,./Audio/13-00241-05.mp3,साथ ही स्कूलों के जर्जर भवनों ऐसी हमेशा खतरा बना रहता है पठन पठन सामग्री का नहीं होना तथा मध्य भोजन के देख रेख में अनियमित्ता बरतने ऐसी,Bihari,Adult,Male,,,Madhubani,Bihar,,1zlZcE_b8xs7NdJbG0RCVsdZ2dp68cM1h,13-00241-05.mp3
13-00243-02,./Audio/13-00243-02.mp3,नमस्कार मुजफ्फरपुर मोबइलवाणी में आपका स्वागत है खुरनी ऐसी में नवीन कुमार अंकी गाँव में घर का निर्माण करा रहे है गाँव के ही,,Adult,Male,,,Muzaffarpur,Bihar,inaudible,1TEn8-ZsX_nHZG9-sy85q5-h-4wj3qOJ1,13-00243-02.mp3
13-00243-03,./Audio/13-00243-03.mp3,"कुछ लोगो ने ['मारपीट', 'कर'] घायल कर दिया घायल परिवार खुरनी पी जी एस सी में कराया गया वही इस मामले को लेकर चार लोगो के खिलाफ नामजद प्राथमिकी दर्ज कराई",,Adult,Male,,,Muzaffarpur,Bihar,inaudible,1p-raaGOh6Xo3Dt4vhF2ZL-j7MDVhny59,13-00243-03.mp3
13-00243-04,./Audio/13-00243-04.mp3,दर्ज कराई है अध्यक्ष अमन अशरफ ने बताया की प्राथमिकी दर्ज कर कार्यवाही शुरू कर दी गयी है,,Adult,Male,,,Muzaffarpur,Bihar,inaudible,1u59HeNXCtWW7seJANbPpRi4RnoxqOhPk,13-00243-04.mp3
13-00243-06,./Audio/13-00243-06.mp3,की तस्करी हो रही है और इस तस्करी समस्तीपुर जिला भी अछुता नहीं है ये नोट पडोसी देश ऐसी छपकर बिहार के रस्ते आ रहे है,Bihari,Adult,Male,,,Samastipur,Bihar,,1ir0ZF3F683NvNJNyO3qcB5jjBiEj3cdZ,13-00243-06.mp3
13-00244-06,./Audio/13-00244-06.mp3,बिहार मोबइल वाणी के लिए मैं समस्तीपुर मोबइल वाणी से संजय कुमार बबलू समस्तीपुर में,Bihari,Adult,Male,,,Samastipur,Bihar,,1MxcC4DGAAz_CEfp6SDOXIVMjHtDlYW1y,13-00244-06.mp3
13-00246-05,./Audio/13-00246-05.mp3,थाना अध्यक्ष राजकमल किशोर कुमार का कहना है की पोस्त्मार्तम कराकर शव को परिजनों को सौप दिया गया है और अपराधियों की तलाश की जा रही है,,Adult,Male,,,Samastipur,Bihar,,1hIMZJ1PyZ56k8k8jSHl8e9CsbM37Evzo,13-00246-05.mp3
13-00248-05,./Audio/13-00248-05.mp3,इस पूरे जम्मुई में प्रसाशन के नज़र आएगी सांसद ऐसी भी सीसीटीवी कवरेज लुफ्त हो गयी तो कुंवर सिंह,Accent_unknown,Adult,Male,,Serious,,,not_clear,1BbL0ERaQsCZTb8LQTIfsHAAJFZkqwfzy,13-00248-05.mp3
13-00247-02,./Audio/13-00247-02.mp3,मैं दिलीप पांडे जमुई,Bihari,Adult,Male,,,Jamui,Bihar,audio_jump,14EJ1V3dcptABpsiVJfGGv8XCsjgDlaUa,13-00247-02.mp3
13-00247-06,./Audio/13-00247-06.mp3,यह बहुत अच्छी सेवा हैं जिससे हर व्यक्ति पसंद कर रहे हैं जम्मुई जिले के धन्यवाद दिलीप पांडे जमुई खैरा ऐसी मोबइलवाणी ऐसी धन्यवाद,Bihari,Adult,Male,,,Jamui,Bihar,,1C35AqmBSTAJaIr5_wqQdmQXcPiPtnWrS,13-00247-06.mp3
13-00252-01,./Audio/13-00252-01.mp3,नमस्कार धनबाद मोबाइल मीडिया ऐसी आज जागरण ऐसी सभी लोगों को आकर्षित हैं भक्तों में पूरी धूम मछी हुई हैं माँ दुर्गा की कृपा ऐसी धन्यवाद,Accent_unknown,Adult,Male,,Happy,Dhanbad,Jharkhand,inaudible,1mIF--Mcb2F1XgGtcAns0e4wEY0IvDh3U,13-00252-01.mp3
13-00252-06,./Audio/13-00252-06.mp3,नमस्कार चंपारण मोबइलवाणी ऐसी भागलपुर ऐसी कुबेर पांडे अभिनन्दन प्रखंड के हेतु पूजा पंडालो में भगवती महा गौरी की पूजा बहुत ही भक्ति भाव ऐसी किया गया,Accent_unknown,Adult,Male,,Happy,Bhagalpur,Bihar,audio_jump,1gEC83zchaLCPXQkfDm2SthzkzaV90OG_,13-00252-06.mp3
13-00254-01,./Audio/13-00254-01.mp3,परन्तु यह सरकार ने जिस जब प्रथम बार बने थे तो कुछ नम्बर समय सडकों का बिछा जाने लगा था था लेकिन आज,Lucknowi,Adult,Male,,,Lucknow,Uttar_pradesh,"audio_jump,inaudible",1xCtgAq2sgDH0ukSQWtQpvkLp3Xiz7gY0,13-00254-01.mp3
13-00254-03,./Audio/13-00254-03.mp3,आज ऐसा क्या हो गया की सड़कों की गुलदस्ता घाट गयी हैं जैसे तैसे संहिता द्वारा काली की वो ज़रूरी नहीं समझती,Lucknowi,Adult,Male,,,Lucknow,Uttar_pradesh,inaudible,1hx9M7E3aHmsivYE6RuxLJtkbzNbkToI_,13-00254-03.mp3
13-00254-06,./Audio/13-00254-06.mp3,उखाड़ रहा हैं सरकार के मंत्री संवेदक तक ज़रूरी हैं कोई देखने वाला नहीं हैं,Lucknowi,Adult,Male,,,Lucknow,Uttar_pradesh,inaudible,1q_znXztY1LfJR5aJxHk3mkJ9K8LSKPAZ,13-00254-06.mp3
13-00281-06,./Audio/13-00281-06.mp3,आके सब डांस कर रहे है नाच रहे है गा रहे है धन्यवाद,Bihari,Adult,Male,,Happy,,Bihar,inaudible,1G7EyDKRFe241gjfbYNos9dWzhWMA4ylW,13-00281-06.mp3
13-00287-01,./Audio/13-00287-01.mp3,मधुबनी मोबाइल वाणी के लिए खजौली मधुबनी ऐसी डॉक्टर विनय सराव अधिकारी स्वस्थ विभाग बिहार पटना,Accent_unknown,Adult,Male,,Serious,,,inaudible,1CIhCCrR0YZYxuWs3VyNrtl4-J_JfxQ1O,13-00287-01.mp3
13-00291-04,./Audio/13-00291-04.mp3,बहुत अच्छी खबर हैं इसके लिए भर्ती अब अब एक ही परीक्षा ऐसी होगी शासन विभाग ने इस सम्बन्ध में आदेश जारी किया हैं,Accent_unknown,Adult,Male,,,,,inaudible,1pODgYT6PEJTMzg-sNTfZ5isnGq5SQ-uN,13-00291-04.mp3
13-00292-01,./Audio/13-00292-01.mp3,प्रदर्शन कर गोल्ड मैडल ले कर प्रतियोगिता में बिहार का मोहर लगा दिया बताते केंद्रीय विद्द्यालय जमाल संगठन पटना संभाग के डेविड,Bihari,Adult,Male,,Happy,,Bihar,audio_jump,1VkmHEJv9-uz-22lE0YHgfFfIB0DoWT13,13-00292-01.mp3
13-00292-02,./Audio/13-00292-02.mp3,राष्ट्रीय हैण्ड बॉल के लिए किया गया था जिसमे केंद्रीय विद्द्यालय जमालपुर के बच्चों ने भग लिया था शाम में बचे जमालपुर लौट अये हैं तथा यहाँ,Bihari,Adult,Male,,Happy,Munger,Bihar,audio_jump,1hzC-AlOdklvMH_g7kYVbpr1i86oT1Egp,13-00292-02.mp3
13-00303-01,./Audio/13-00303-01.mp3,आज महिना के ऊपर हो गया आयोजन जमा किए हुए लेकिन जब आयोजन जमा करने के लिए गए तो कहा गया की इसका कोई ठिकाना नहीं हैं की मिलेगा की नहीं मिलेगा,Accent_unknown,Adult,Male,,Sad,,,,15PzNr_uYc-PdOACqIwPa5n4x6WvaZlZ9,13-00303-01.mp3
13-00310-01,./Audio/13-00310-01.mp3,यह परीक्षा बोकारो में होने वाले थी इस सुनवाई द्वारा सुनवाई की पदों पर को की जाने वाली भर्ती,Accent_unknown,Adult,Male,,Serious,,,,1AuNjmAMQn7wrMlY9sueFi2E44xsvluzW,13-00310-01.mp3
13-00309-02,./Audio/13-00309-02.mp3,शहर के चरणबद्ध तरीकें ऐसी अतिक्रमण हटाया जायेगा प्रथम चरण में एक नंबर ट्रैफिक ऐसी पुरस्कार सदर अस्पताल रोड,Accent_unknown,Adult,Male,,,,,,1y36hTsELDFjGVtWVVI91l72biPOinVTG,13-00309-02.mp3
13-00337-04,./Audio/13-00337-04.mp3,इस सम्बन्ध में बताया जाता हैं की संध्या लगभग चार बजकर घटियागंज ऐसी गोरखपुर जा रही थी उसके चालक को हरिनगर,Accent_unknown,Adult,Male,,Serious,,,inaudible,1W0goZ8JCJuNi3FwMEE-BBMS0DOwGT5cB,13-00337-04.mp3
13-00339-06,./Audio/13-00339-06.mp3,दिलीप पांडे जमुई हराहर ऐसी,Accent_unknown,Adult,Male,,Serious,,,inaudible,1OHp5aal4fFcFJbmca7Wu5n2BCVK45ZFU,13-00339-06.mp3
13-00343-03,./Audio/13-00343-03.mp3,नाथूर उपायें पवधपुर भोला माथुर अमर एकता उत्तम माथुर धीर नारायण मैथ एवम आदि उपस्थित थे,Accent_unknown,Adult,Male,,Serious,,,inaudible,1Bfgb3VZVHEB7DaGU_g2OGKrkk8XBBptK,13-00343-03.mp3
13-00345-06,./Audio/13-00345-06.mp3,जमुई ठेकेदारों को बगैर इज़ाज़त के काम नहीं करने की चेतावनी दी है इसके इलावा,Accent_unknown,Adult,Male,,Serious,,,inaudible,1WAsfDeYSE4-_dgvwQLBeOe5bnhTZGSgK,13-00345-06.mp3
13-00346-01,./Audio/13-00346-01.mp3,पुलिस स्कीम की तलह को पुली का बाबा ने वालों की शिकायत बिना इज़ाज़त के काम करने आरोप सड़कों आरोप खून बहेगा और इसके आलावा परकर्मी एस ब्यूरो में भर्ती नहीं होने की बात कहीं गयी थी पहले भी ठेकेदारों को चेताया था बागी ठेकेदारों ने पुनः बिना इज़ाज़त के ही सड़कों का निर्माण काम करा रहा था नसबन्दियों के इलाके में पढ़ता हैं नसबन्दियों ने अपने इलाकों में काम नहीं करने का फरमान पहले ऐसी जारी किया था धन्यवाद मोबाइल वाणी न्यूज़ ऐसी,Accent_unknown,Adult,Male,,Serious,,,inaudible,1sI7w-R4VoF5wpECwBjn2DneB6jafAt4K,13-00346-01.mp3
13-00350-04,./Audio/13-00350-04.mp3,छात्रवृत्ति प्रशिक्षण करने वाले छात्राओं में कक्षा एक के एस टी में दीपक दीपिका कुमारी भूमिका कुमारी,,Adult,Male,Noise,,,,,1eZ9SaABW46uHFFDBeDi0FJBY2roehNTR,13-00350-04.mp3
13-00349-01,./Audio/13-00349-01.mp3,खुशी कुमारी खुशबु कुमारी रानी कुमारी रेशम कुमारी अनिश कुमार रोनक कुमार विष्णु कुमार राधा कुमारी खुशी कुमारी,Bihari,Adult,Male,,,,Bihar,,10-bHIbIxO3IU7WSHPOo9ueGTzvXIKmDd,13-00349-01.mp3
13-00351-04,./Audio/13-00351-04.mp3,लैंगिक अपराध हो रहे हैं ऐसे में जिस बच्चियों के साथ इस तरह की हरकत होती हैं उसका सिर्फ विरोध करे बल्कि इसकी जानकारी पुलिस प्रसाशन को दे,Accent_unknown,Adult,Male,,Serious,,,,1UfkAC2oFsMqm21sJ1VF_V9VfKcKvEGhD,13-00351-04.mp3
13-00354-03,./Audio/13-00354-03.mp3,मधुबनी मोबाइल वाणी प्रखंड,Accent_unknown,Adult,Male,,Serious,,,,1k37nnRxZADiBVsPojUXCywI69Jgf3a_Q,13-00354-03.mp3
13-00355-05,./Audio/13-00355-05.mp3,तो सतिश जी आप पंचायत के प्रतिनिधि हैं तो आप इसके बारे में क्या सोचते हैं सड़कों पे सड़कों में,Accent_unknown,Adult,Male,,Serious,,,,1cs07--LIiCm3kUEgIFRZP8GhCABImlNo,13-00355-05.mp3
13-00363-01,./Audio/13-00363-01.mp3,नई चेतना जागी सबमे नई चेतना जागी सबमे ऐसी कोई रही खोज ली मंदिर के हम नींव बनेंगे,,Child,Female,,,,,,1kvfxfzKh0tIH7hq3r0G1XUnWpqj_IR50,13-00363-01.mp3
13-00362-06,./Audio/13-00362-06.mp3,शोर हो जाता है शोर शराबे से ध्वनी प्रदूषण लगता है ऐसे में क्या यह अच्छा न हो की हम इस खुशी के अवसर पर,Bihari,Adult,Male,,,Munger,Bihar,,1S0xUQa0ACEyvBf60z0T97VKLrCY0Zs0G,13-00362-06.mp3
13-00365-01,./Audio/13-00365-01.mp3,मैं राजीव कुमार ठाकुर जिला मुंगेर मुंगेर की आवाज़ से धनतेरस को लेकर बाजारों में उमड़ी भीड़,Accent_unknown,Adult,Male,,Serious,,,,1H9orsArL8UXwvM6GIZ55IfsfIdUQ_o9V,13-00365-01.mp3
13-00364-04,./Audio/13-00364-04.mp3,इस दीपावली के पावन पर्व की ढेर सारी शुभकामनाएं धन्यवाद दोस्तों मैं अरविन्द सिंह लोधी,Accent_unknown,Adult,Male,,Serious,,,,1M6qjmVVZFb77lkuaaO7ycNidEdXZ3fik,13-00364-04.mp3
13-00375-03,./Audio/13-00375-03.mp3,किसी भी आवेदक को बिना ट्रायल किए ड्राइविंग लाइसेंस अभी घूस लेकर देदिया जाता हैं सड़क के चौक चौराहों पर गति सीमा,,Adult,Male,Noise,,,,,1cQXZnPQdLyt8IY3Af07ylPK-4z0xCN0M,13-00375-03.mp3
13-00373-03,./Audio/13-00373-03.mp3,धन्यवाद श्रोता मित्र मैं शिव नारायण बोकारो ऐसी जनता की रिपोर्ट चर्चा मंच मंच पर कहना है की झारखण्ड में यातायात नियमों,,Adult,Male,,,,Jharkhand,,1LqNS8c8-D7N9LVOndnsgnJiVozd3pHQk,13-00373-03.mp3
13-00377-03,./Audio/13-00377-03.mp3,कई कई रूपए दिखाया जाता हैं दूसरी बात है की बहुत से दुकानदार सड़कपर दुकाने लगा देती है जिनके कारण वे लोगों को बाध्य हो करके,,Adult,Male,,Serious,,,,1BZ9NeyrymJz-xUoByAaTvsVn9QQo5_DW,13-00377-03.mp3
13-00381-01,./Audio/13-00381-01.mp3,न तो किसान खेती कर प्रकार रहे है और न तो बच्चे अपने यहाँ बैठ के पढ़ाई कर प्रकार रहे है कमालपुर गाँव में हर बार की तरह इस बार भी दुर्घटनाओं में वृद्धि हुई है,Bihari,Adult,Male,,Serious,Dhalai,Bihar,,12a7tORHn-vqBRXxDE743RIYzbT01CoL6,13-00381-01.mp3
13-00379-06,./Audio/13-00379-06.mp3,यहाँ आरोप रहने वाले किसान मजदूर बच्चे बच्चियाँ और यहाँ के हर इंसान का भविष्य अन्धकार अन्धकार में हो गया हैं,,Adult,Male,,Serious,,,,1BsRj4kBBjRz4kKb_yaETAimsSSbzJbb8,13-00379-06.mp3
13-00381-04,./Audio/13-00381-04.mp3,और यहाँ के इंसान ही पिछले तीन छह साल ऐसी दिवाली अंधेरे में ही माना रहे है उन्हें उजाले का तो नाम ही पता नहीं,Bihari,Adult,Male,,Serious,Dhalai,Bihar,,1Uxi9Ua6ZMd-dRnQbWAfFeaLte3aJbgqY,13-00381-04.mp3
13-00381-06,./Audio/13-00381-06.mp3,जिंदगी का गुजरा अच्छे ऐसी कर सके धन्यवाद में अरविन्द सिंह,Bihari,Adult,Male,,Serious,Dhalai,Bihar,,1atmrTGCcRveCR4Fi_5OTU4r2Bw2Hj16c,13-00381-06.mp3
13-00386-05,./Audio/13-00386-05.mp3,दो सौ पंद्रह बटालियन खर्च करके धन्यवाद दिलीप पांडे जमुई मीडिया डेस्क ऐसी,Bihari,Adult,Male,,Serious,,Bihar,inaudible,1CCtmrcnCO0Si70QhwhVxTbwNes429HkO,13-00386-05.mp3
13-00397-01,./Audio/13-00397-01.mp3,का आयोजन किया गया हैं कल दिनांक सेकंड नवम्बर और आज दिनांक दिनांक थर्ड नवम्बर दो हज़ार सोलह को टूर्नामेंट का,Bihari,Adult,Male,,Serious,,Bihar,inaudible,1g1229xb5eJLNzGoPGU0CDFjYuiifL3oE,13-00397-01.mp3
13-00404-01,./Audio/13-00404-01.mp3,माँ मुझे मैथ मार ओह माँ मुझे मैथ मार तेरे आंगन की तुलसी बन में बढ़ती जाऊंगी पूजा के कलशी का पानी बन,,Adult,Male,,Sad,,,audio_jump,1zDzdD69_qSLjLVSyTKOayTUDrYCAduJq,13-00404-01.mp3
13-00413-03,./Audio/13-00413-03.mp3,एक लाये भोरी ऐसी मैं आज बाजार में बहुत भीड़ हैं श्रद्धालुओं का,,Adult,Male,,Serious,,,not_clear,1qfqI4YCMiuueQYGKaEscrbaBBgm3XO57,13-00413-03.mp3
13-00414-04,./Audio/13-00414-04.mp3,की लोगों का जीना शराब हो गया हैं वायु प्रदूषण बढ़ने के कारण आज गंभीर बीमारी लोगों को हो रहे हैं,,Adult,Male,,Sad,,,,1mtOmwhtR8XKo2R-tmrnsTU8WugT6rx5m,13-00414-04.mp3
13-00417-01,./Audio/13-00417-01.mp3,वृद्धि कारण और शहरी कारण के नाम आरोप पिछले कुछ सालों में धड़ल्ले ऐसी वनों की कतई हुई है और अभी भी हो राय है उद्योगिक इकाइयों की आराधना हो राय है,Bihari,Adult,Male,,Serious,,Bihar,,1837zoQUOqCwK72PorjTTZezRYTw9yLxr,13-00417-01.mp3
13-00447-03,./Audio/13-00447-03.mp3,नमस्कार मुंगेर की आवाज़ में आपका स्वागत है में विपिन कुमार जिला मुंगेर से एक हजार और पाँच सौ के नोट को खपाने में जुट गए है लोग,Bihari,Adult,Male,,Serious,,Bihar,inaudible,1G7xq07OuIhEAf8s-oeN_zONiWNcCg8Jg,13-00447-03.mp3
13-00474-02,./Audio/13-00474-02.mp3,में दिलीप पांडे जमुई अघारा ऐसी मोबाइल वाणी आज शनिवार ऐसी सभी बैंकों में चार हजार ऐसी ज़रुरत मंद अगर ज़रुरत है आपको तो दस हजार तक निकासी सकते है ऐसे गुरूवार ऐसी सुबह ऐसी लाइन कतारें देखी जा रही है जमुई जिले के प्रत्येक बैंक और डाक घरो में कहीं बैंक और डाक घर उपलब्ध हो गयी है राशि जैसे चार हजार के करीब,Bihari,Adult,Male,,Serious,,Bihar,inaudible,1TlNpvgaq7rib_BmWNkugnOfatuoK-BT_,13-00474-02.mp3
13-00563-03,./Audio/13-00563-03.mp3,बताना चाहता हूँ की छह दिसम्बर को भोपाल राजधानी में बताएँगे की कैसे उठाएंगे योजनाओं का लाभ,Bihari,Adult,Male,,Serious,,Bihar,,1FfMbR2M-V1Gxs5GLOfxmoxmzlJZOgwqz,13-00563-03.mp3
13-00567-02,./Audio/13-00567-02.mp3,वितरुथ जानकारी लेना चाहती हैं तो सामान्य कार्यालों ऐसी प्रशिक्षण की जा सकती हैं धन्यवाद मैं,Accent_unknown,Adult,Male,,Serious,,,,1cfKg3yQY9h7_OvQX7dWyKoTdcNzvng0B,13-00567-02.mp3
13-00575-03,./Audio/13-00575-03.mp3,जनताओं ऐसी मिलते रहे है ट्रेटा सतयुग और द्वापरयुगों में भी राजा भेष बदल कर जनता ऐसी मिलने जाते थे जाते थे वेह उनकी समस्याओं ऐसी रूबरू होते थे,Bihari,Adult,Male,,Serious,,Bihar,,1yTuB9gtbGqZnPvJ7fGiugk7vbmYd8cG1,13-00575-03.mp3
13-00587-03,./Audio/13-00587-03.mp3,नमस्कार मित्रों में हीरालाल प्रमलिक जिला बोकारो जरिदीह हमारी सरकार ने जो गरीब,,Adult,Male,,Serious,Bokaro,Jharkhand,"inaudible,speaker_change",1BKr0nApSef-SXxBiIWmNwElosA2TFo18,13-00587-03.mp3
13-00586-01,./Audio/13-00586-01.mp3,डेल्ही का हालत कैसे बना हुआ था और अभी भी भी बना हुआ है अपने टेलीविज़न में न्यूज़ में या अखबार में पड़ा ही होगा की,,Adult,,,,,,,1hYUrUiihPXK0Kx8uecrCsXGBZ18mEC7n,13-00586-01.mp3
13-00616-02,./Audio/13-00616-02.mp3,काम में जलापूर्ति नहीं होने के बाद लोगों को पानी के लिए वैकल्पिक,Bihari,Adult,Male,,Serious,,Bihar,,1R5darSbRbvqPQ46g1v3wp14raejFQ5pO,13-00616-02.mp3
13-00618-02,./Audio/13-00618-02.mp3,तीर्थ ऐसी जोड़ने की तैयारियाँ शुरू कर दी गयी हैं राज सरकार ने संथावन को रोक की लागत को वहाँ सड़क निर्माण कराने के लिए बीड़ा लिया गया ऊपर वादी जमुई जिले में,Accent_unknown,Adult,Male,,Serious,,,,1ANAl2j9kHSbK7ZNvg7OX9z6BWBxbYwFI,13-00618-02.mp3
13-00630-01,./Audio/13-00630-01.mp3,में दिलीप पांडे जमुई अघेरा मोबाइल वाणी मीडिया डेस्क ऐसी जमुई जिले के लिए प्रखंड शनिवार के पेंशन धारियों के लिए शिविर आयोग किया गया समाज की सुरक्षा,Bihari,Adult,Male,,Serious,,Bihar,inaudible,1xp-gJgC7miQ66dB2aTHwQufEY664bvEy,13-00630-01.mp3
13-00634-03,./Audio/13-00634-03.mp3,भ्रष्टाचार को रोकने के लिए सरकार है सब कुछ है परन्तु ये भ्रष्टाचार की प्रवृति क़ाबू में नहीं आ रही है,Bihari,Adult,Male,,Serious,,Bihar,,117ZvdBho_tjlsWEkrhUstcoZnRpX0d0M,13-00634-03.mp3
13-00636-01,./Audio/13-00636-01.mp3,मैं पीडीएस दूकान आरोप कुछ लोग खटाल आरोप कुछ लोग पंडाल आरोप कर रहें है भ्रष्टाचार रोज छाप रहें हैं समाचार इसे अब रोकने का है दर्कार,Bihari,Adult,Male,,Serious,,Bihar,,1_AEgZpgjb5EVB9DTOaDnCiYSuFOOgWJt,13-00636-01.mp3
13-00636-03,./Audio/13-00636-03.mp3,भ्रष्टाचार की तरह मुंह खोलो सब मिल कर लगाओ नारा भ्रष्टाचार मुक्त हो देश हमारा तब होगा प्यारा देश हमारा धन्यवाद मैं बीरबल माथुर महुदा धनबाद ऐसी धन्यवाद थैंक यू,Bihari,Adult,Male,,Serious,,Bihar,,1gpvzjL2MwZ_c3OpVOYTuhc8daMwarKen,13-00636-03.mp3
13-00645-03,./Audio/13-00645-03.mp3,ऐसा भी नहीं की सबके सब भ्रष्ट हैं कुछ ईमानदार भी मिलते हैं जो एक पाने भी नहीं लेते,Accent_unknown,Adult,Male,,Sad,Dhanbad,Jharkhand,,1Uaik2KpNS1VOSqyLh32qauc4Z5e4N5_T,13-00645-03.mp3
13-00648-03,./Audio/13-00648-03.mp3,नंबर सात मुख्यमंत्री कन्यादान योजना नंबर आठ पंचायती समाज के विभिन्न समूह के साथ सीधी बातचीत नंबर नौ समाधान ऑनलाइन,Bihari,Adult,Male,No_speaking,Serious,,Bihar,,1qgcOz1coTCfoG4UE0__jWOdCe17-amvU,13-00648-03.mp3
13-00653-01,./Audio/13-00653-01.mp3,नमस्कार मध्य प्रदेश मोबाइल वाणी के साथ में श्यामलाल लोधी ग्राम पंचायत रेड्डी हिम्मतपुर जिला शिवपुरी तहसील खनियाधाना से बात कर रहा हूँ बताना चाहता हूँ की,Accent_unknown,Adult,Male,,Serious,,,inaudible,1xnP8AAWj-7Bx662GPp9luZpUIY3XYSvO,13-00653-01.mp3
13-00657-01,./Audio/13-00657-01.mp3,तीन सौ रुपया भरा जुर्माना एक एस गारी के समग्र मध्य प्रदेश के सेहोर जिले ऐसी पंचायत आदिवासी ग्राम पंचायत कोटा ऐसी,,Adult,Male,,,Kota,Rajasthan,,1xaRoci9uqCytTZgMVxYb7oi0bOfmWcp_,13-00657-01.mp3
13-00657-02,./Audio/13-00657-02.mp3,तत्पर्स्यासी कानून बनाया जो व्यक्ति गाँव में गुटका दारू,,Adult,Male,,,Kota,Rajasthan,,1_bBffmaMAUkIk0K7wFQ5c1N_USFs6XpD,13-00657-02.mp3
13-00657-03,./Audio/13-00657-03.mp3,गली गलोच आदि का सेवन करते हुए या गली देते हुए पकड़ा जाता है उसपर पंचायत ने जुर्माना रखा है यह रास्ता,,Adult,Male,,,Kota,Rajasthan,,1zdCaZQNha9J-LFGiU0tZmOiBOEvv_JtM,13-00657-03.mp3
13-00660-03,./Audio/13-00660-03.mp3,इस बात ऐसी जवान ने इनकार किया है किया है पुलिस इसकी गहरी ऐसी छानबीन कर रही है नमस्कार में डॉक्टर परवीन कुमार मुंगेर की आवाज़ के लिए धन्यवाद,Bihari,Adult,Male,,Serious,,Bihar,,1EUrKZmouTEcfvQKQaBSbrV7PTdBCTANj,13-00660-03.mp3
13-00674-03,./Audio/13-00674-03.mp3,इसलिए जानना चाहतें हैं की वो एक निधि कार्यक्रम में आये तो उन्होंने ने कहा की नीतिश कुमार ने नोट बूंदी आरोप समर्थन देश स्थित में किया इसका राजनीति मतलब नहीं निकालना,Accent_unknown,Adult,Male,,Serious,,,,1rLJfnojuCBWakB_bkouqqQOKdPHZ7fXd,13-00674-03.mp3
13-00697-02,./Audio/13-00697-02.mp3,एस बी गारी ने शुरू किया डिजिटल ड्राइव नमस्कार श्रोताओं में रिपोर्टर खुशी ललन धनबाद मोबाइल मीडिया ऐसी,Accent_unknown,Adult,Male,,,Dhanbad,Jharkhand,,1ujMlNI_oxSywWRV7vmJb544Ixbrvhq7L,13-00697-02.mp3
01-00004-03,./Audio/01-00004-03.mp3,में दिलीप पांडे मोबइलवाणी मीडिया डेस्क ऐसी को भी अब डिजिटल इंडिया ऐसी जोड़ा जायेगा इस की प्रक्रिया कर दी गयी हैं,Bihari,Adult,Male,,Serious,,Bihar,inaudible,1l0MJiuwoGGzv5H6vimh3fEUg1yMSn6H0,01-00004-03.mp3
01-00008-01,./Audio/01-00008-01.mp3,और सुरक्षित नहीं हो सकता,Bihari,Adult,Male,,Serious,,Bihar,inaudible,1W9GRmlJHIm8GrG-P9VyXBTm6qutZjML6,01-00008-01.mp3
01-00017-01,./Audio/01-00017-01.mp3,यहाँ के जन वितरण प्रणाली के खाद्यान वितरण विक्रेता पर अनियमितता किए जाने का आरोप लगाया ग्रामीणों की शिकायत है की जनवितरण,Bihari,Adult,Male,,Serious,,Bihar,inaudible,1VlXfwMoxzsOS37r0o-Rp24PwOBzQOu3_,01-00017-01.mp3
01-00048-01,./Audio/01-00048-01.mp3,जोड़ने आरोप पता चलता है की छह के वजाय उन्हें तीन रूपए ही प्राप्त हुए जबकि वही टमाटर बाजार में दस ऐसी बारह रूपए के दर्ज ऐसी,Accent_unknown,Adult,Male,,,,,,1jeIJbrB7aXb6YDI1Vg61wmdLMQuzGsCi,01-00048-01.mp3
01-00049-03,./Audio/01-00049-03.mp3,इसमें प्रदेश्वसिये भर के निशक्तजन भग ले सकते है इस वर्ष रोज़गार मेला अठारह वर्ष ऐसी अधिक आयु के राशी बाधित द्रष्टि बाधित एवं,,,Male,,,,Madhya_pradesh,,1O_y77Mcbyj-_3tpFEei5oSr8F8xBDfTx,01-00049-03.mp3
01-00067-02,./Audio/01-00067-02.mp3,सावित्री देवी ने बताया की कलाकार अपने जिसे की माध्यम ऐसी शराब बूंदी यह बात हुए परिवर्तन की जानकारी लोगों तक पहुँचा,Bihari,Adult,Male,,Serious,,Bihar,inaudible,1_E1KVk2iZKrB2zJ-C81Ksg4uWILXDEav,01-00067-02.mp3
01-00071-01,./Audio/01-00071-01.mp3,इसका एक बड़ा कारण स्थानीय लोगो में स्वच्छता को लेकर जागरूकता का अभाव अभी भी है सड़को के किनारे बने,Bihari,,Male,,,,Bihar,,1ZKQQprJgcPAVu6_J3L0jkABpXic0b_4g,01-00071-01.mp3
01-00075-02,./Audio/01-00075-02.mp3,रखा गया है,Bihari,Adult,Male,,Serious,,Bihar,,1v0ltdn_o2z7Sq7ObUGRrVNK175Rav2bZ,01-00075-02.mp3
01-00092-02,./Audio/01-00092-02.mp3,धन्यवाद दिलीप पांडे मोबइलवाणी मीडिया डेस्क ऐसी,Bihari,Adult,Male,,Serious,,Bihar,inaudible,1oJIhHhbhfJrQeX9l7lu61_pnrh-rcIpw,01-00092-02.mp3
01-00095-01,./Audio/01-00095-01.mp3,विदेशी नकल की क्षमता कम होने के कारण वे बार बार बीमार होते हैं,Bihari,Adult,Male,,Serious,,Bihar,inaudible,1d74p_KNU16FpzQCt3IkPEIexdPmfR0BH,01-00095-01.mp3
01-00102-01,./Audio/01-00102-01.mp3,और जिसका आधार कार्ड नही बना हो तो अपने केंद्र मैं जाकर और तहसील मैं जाकर अपना आधार कार्ड जरुर बनवाने की कृपा करें,,Adult,Male,Music,Serious,,Madhya_pradesh,inaudible,1fas9ZKMOiNN8jx38YXWaArTEAZb3qDHI,01-00102-01.mp3
01-00111-02,./Audio/01-00111-02.mp3,बताना चाहता हूँ के पांच किलोमीटर की दुरी ऐसी जाता हैं बचे भाग जाते हैं बचे को बहुत मुसीबत आती हैं मैं विकास फिल्म के माध्यम ऐसी,,,,,,,,inaudible,1xkjeomD_Pxa4OtmUym6ZDrjnyEo3rzfv,01-00111-02.mp3
01-00123-01,./Audio/01-00123-01.mp3,पंचायत का संचालन कर रहे हैं हमे रूट कैसे होगा की महिलाओं को खुद को पता नहीं हैं की हम पंचायत चला रहे हैं,Accent_unknown,Adult,Male,,Serious,,,,1hdgaXL8AHcSS8sGphQ4yZ63TAU16Ynqp,01-00123-01.mp3
01-00128-03,./Audio/01-00128-03.mp3,रामानन्द सिंह मोबाइल वाणी मधुबनी मधुबनी जिले के फुलपरास अनुमंडल क्षेत्र के,,,,,,,,inaudible,1nnpqXraVyNmipkldmKXD1laN6sNJt6M4,01-00128-03.mp3
01-00133-02,./Audio/01-00133-02.mp3,स्कूल धनपुर पंचायत के सभी स्कूलों ने इसमें हिस्सा लिया इसमे अभय कुमार सिंह ने नेतृत्व किया जहाँ बच्चों ने नशामुक्ति जनजागरूकता में,Bihari,Adult,Male,,Serious,,Bihar,,14_-MMSMXs73P4t_opHOBynszfH58ftzI,01-00133-02.mp3
01-00108-02,./Audio/01-00108-02.mp3,नमस्कार मध्य प्रदेश मोबाइल वाणी के साथ मैं श्यामलाल लोधी ग्राम पंचायत केडी हिमतपुर जिला मध्य प्रदेश ऐसी,Accent_unknown,Adult,Male,,Serious,,,"audio_jump,not_clear",1lgadoGiInO6K1xPSHrBYWDfmwJFmJkpM,01-00108-02.mp3
01-00164-03,./Audio/01-00164-03.mp3,कमजोर सुरक्षा व्यवस्था की वजह ऐसी ही दुष्कर्म छेड़खानी जैसी घटनाएँ हो रही है ऐसे में महिलाओं को व सजग होना होगा उन्हें आस पास मंडराते खतरों को महसूस करते हुए आत्मा रक्षा के लाई कदम उठाने होंगे जो महिलाएं ऐसा करती है वे आरोप के लाई नाकि,,,,,,,,,1jX_csVZst-WwObMbQ3672Ou12H_N45AQ,01-00164-03.mp3
01-00177-01,./Audio/01-00177-01.mp3,अतः बड़े पदाधिकारियों ऐसी आग्रह है की इस दिशा में ध्यान दे अन्यथा कहीं ऐसा न हो की मुख्यमंत्री का हर घर बिजली पहुँचाने का वादा जनता के लाई अभिशाप बन जाए,,,,,,,,,1bZHpX79zcYdDZy7OMRKH0oOlq9kR27pD,01-00177-01.mp3
01-00230-01,./Audio/01-00230-01.mp3,को पेय जल की सुविधा पुनः बहाल होगी,Accent_unknown,Adult,Male,,,,,,1dxOQCnoXUNCx5EeHd5ubgAlXfZIpVkZ2,01-00230-01.mp3
01-00254-01,./Audio/01-00254-01.mp3,सबसे धन्यवाद,Accent_unknown,Adult,Male,No_speaking,Serious,,,,1aJOuZ3bOPMM_07QL45oG1qD54ybRre3y,01-00254-01.mp3
01-00260-03,./Audio/01-00260-03.mp3,किसी भंग समा खड़ा करना मेरा मकसद नहीं इस पढ़ पाक ऐसी असमान की तरफ उछाल उसको सभी ग्राम उद्योग की सबसे बढ़ी पहचान,Accent_unknown,Adult,Male,,Serious,,,not_clear,1v0keU2VfLFxPOQwRNXEa3VtAfhDq5meM,01-00260-03.mp3
01-00275-01,./Audio/01-00275-01.mp3,जी नहीं बल्कि नामक का आंदोलन यह आंदोलन विनय आवेदन आज़ादी का आंदोलन इस ने चलाया और अंग्रेजो को खिलाफ,,,,,,,,,1ZEPeVQpRQ8WQMi9Xd40hXcpogqZnr7yD,01-00275-01.mp3
01-00277-01,./Audio/01-00277-01.mp3,ऐसी मैं जाए कुमार शुक्ला मोबाइल वाणी दलदली शेर्मर्मती मेला कसाई बाजार ऐसी कसाई खतरे को जाने वाली सड़क मैं संवेदन द्वारा मरम्मत के दौरान भरी अनियमित्ता,,,,,,,,,1nrdnCOe2AXuCOOkiSTzYGZYEl233OTyb,01-00277-01.mp3
01-00294-02,./Audio/01-00294-02.mp3,बीच सड़क पर ही कचड़ा रखा जा रहा है मुंगेर शहर की सूरत ही कचड़ों की ढेर वाली हो गई है मुख्य बाजार के एस बी आई ब्रांच के बाजार में,,Adult,Male,,,,,,1_JPxqn1hPzc_bDvHelDmb28pdk0pW-nC,01-00294-02.mp3
01-00306-03,./Audio/01-00306-03.mp3,सब्जी उगा सके जैविक विधि की कृषि आरोप उन्होंने दिया,Bihari,Adult,Male,,Serious,,Bihar,inaudible,1Y5ziFGNnQ3lyEgN9yaVtu_6yiHWDm4pZ,01-00306-03.mp3
01-00314-01,./Audio/01-00314-01.mp3,और सरकार की और से पहल की जाती है कारवाई होती है लेकिन जितना होना चाहिए वैसी नहीं होती है परिणाम,,,,,,,,,1TSzfg2k2pMoO3Imsnz13A0CUxLiggBjR,01-00314-01.mp3
01-00324-03,./Audio/01-00324-03.mp3,हेलो मेरा नाम तक राय प्रसाद कुशवाहा हजारीबाग बाग जिला जग प्रखंड खुटरा ऐसी मैं बोल रहा हूँ मेरा कहना है की,,,,,,,,,1MRXz1Xk2exDS_pBRHql5dfEPXMN8lYmL,01-00324-03.mp3
01-00456-01,./Audio/01-00456-01.mp3,कार्यक्रम आयोजित कर उनको पुरुष्कार की ऐसी सम्मानित किया जाएगा आरोप अवैध सहित,,,,,,,,inaudible,1L9kIIY5Ep3FEOXew7LlqT1MO8Q9ge4pb,01-00456-01.mp3
01-00570-01,./Audio/01-00570-01.mp3,जन मिलते ही काम शुरू कर दिया जायेगा निराला ने कहा की राज्य सरकार आदिवासी के विकास के प्रति संकल्पित हैं इस के लिए कई योजना हैं,Bihari,Adult,Male,,Serious,,Bihar,,1cTlUkggzGGlgwGovU0eyVVcsuwszersX,01-00570-01.mp3
01-00572-02,./Audio/01-00572-02.mp3,महिला शौचालय निर्माण कराया जायेगा सुविधा मिलने आरोप आदिवासी समुदाय के लोग,Bihari,Adult,Male,,Serious,,Bihar,inaudible,1mLIDlLkbfh3GUnJla0hUQjkKXLHwdqwJ,01-00572-02.mp3
01-00581-03,./Audio/01-00581-03.mp3,प्रतीकों को जहाँ खुले में सूचना ऐसी मुक्ति की बात की जाती के इससे पर्यटक स्थल आरोप एक शौच ही दिखता के ऐसे में आने वाले पर्यटकों को काफी परेशानी का सामना करना पड़ता के,Bihari,Adult,Male,,Serious,,Bihar,,1hzMORYTZc8mqzw6pZIFRkpqRdmedIYaw,01-00581-03.mp3
01-00590-01,./Audio/01-00590-01.mp3,करने का बीड़ा लिया उन्होंने कहा हैं की सरकार ऐसी पंद्रह तीस दिनांक आठ दो हजार पंद्रह तब तक बिहार के नियोजित शिक्षकों एवम पुस्तक तो उन्हें अपना हक़ लेने ऐसी कोई नहीं रोक सकता हैं,Bihari,Adult,Male,Noise,Serious,,Bihar,inaudible,1jrPPMmKRI0ZFiDgWtKCRDiC09avZZeTO,01-00590-01.mp3
01-00598-03,./Audio/01-00598-03.mp3,हैं पहले ऐसी जो महंगाई ऐसी तरस लोग आरोप,Bihari,Adult,Male,,Serious,,Bihar,,1HPTM6J1tsTfJLREOhNFCcXU0VAIu4kjG,01-00598-03.mp3
01-00617-01,./Audio/01-00617-01.mp3,इसी लिए गर्मी के समय लूं को छाहों तक मुयास्सिर होना नहीं हो रहा है मुझे,Accent_unknown,Adult,Male,,,,,,14_VnQ697ej0YRIGvgp5vZMGadB0dXYgX,01-00617-01.mp3
01-00626-02,./Audio/01-00626-02.mp3,सब्सिडी दिया जाए ताकि उसे हल चलाने और अपने खेत का काम करने में सुविधा हो क्यूँ की हर क्षेत्र में सब्सिडी दिया रहा दिया जा रहा हैं पढ़ने वाले को छात्रवृत्ति मिल रही हैं ताकि कुछ राहत मिले उसी तरह से,Bihari,Adult,Male,,Serious,,Bihar,inaudible,1eYNaMwO3wIl1xAiB_CCHwLoXcuCrOQxj,01-00626-02.mp3
01-00631-02,./Audio/01-00631-02.mp3,सेहतमंद लोगों का इधर आवाज़ में कभी नंबर नहीं आ सकता तो में आग्रह करना चाहूँगा,Bihari,Adult,Male,,Serious,,Bihar,,1pQAkBRd8DvtobXE8DMnQV_Vlha5L-c32,01-00631-02.mp3
01-00661-02,./Audio/01-00661-02.mp3,में राधू रथ महुदा जिला झारखण्ड ऐसी अपना विचार आरोप,Bihari,Adult,Male,,,,Bihar,inaudible,11ag1VED29cNVr125--kxmiLAjuRHqlnD,01-00661-02.mp3
01-00668-02,./Audio/01-00668-02.mp3,और हमारे श्रमिको का नाम खराब होता जा रहा हाँ,Bihari,Adult,Male,,,,Bihar,,1RCxtcFQCszFio5Xd9l0eeIHDkI9PE-Vd,01-00668-02.mp3
01-00680-03,./Audio/01-00680-03.mp3,दस घंटे बाढ़ के लिए दामोदर नदी में दम का फाटक खुलने के कारण ऐसी स्थिति उत्पन हुई आम टूर आरोप यह नियम है की जब भी दम के फाटक खोले जाते है,Bihari,,Male,,,,Bihar,inaudible,1sbNUzk1uwrO14YcVGxF4K7-McBG-OaBE,01-00680-03.mp3
01-00681-02,./Audio/01-00681-02.mp3,मुसीबत के समय हम हमेशा बम्बू बन जाते है इसीलिए इस तरह की घटनाओं ऐसी सबक लेना चाहिए,,Child,Male,,,,,,1b_SQnQnYujfnd_T7kPW5Uxv6iqTf5kdc,01-00681-02.mp3
01-00686-02,./Audio/01-00686-02.mp3,समधिन तक मानक माथि पुरी गिले न हमे जमा निगा होली जुलाई गिले न हमे जमा निगा होली जुलाई गिले न,Accent_unknown,Adult,Male,,,,Maharashtra,,1MJjHNJXmg_DHjRV0Tq5Wba8WRMlCKbN6,01-00686-02.mp3
01-00686-03,./Audio/01-00686-03.mp3,थैंक यू,Accent_unknown,Adult,Male,,,,Maharashtra,inaudible,1HOQnM7l2sqrYouo5Tx7LjhGWfTGLn5Ys,01-00686-03.mp3
01-00684-02,./Audio/01-00684-02.mp3,बिहार वाणी श्रोताओं ऐसी धन्यवाद श्रोता क्यूँकी मैंने बिहार मोबाइल वाणी के कम्युनिटी लाइन ऐसी जुड़कर मुझे अपने समाज में,,Child,Male,,,,,,196fZ68s6i6ULo7HLv8tn0_y4FIMmrRWq,01-00684-02.mp3
01-00688-01,./Audio/01-00688-01.mp3,धन्यवाद मैं संतोष कुमार मंडल मधुबनी जिला कोडरमा प्रखंड ऐसी,Bihari,Age_unknown,Male,,,,Bihar,,1yTI21_j8EZln9S8OJXloPsL7j1qlb2ug,01-00688-01.mp3
01-00694-02,./Audio/01-00694-02.mp3,श्रोताओं को दिल की बात को मोबाइलवाणी मानो समझ चूका हैं जो अच्छी बात हैं इस तरह के कार्यक्रम ऐसी श्रोताओं को बहुत कुछ सीखने समझने और विचार व्यक्त करने का मौका मिल रहा हैं,Accent_unknown,Adult,Male,,,,,,1egE1NmoaVXHpPsCLk2uQLkW8GtIuzskP,01-00694-02.mp3
01-00700-03,./Audio/01-00700-03.mp3,कोडरमा जिले के अंतर्गत प्रखंड के जंगली क्षेत्र मैं नहीं जाती हैं दरयादिली और एवं जिस के कारण ऐसी घटना घाट रही हैं जिस मैं इंसान जीवन प्रभावित हो रहा बताते समय की रात इच्छा तड़पती रही अस्पताल ले जाने के लिए,,,,,,,,inaudible,1WlkOe8JpN356rEC9C_5PWdmuFLvZmd_B,01-00700-03.mp3
01-00701-03,./Audio/01-00701-03.mp3,यहाँ पे एक ऐसी सोच ने जनम लिया है जहाँ आज भी लोग इलाज के जगह पे सांप काटने के बाद झाड़ फूंक आरोप बल देते है ये घंटा धरती है हजारीबाग,,,,,,,,audio_jump,13RJFzfH62Rr5zL2G_Q0fgxrrOxiD_TSo,01-00701-03.mp3
01-00703-02,./Audio/01-00703-02.mp3,कोयला के अवैध उत्खनन एवम तस्करी आरोप राज्य सरकार ने एक जाँच कमिटी,,,,,,,,,1kkpfsR8SztXuCv9OChK6TLIO033yy42m,01-00703-02.mp3
01-00709-02,./Audio/01-00709-02.mp3,सदर अस्पताल के डॉक्टरों की लगातार यही रवैया रही है की वहाँ की डोक्टोरनी किसी की डेवलपमेंट तक नहीं लगती ऐसे ही दवा लिख देती हैं ये बहुत ही गंभीर आरोप हैं मालती देवी पर,,,,,,,,inaudible,15g4jA2lQ4qgFXziyIri3qU6lN3nJG9oT,01-00709-02.mp3
01-00714-01,./Audio/01-00714-01.mp3,यह सावधानी ऐसी सुलझाने का प्रयास कर रहा हैं यहाँ तीन दिनों ऐसी बारिश जंगल में बाद आ गए धन्यवाद,Bihari,Adult,Male,,Serious,,Bihar,inaudible,1351UgneaXgJLOh3xU5RnmdqsbVc8O-yg,01-00714-01.mp3
01-00718-01,./Audio/01-00718-01.mp3,अबनत पटना जहानाबाद भोजपुर पंक्स्पेल बादलपुर' 'बांका' 'अरहरिया मुरादाबादी शिवपुरी निखिल राजनीती मई जब बिहार के साद मिलिंग राज स्वच्छ समिति,,,,,,,,,1C41YiXvsvcL8Ti3-lCKsy1j9VSFL53_b,01-00718-01.mp3
01-00757-02,./Audio/01-00757-02.mp3,डीलर द्वारा पर व्यक्ति आरोप एक किलो अनाज काटा जा रहा है रूपया भी ज्यादा लिया जा रहा है शिकायत करने पर अधिकारी कहते है की दुनिया के ऐसी है तो मई क्या करूँ जहाँ भी जाते है सब यही बात कहते है इसमें जनता का क्या कसूर,,,,,,,,,1ApYGGdW8PD0mrLjPU8s_5hpe3ruoNmfD,01-00757-02.mp3
01-00758-02,./Audio/01-00758-02.mp3,एवं बी पी जी एल कार्ड वाले को चावल दिया जा रहा है आप कार्ड धारी को पैतालीस रुपया में चौंतीस किलो चावल दे रहा है परन्तु,,,,,,,,inaudible,1DYcQs8E372RcahkPccaWdUI0by2AhYZU,01-00758-02.mp3
01-00769-02,./Audio/01-00769-02.mp3,किसानो मैं हुई थी पैदा हलचल बरसात की हुई थी बूंदा बूंदी किसान खेतो की और दिए ऐसी सदर मानसून आरोप भरोसा था किसानो को,,,,,,,,,1DEwunnVvT_kYD4npiq-0uOh-g1TfQ_Ca,01-00769-02.mp3
01-00783-02,./Audio/01-00783-02.mp3,सिर्फ कम्बल को पानी में भिगोकर उसे सिलेंडर को ढक दे याता सम्भव बहु मूलियाँ वस्तुओं को बाहर निकाल ले दंडा जंगल में आग लगे यह सभी मिलकर समीक रूप ऐसी आग बुझाने में लग जाए,Accent_unknown,Adult,Male,,Serious,,,,1R94Onrz96B2yzeHwFsOjrTktQbvn_M2S,01-00783-02.mp3
01-00791-01,./Audio/01-00791-01.mp3,दिघ एवं कीर्ति चन्कदन कोटा संरक्षण के पड़ा अधिकारी तथा रहेंगे उन लोगो को सलाह देकर खरीद फसल को बचाने की बात करेंगे,,,,,,,,,11Rjtwl50Zo64HP2iR10eVhdx-yQVLN77,01-00791-01.mp3
01-00800-01,./Audio/01-00800-01.mp3,उसी हो इसी लिए जब भी हमें बलात्कार की घटना को रोकना है तो अपनी सभ्यता संस्कृति को अपनाना पड़ेगा और अपने संस्कार को जीवित रखने होंगे जिसमे एक औरत को,,,,,,,,,1nD5o6-mko-wwYni2VIpxLkof1CaNqWWq,01-00800-01.mp3
01-00817-01,./Audio/01-00817-01.mp3,समय ऐसी साइड किया है और उचित वाहन को साइड देना है बत्ती के अहीग प्रकार ऐसी उपयोग की कोई करता देख रेख,Bihari,Adult,Male,,,,Bihar,,1ZgMHg45lRbsAjIcDVzqP1-5Tq5bwSncn,01-00817-01.mp3
01-00827-03,./Audio/01-00827-03.mp3,तहजीबन खातून शेख हरिलाल आदि समाज सेवी जन भी उपस्थित थे,Bihari,Adult,Male,,Serious,,Bihar,inaudible,1FjHbPf5v81fQ5XX_hF8mh3ztuf1egnuo,01-00827-03.mp3
01-00834-01,./Audio/01-00834-01.mp3,कार्यक्रम का आयोजन किया जायेगा इस में मुख्या अतिथि कार्यक्रम की माध्यम ऐसी समाज के लोगों को बेहतर प्रेरित किया,Bihari,Adult,Male,,Serious,,Bihar,inaudible,1P17Pn098dh0PvjxhDaiApvHO4h_mgpcZ,01-00834-01.mp3
01-00848-03,./Audio/01-00848-03.mp3,ये कहाँ सूची घटनाओं पे आधारित है,Bihari,Adult,Male,,,,Bihar,,1jvjEBpfg2Gqql3qupgcfAVueZF9MfvSk,01-00848-03.mp3
01-00849-03,./Audio/01-00849-03.mp3,जल चूका है फलस्वरूप भवानी गाँव के दो सौ घरो में अंधेरा छाया हुआ है भवानी के ग्रामीणों ने विद्युत् विभाग के काजपालक अभियंता,Bihari,Adult,Male,,,,Bihar,,1xFshV2JcSV__EZM704V-PXBY-qC16lPL,01-00849-03.mp3
01-00852-03,./Audio/01-00852-03.mp3,पकड़ में आ गयी हैं लतीफी की यह बीमारी यह दिलासा हैं या खूबसूरत धोका थोड़ी दिन में पता सदर जायेगा,Bihari,Adult,Male,,Serious,,Bihar,inaudible,183VOs7El5TDb-LjDGBeFpW5jjvnHiuA2,01-00852-03.mp3
01-00854-03,./Audio/01-00854-03.mp3,में रमेश कुमार बोकारो ऐसी क्यूँ मनाया जाता हैं रक्षाबंधन का पवित्र त्यौहार,Bihari,Adult,Male,,Serious,,Bihar,inaudible,17foFxjsIEOG8JcV_-VMxyXUuMZtefCBW,01-00854-03.mp3
01-00859-02,./Audio/01-00859-02.mp3,इसके जरिए कहीं बुद्धिजीवी विधान लेखक और सांसद होने के पर्श मुकर की बुला कर के इनकार करता है की दो हजार तेरह,,,,,,,,inaudible,1KHhCzx82yR3HeVji0GGAvQ1RGRA9_yFM,01-00859-02.mp3
01-00863-02,./Audio/01-00863-02.mp3,देते हुए बताया की किसानों में फसल बीमा कराने की जागरूकता का आभाव तथा बीमा का समय सीमा भी कम मिलने की कारण इस बार,Bihari,Adult,Male,,Serious,,Bihar,inaudible,1E4o2HxAjc5STHfxWwWsT1Yiz3TJPyKHH,01-00863-02.mp3
01-00900-03,./Audio/01-00900-03.mp3,ऐसी यह सन्देश पूरे बिहार में हम लोग दे रहे हैं लेकिन इस में,Bihari,Adult,Male,,Serious,,Bihar,,1pQmr3s6y_WvSnltiwP2DzvFJKrTl_7t5,01-00900-03.mp3
01-00902-03,./Audio/01-00902-03.mp3,पुराने काल में बाल विवाह की प्रथा तब नहीं थी जब पुराणों में स्वयंवर गन्धर्व विवाह,Bihari,Adult,Male,,Serious,,Bihar,,1QCY2084K9q1AG6a6FhpH9N-T66nRa6OL,01-00902-03.mp3
01-00917-03,./Audio/01-00917-03.mp3,कोई योगदान नही रखते और सोचते हाँ की और हमारे लिए करे,Bihari,Adult,Male,,Serious,,Bihar,,1ngELgsuH8KUT8dzZwu6le3kkNy4QQ4oK,01-00917-03.mp3
01-00922-01,./Audio/01-00922-01.mp3,"सभी सरकारी ख़त आरोप पैसा ['मिल', 'गया'] तो सब अनाप सनाब खर्च करने लग जाते हाँ",Bihari,Adult,Male,,Sad,,Bihar,,13ili9elOb70EsDvhlRy2OBSZGBv-xCvj,01-00922-01.mp3
01-00931-02,./Audio/01-00931-02.mp3,सुबह का समय था सड़क आरोप गाड़ी कम सदर रही थी फिर भी,Bihari,Adult,Male,,Happy,,Bihar,,1J1ROb-4y7YZEYl4drk6AdxPwHXNeO5wj,01-00931-02.mp3
01-00941-02,./Audio/01-00941-02.mp3,पतंग की और इस लिए नहीं आ गए ढेर सरे बच्चे पेड़ आरोप चढने के लिए हो गए उतावले गाँव के बच्चे,Bihari,Adult,Male,,Serious,,Bihar,inaudible,16_U669O82RscA8wjW7FVM7wehVEbmhTy,01-00941-02.mp3
01-00939-02,./Audio/01-00939-02.mp3,पतंग उतरी हैं इसी लिए पतंग हमारी हैं दुसरे ने कहा उतरने ऐसी क्या होता,Bihari,Adult,Male,,Serious,,Bihar,,19-xkTl0jjiEWUU7Qv3m2aHULQji8Zb9e,01-00939-02.mp3
01-00954-02,./Audio/01-00954-02.mp3,विद्यालय की व्यवस्था को,Bihari,Adult,Male,,,,Bihar,,1o4fAuJtOeHoAG20PRtbyTaMo5vB-9Iu0,01-00954-02.mp3
01-00954-03,./Audio/01-00954-03.mp3,विद्यालय में लूट मचा हाँ जिसकी भारती एस बी आई थाम जाते हाँ संचार समिति आयोजित किया जान हाँ विद्यालय में मध्यान भोजन और छात्र छात्राओं के उपस्थिति की मूल्य देखा गया,Bihari,Adult,Male,,Sad,,Bihar,,1CRXQXQWtThOeAvTX0NyDefVrLFmYq0Pf,01-00954-03.mp3
01-00952-02,./Audio/01-00952-02.mp3,हर याद जाएगा और प्रशिक्षण स्कूल में भी मोबाइलवाणी को धन्यवाद,Bihari,Adult,Male,,,,Bihar,,1YarPfokrUd7YDger2S5brXKNLGtuFT89,01-00952-02.mp3
01-00965-03,./Audio/01-00965-03.mp3,उनका नंबर इधर उधर बांटते हाँ और और अक्सर उन लोगो को,Bihari,Adult,Male,,Serious,,Bihar,,1HhvWrsHwd1TJlLyAjdXV9m3-VBGLDrUX,01-00965-03.mp3
01-00981-03,./Audio/01-00981-03.mp3,मैं राधू रॉय महुदा जिला धनबाद झारखण्ड मोबाइल वाणी से स्वास्थ्य केंद्र जगह पर बन रहा है गाँव में मीटिंग भी हुई,Bihari,Adult,Male,,,,Bihar,,1LNsQxgZKAPKwg-5yEiVMYInkTfWXtpM7,01-00981-03.mp3
01-00994-01,./Audio/01-00994-01.mp3,हेलो नमस्कार मै बीरबल महतो महुदा धनबाद मै बोले दिल की बात में यह कहना चाहता हूँ की हमारा देश तो स्वतंत्र कहलाता है लेकिन मेरे ख्याल से यह स्वतंत्र नहीं,Bihari,Adult,Male,,Serious,,Bihar,inaudible,1ve20c_9gYk17dOBfcEz76H-j8y_fD1Lh,01-00994-01.mp3
01-00998-03,./Audio/01-00998-03.mp3,अर्थात स्वतंत्र होने के बढ़ भी घुस खोरी की बोल वाला हाँ घुस खोरी,Bihari,Adult,Male,,Serious,,Bihar,,1W9M1UA7Uy8JEiKdPDJFSJT2HnmTC4N2T,01-00998-03.mp3
01-01007-03,./Audio/01-01007-03.mp3,हमारे समाज पे बालविवाह को जर ऐसी उखाड़ फेकना हमारे समाज को,Bihari,Adult,Male,,,,Bihar,,1N-63mvMXz1Ve0B4eVUwb1l4-zaE7pccL,01-01007-03.mp3
01-01006-02,./Audio/01-01006-02.mp3,नमस्कार परियोजना कहलाती केंद्र आरोप आंगनबाड़ी,Bihari,Adult,Male,,,,Bihar,,1rEJFyqgxs0f9GVY-9DAYLFmdJARBDF3d,01-01006-02.mp3
01-01016-01,./Audio/01-01016-01.mp3,शिक्षा और के कारण आज नारी अपनी अपने को कमजोर और कायर समझती हैं अपने अतीत,Bihari,Adult,Male,,Serious,,Bihar,inaudible,1-x92x9rmFUdIbuooZCRV0eSzOgBa9I9n,01-01016-01.mp3
01-01049-03,./Audio/01-01049-03.mp3,पा रही के लिए खेल के लिए,Bihari,Adult,Male,,Serious,,Bihar,,1D7h9QQqFLLv6JlGlcmLfOrM0wI1lAHBH,01-01049-03.mp3
01-01053-03,./Audio/01-01053-03.mp3,नमस्कार सेठ महतो कुमार भगत पोटका प्रखंड झारखण्ड ऐसी बोल रहा हूँ टाटा स्टील एवं प्रोफ नन्द आई फाउंडेशन पोटका प्रखंड में लगाएगी मोतियाबिंद केंद्र टाटा स्टील रूरल डेवलपमेंट सोसाइटी एवं,Bihari,Adult,Male,,,,Bihar,inaudible,1IooGhPO2_sl6Yffz0IprpMp8K8Pls29Q,01-01053-03.mp3
01-01063-03,./Audio/01-01063-03.mp3,बाजार ऐसी समान लाने के लिए कपड़ो के थैली का प्रयोग दोबारा उपयोग न लाने वाली चीज़ को पुनः प्रयोग कीजिये,Bihari,Adult,Male,,Serious,,Bihar,inaudible,17_8Dg7E433tgBT1quqRWFYxecB1Q11Li,01-01063-03.mp3
01-01064-01,./Audio/01-01064-01.mp3,यहाँ तक प्रदूषित वातावरण को स्वच्छ वातावरण में फैलाने में हूँ आप जुड़ सकते है,,,,,,,,,1Zu5ljF0W0RXaFBtJgB0w5d0M5xJKFz4d,01-01064-01.mp3
01-01073-01,./Audio/01-01073-01.mp3,जीवन लगायेंगे हम उन समाज के बच्चे हैं हम धुन के पाके सच्चे हैं हैं हमें अपना मन से आगे बढ़ने दे हमारी समाज सेवा करने,Bihari,Adult,Male,,Happy,,Bihar,,1n_6qr-EF3gvivAmYR8Tvik-lOZLbfZ-g,01-01073-01.mp3
01-01076-02,./Audio/01-01076-02.mp3,में रागुराज मोड़ा जिला नंबर झारखण्ड ऐसी बोले दिल की बात तक एक कविता हॉस्टल जीवन लाजवाब हॉस्टल जीवन लाजवाब,,,,,,,,,1Nd1xJx1-UosQMYz-23fFmsgcrXy6slwC,01-01076-02.mp3
01-01085-02,./Audio/01-01085-02.mp3,संचाल तथा सभी में सहत किया धनबाद जिला मोबाइल वाणी बोकारो,Bihari,Adult,Male,,Serious,,Bihar,,1vpq7XIyQocHI7yRXPU_wiPzlUQ7vPC4K,01-01085-02.mp3
01-01209-02,./Audio/01-01209-02.mp3,चुनौती शिकार कर दरबार की जगह विस्वास पूर्वक कम,Bihari,Adult,Male,,,,Bihar,,1TPYENBAN27G4mZEQtYORHShILnGoYTCL,01-01209-02.mp3
01-01212-03,./Audio/01-01212-03.mp3,रहने के लिए स्वतंत्र है आप अपना कमाल रत को दिखाएंगे लोगो को और मनोरंजन करवाइयेगा अगर प्रदर्शन,Bihari,Adult,Male,,Happy,,Bihar,,137lC7h7TIeLI2CWDqkE-Bd8YYCawf0Rr,01-01212-03.mp3
01-01224-03,./Audio/01-01224-03.mp3,न आता हो और वो बेकार का होगा इत्यादि इसी की,Accent_unknown,Adult,Male,Noise,,,,"audio_jump,inaudible",1ZY8R9cs6ijP2Iwulil0zpPUVxn3RaWcg,01-01224-03.mp3
01-01238-03,./Audio/01-01238-03.mp3,इसके लिए सरे पूंजी इकट्ठा करता हाँ ऑपरेशन के लिए,Bihari,Adult,Male,,,,Bihar,,1ooTUPlh7bPdZE654LzeV8rcdu_gSwNUg,01-01238-03.mp3
01-01239-01,./Audio/01-01239-01.mp3,इसकी नतीजा गोली खाना चालु कर देती है डॉक्टर बंका की लेकिन यह गोली कुछ दिनों के बाद उसे रिएक्शन कर जाता है,Bihari,Adult,Male,,,,Bihar,,1V9Ny_OB_U1fJWMB8MQsuSj5vNWGq7_WA,01-01239-01.mp3
01-01244-03,./Audio/01-01244-03.mp3,आजाद क्लब खतोना ऐसी मैं संतोष कुमार बिहार मोबाइल वाणी के लाई श्रोता बता दू आज के हमारे खतोना प्रकरण के अंतर्गत बहुत बचे उम्र के लड़के मोटर साईकिल चला रहे है,Accent_unknown,Adult,Male,,,,,"audio_jump,inaudible",1maPSs3I8jzTmHafn57pjAmm9m3LKhypy,01-01244-03.mp3
01-01250-02,./Audio/01-01250-02.mp3,और कृपा करके उसे न चलाए,Bihari,Adult,Male,,,,Bihar,,1nHG3NPrvuVuNreRKB0-wYa2xtCxRSX5D,01-01250-02.mp3
01-01270-02,./Audio/01-01270-02.mp3,मैं मर्शी बिहार मोबाइल वाणी के प्याने में डीईओ के अवमानना आचार सहायता में दी गई कहा की को रसोइया को आदमी एक और दो दो जगह ऐसी,Accent_unknown,Adult,Male,,,,,"audio_jump,inaudible",1_BwyE5sa8335X8Q6bFIUe5osIwYbzSTu,01-01270-02.mp3
01-01271-03,./Audio/01-01271-03.mp3,लाखन्य विद्यालय में हाँ और एक इधर तो एक व्यक्ति दो जगह कैसे हो सकता हाँ,Bihari,Adult,Male,,Serious,,Bihar,,1g5urWO6fAQ6W8oWUlSSZ8dNbtGppD0FO,01-01271-03.mp3
01-01274-03,./Audio/01-01274-03.mp3,मैं बिहार मोबाइल वाणी के लाई,Bihari,Adult,Male,,Serious,,Bihar,,1F-HQ9TtF_Vg39SQHdSVAH97HkH3fvr_q,01-01274-03.mp3
01-01273-03,./Audio/01-01273-03.mp3,जयनगर ऐसी पुरे तक जाती हाँ,Bihari,Adult,Male,,Serious,Darbhanga,Bihar,,11Rn3gqO0o12FwfFMfELw59DWTHFPonEA,01-01273-03.mp3
01-01283-02,./Audio/01-01283-02.mp3,गहन चिंता का विषय है संकीर्ण मानसिकता और महिलाओ की गिरती जनसंख्या गहन चिंता का विषय है,Bihari,Adult,Male,,Serious,,Bihar,,1QvN-Xp7XwsSuSKgMtkDjjbBSiMFZbHfp,01-01283-02.mp3
01-01306-02,./Audio/01-01306-02.mp3,तभी उन्होंने बोला तुम्हे जिंदगी भर ऐतराज़ रहेगा और एक मकान मालिक ने उसके घर के बाहर,Bihari,Adult,Female,,,,Bihar,,1uEGeffIE1N0C5Zw0p-LgIGO8CC5Spdt7,01-01306-02.mp3
01-01312-02,./Audio/01-01312-02.mp3,फिर भी लड़की ने बहुत कोशिश की मगर दूध पिलाने की,Bihari,Adult,Female,,Sad,,Bihar,,1HM0xOqSNFCgAkSuOaBg-vp6pU9SxtzPL,01-01312-02.mp3
01-01321-01,./Audio/01-01321-01.mp3,ध्यान आकृष्ट करना चाहता हूँ कि इस पर जल्द कदम उठा कर पशुओ को बचा दे मैं बिहार मोबाइल वाणी के लिए,Bihari,Adult,Male,,,,Bihar,,12LwO8_H-Qd40X_T5HiqJGcG6XKgBb3Rb,01-01321-01.mp3
01-01335-03,./Audio/01-01335-03.mp3,फिर नायेब समझा लालच का फल एही,Bihari,Adult,Female,,,,Bihar,,1RUnPN8cHHJLA9pMHqYYHTnXY47CPRFcg,01-01335-03.mp3
01-01359-01,./Audio/01-01359-01.mp3,कन्या भ्रूण हत्या कितना अपराध हाँ जो लड़का कर सकता हाँ ओ एक लड़की भी कर सकता हाँ जैसा की झाँसी की लड़की बाई ने,Bihari,Adult,Female,,Serious,,Bihar,,1gC4NJX1CCz2yqy-xU_IbPLCHL4Zj2xEp,01-01359-01.mp3
01-01367-02,./Audio/01-01367-02.mp3,समिति हाँ गांजा भंग का सेवन करके विसर्जन में जाते हाँ इस समय नशा का सेवन ऐसी,Bihari,Adult,Male,,,,Bihar,,1Z2G14wEhsHuojUVuYktr63ZnU80AYTfu,01-01367-02.mp3
01-01371-01,./Audio/01-01371-01.mp3,सभी जगह पे उन्मुलोक,Bihari,Adult,Male,,,,Bihar,,1JoznCIZdaCxq2_1j1d0-Kneq3R4LqSLh,01-01371-01.mp3
01-01390-02,./Audio/01-01390-02.mp3,जो को पेपर में पर देते हाँ और जब और उधर जाते हाँ तब पता चलता हाँ की,Bihari,Adult,Male,,,,Bihar,,1lPa2ydH6qk5c4kXNONpjPekq7s85bVp7,01-01390-02.mp3
01-01407-03,./Audio/01-01407-03.mp3,तीन ऐसी छह महीने ऐसी सम को लाइट चली जाती हाँ,Bihari,Adult,Female,,Serious,,Bihar,,13tUAGj7vjh7jmONmbw0genxyWff-8l6K,01-01407-03.mp3
01-01415-01,./Audio/01-01415-01.mp3,और उसके ऊपर का उभर खबर हो गया हाँ,Bihari,Adult,Male,,Serious,,Bihar,,1gLmMiYmN8iuTdZM7eJFawGzsuZ55g7Hl,01-01415-01.mp3
01-01442-01,./Audio/01-01442-01.mp3,और बीमारी को जड़ से भगाए साफ़ सुथरा रहने से ही बीमारी नहीं होती है,Bihari,Adult,Female,,,,Bihar,,1SOs0MI_brK7IP7b_L5NT3AZwU9_gLUZl,01-01442-01.mp3
01-01460-03,./Audio/01-01460-03.mp3,बिहार मोबाइलवाणी के लिए मै रामकृष्ण सिंह मधुबनी ऐसी,Bihari,Adult,Male,,,,Bihar,,1sejcikonxeSWKQklRHODmeg3T0ysLxix,01-01460-03.mp3
01-01521-01,./Audio/01-01521-01.mp3,बिहार मोबाइल वाणी ऐसी बोल रहा हूँ मै मेरे बच्चों के लिए पैसों की इंतेजाम में,Bihari,Adult,Female,,,,Bihar,,1W0zRWGaCMj0dQvolHalj6WDcYt5mZGo8,01-01521-01.mp3
01-01531-03,./Audio/01-01531-03.mp3,असमता को स्वीकार कर लिया लेकिन उन्होंने इसलिए लागू नहीं किया देश के करोड़ो बचे एवं बच्चियों को लाभ अब तक नहीं मिल पाया है,,,,,,,,,1iJBqS4TegLLLAtShWJp8B6M9mxpgEN-E,01-01531-03.mp3
01-01532-03,./Audio/01-01532-03.mp3,विकलांग व्यक्ति के लिए खुश खबरी राज्य के प्रधान सचिब शिक्षा विभाग आर के महाजन ने प्रेस विग्यप्ति जारी कर कहा है की राज्य के प्रारंभिक विद्द्यालयो में शिक्षको के नियोजन हेतु अंतिम चयन,,,,,,,,,1VyWOdwHyP2zgiUeDLNB6LVtiO7Dv2uih,01-01532-03.mp3
01-01544-01,./Audio/01-01544-01.mp3,बची हुई हैं और इन अवधी के अनुसार जीतने भी हमारे बी पी जी एल परिवार के लोग हैं जिनकी बी पी जी एल संख्या तो उसका सरकार के द्वारा,Bihari,Adult,Male,,,,Bihar,inaudible,1Ibsuh9-87kZacki821o8BnMe3W78Qrcv,01-01544-01.mp3
01-01546-01,./Audio/01-01546-01.mp3,इन कठिनाइयों के कारण काफ़ी समस्याओं को हमारी जनता को कभी होना पढता है और इन समस्याओं को समाधान करने के लिए,Bihari,Adult,Male,,Serious,,Bihar,,1wnTx8lfnhctUqjKzH3w0rs6gNb2oTZ7N,01-01546-01.mp3
01-01546-03,./Audio/01-01546-03.mp3,मौलधवानी ऐसी धन्यवाद,Bihari,Adult,Male,,Serious,,Bihar,,19QEtKVsNkSI7TB_kTZM2XuBdCUcqVha8,01-01546-03.mp3
01-01553-01,./Audio/01-01553-01.mp3,और अपने नजरिये को देख कर ये हर टीम को विचलित करना चाहते है की हमारे गाँव में भी ऐसी टीम है जो की आगे चल के कोई न कोई एक खिलाडी जो की हमारे अंतर्राष्ट्रीय देश में भी वे खेल सकते उनको अगर यदि किसी तरह की सपोर्ट मिले तो लेकिन गाँव घर के बच्चे अधिकतर खेती गृहस्थी से किसान के खेती जोतते है परिवार से जो की आगे चलकर आगे बढ़ नही पाते है,Accent_unknown,Adult,Male,,,,,inaudible,15ynNpmuq2p6m8vKf0l_yP1zPM2jqpbc5,01-01553-01.mp3
01-01555-01,./Audio/01-01555-01.mp3,उनकी आन्तरिक क्रियाओ को विश्लेषित कर खेल कर कूद कर उनकी प्रतिभाओं को,,,,,,,,,1slVeUN3srEhZwGKa8fa0yEXYj2MQLe8K,01-01555-01.mp3
01-01555-02,./Audio/01-01555-02.mp3,#incomplete को स्वीकृत कर एक दृढ अपना एक टीम बनना चाहते है,,,,,,,,,1LeKCplD3irQNqIRhaVyq_QgR0po-fWxA,01-01555-02.mp3
01-01559-01,./Audio/01-01559-01.mp3,कह सकता हूँ कि वह बच्चा बहुत माध्यम वर्ग का बच्चा हैं लेकिन वह उस बचे को बच्चा लिया लेकिन मै हमेशा देखा करता हूँ,,,,,,,,,1t7uuaqcV1bYnlzMf9bSidpkeWm4SWTRs,01-01559-01.mp3
01-01564-02,./Audio/01-01564-02.mp3,टीएन ब्रह्मर्षि शांति क्लब की और से बिहार मोबाइल वाणी के लिए बिहार मोबाइल वाणी को ग्राम वाणी को भ्रूण हत्या पर प्रतिबन्ध के लिए मुहीम चलाने के लिए आवश्यकता है,Bihari,Adult,Male,,Serious,,Bihar,inaudible,10xnAy3X4wxFH9s1W4KvDKFjVWt78J18R,01-01564-02.mp3
01-01575-01,./Audio/01-01575-01.mp3,उसका भाई उसे बहुत पीटता है कभी दिन ऐसा आता है क्यूँकी पापा मम्मी मारते है बची बहुत डरी और सहमी रहती है वो घर में काम करने के बाद भी छोटी से छोटी बात पे उसे,Accent_unknown,Adult,Female,,,,,,1fmSIZJy5QMJ80qNRvELq-vGJGAdx89Rw,01-01575-01.mp3
01-01591-03,./Audio/01-01591-03.mp3,कर्मचारी जो को लेकर जन आक्रोश बढ़क गया था जिसमें आक्रोशित लोगों ने हंगामा शुरू करते हुए,Bihari,Adult,Male,,,,Bihar,inaudible,1Q_crQFv1ErVR2SEf46P_l3-1Q6RBmEqI,01-01591-03.mp3
01-01596-03,./Audio/01-01596-03.mp3,एक बूढ़े व्यक्ति को दो युवक के द्वारा मारपीट जा रही और वो युवक कुछ नम्बर का भतीजा था लेकिन हमारे युवा,,,,,,,,inaudible,1xJBAhIRvuDtcWTc_zuEkFMbAzf7FFHoF,01-01596-03.mp3
01-01610-03,./Audio/01-01610-03.mp3,जो की आज मैंने हमारे शहर के जमुई झाझा प्रखण्ड के उलाई नदी में मैंने सफाई अभियान को देखा यहाँ पे मुझे यह पता चला की झाझा प्रखण्ड के छठ पूजा समिति और आज,,,,,,,,,1agZe62tjFVV7X6I6-_8QYYcYBaN0XCLa,01-01610-03.mp3
01-01617-03,./Audio/01-01617-03.mp3,सखी सहेली दूर है सब मस्ती में चूर है,,,,,,,,,1YpwKJzv_6PaYj8gbrPCIawJ3pYQ51npu,01-01617-03.mp3
01-01623-02,./Audio/01-01623-02.mp3,आदमी के रूप में उसकी कामना की गयी जर्मनी के दार्शनिक कवि लेटे ने बताया है अपनी धन और अच्छी नारी स्वर्ण और मुक्ता के समान है नारी की विडम्बना है कि,,,,,,,,,1k3UH0JwEIrFekmZFgRKe6JbpgGHGXxdF,01-01623-02.mp3
01-01636-01,./Audio/01-01636-01.mp3,मिथान्पुरा और जिला की गिरिडीह ब्लॉक में महिला समूह गठन में क्या क्या दिक्कतें आती है तो कुछ खास अनुवाद महिला समूह गठन में,,,,,,,,,1xtk9HKRFWrlyeJtRVVZJ1j4VFJAfle9Z,01-01636-01.mp3
01-01639-02,./Audio/01-01639-02.mp3,हाँ तो आपने स्वच्छ स्वयंसेवी संस्था,Bihari,Adult,Male,,,,Bihar,inaudible,14-BfIY0D-kM36FSObvghpU6mb_yksyH_,01-01639-02.mp3
01-01641-02,./Audio/01-01641-02.mp3,मना करती थी बेटी मत जाओ ऐसे सुनसान जगहों पर जो काफी दूर है लेकिन उसकी,,,,,,,,,1C6JtsK8cIR6v7YLjVxFNFafoV2fjKSef,01-01641-02.mp3
01-01648-01,./Audio/01-01648-01.mp3,हिस्सा थान उहध की बस्ती उसके साथ क्या ऐसा क्रिया होता है,,,,,,,,,1NdgVnkkzqaGfvS8Ffw_6020foYoZ0r32,01-01648-01.mp3
01-01658-03,./Audio/01-01658-03.mp3,बिहार मोबाइलवाणी के लाई शांति क्लब मधुबनी खेल रामाशीष सिंह इक्कीसवीं सदी का भारत क्यूंकि तो विकास और बहुमत के बीच में शिखर छु रहा है परन्तु विकास और बदलाव के इस दौर में,,,,,,,,,1eevxYSwPQrlpM8oT1KwJfpCYzEbTZGOG,01-01658-03.mp3
01-01665-01,./Audio/01-01665-01.mp3,हेलो नमस्कार जवाहर मई बल योगदान मई यह कहना चाहता हूँ की सरकारी आंकड़ो के अनुसार,,,,,,,,,1PKTamKpdR0f_HlTsxpcwL1TlpiyP6sSx,01-01665-01.mp3
01-01666-02,./Audio/01-01666-02.mp3,हमारे सामने बैठे हुए है मै उनसे बात करना चाहता हूँ आपका क्या नाम हुआ मैं राजेश जी बोल रहा हूँ हनुमाननगर आप कितने दिन से बिहार मोबाइल वाणी सुन रहे है,Bihari,Adult,Male,,Serious,,Bihar,,1AdIN6xLAa7jR12J7TEo8RJC94NPnGybv,01-01666-02.mp3
01-01681-01,./Audio/01-01681-01.mp3,जिसके गल नहीं पाने के कारण पौधे उग नहीं पा रहे है शहर में बागवानी के लिए भी मिटटी भी नहीं मिल पा रहे है वहीं ग्रामीण क्षेत्र में भी खेतो में पहुँचे प्लास्टिक व पॉलीथिन खेतो को चौपट कर रही है,,,,,,,,,1Yy7bsxSJxehhxFiQtJCSb_BjevaZgi-2,01-01681-01.mp3
01-01699-03,./Audio/01-01699-03.mp3,इस तरह का नियत रखता हो तो साझा ऐसी वो सतर्क हो जाए और उसके मन में दर्ज की भावना जगत इसलिए बल विवाह शोषण सन को रोकने का यहीं तरीका है,,,,,,,,,1SnJccWNy2NnId9G_8DClFgrNi6ov4dLO,01-01699-03.mp3
01-01718-02,./Audio/01-01718-02.mp3,पोटका प्रधान के अंतर्गत पुलिया पंचायत के गाँव रेलवे फाटक ऐसी राखा माईन्स रेलवे के सांसद सड़क का निर्मिकरण किया जा रहा है,Bihari,Adult,Male,,Serious,,Bihar,inaudible,14Hp59OvTcABGSlo5m2ysQeTnGrVDuRFN,01-01718-02.mp3
01-01718-03,./Audio/01-01718-03.mp3,नारेजा योजना के तहत इस सड़क का निर्मिकरण कार्य किया जा रहा है बरसात की शुरुआत में ही सड़क का पोटका,Bihari,Adult,Male,,Serious,,Bihar,"audio_jump,inaudible",1rUMDNWYvxkC45X5WQUyj7t9t74G_pwg6,01-01718-03.mp3
01-01736-01,./Audio/01-01736-01.mp3,क्या ऐसे में हम कह सकेगे कि ये सुशासन की सरकार हैं मैं टीएन ब्रह्मर्षि शांति क्लब मधुबनी की ओर से बिहार मोबाइल वाणी के लिए मधुबनी से धन्यवाद,Accent_unknown,,Female,,Serious,,,inaudible,1oMiDaNfo92WntZVzzpeD2GLGstannudv,01-01736-01.mp3
01-01736-03,./Audio/01-01736-03.mp3,दो साल पहले डेढ़ सौ लाल कार्ड धारी राशन दिया जाता था वो कार्ड कट गयी हैं,,,,,,,,,18WGqVXgoJFzS9yB1MHkWND70-7im0Guw,01-01736-03.mp3
01-01756-02,./Audio/01-01756-02.mp3,जैसा की आज शनिवार का दिन था रविवार का दिन था और हमारे जो मौहल्ले' की जो साफ़ सफाई की व्यवस्था थी रविवार को जो भी अपनी रोड या सड़के होती है 'लड़के' साफ़ सफाई करते है और हमलोग रविवार रविवार को ही सारी 'लड़कियों की छुट्टी रहता है और हमलोग पूरा गैंग के साथ सफाई करेंगे सब लोगो ने अपना अपना खूब योग दन दिया इसी तरह साफ़ सफाई करने ऐसी जो हमारी पहली जो स्थिति बहुत खराब थी इस गाँव,,,,,,,,,14iKuwZUgAF8W2diq-6T5ynJ_n8qfG4UG,01-01756-02.mp3
01-01767-03,./Audio/01-01767-03.mp3,खुशी में मजबूर मत हो जाना ये रिश्ता ता दिल ऐसी बनता है,Bihari,Adult,Male,,,,Bihar,"audio_jump,inaudible",1NoX1GRInEhsIhwiPYrbF0tnfWiw5_7el,01-01767-03.mp3
01-01766-03,./Audio/01-01766-03.mp3,क्या अच्छा होता की अपने यहाँ भी बैज्ञानिक तरीको से मछली पालन किया जाता है तो कोई कारण नही था की हमारा सूबा मछली पालन में आत्मनिर्भर नहीं हो पाता,,,,,,,,,1-OYhskvYWxEuV5QfOFdAo8FkarVv8YxL,01-01766-03.mp3
01-01770-02,./Audio/01-01770-02.mp3,करना चाहिए यह प्रक्रिया पूरी जीवन साथ चलने वाली है टीबी हमारे स्कूल कॉलेज अस्पताल गाँव शहर स्वच्छता रहेंगे टीबी हमारा देश स्वच्छ देशों में गिना जायेगा बिहार मोबाइल वाणी ऐसी क्रांति क्लब मधुबनी ऐसी क्रांति कुमार धन्यवाद,,,,,,,,,19QdQcepdIzJk6jeMlVchqjQ8eRy-5_hr,01-01770-02.mp3
01-01785-02,./Audio/01-01785-02.mp3,बढ़िया अच्छा चैनल था गली गली सिम सिम जो कुछ दिन के लिए बंद हो गयी थी आखिर हम लोग के झारखण्ड मोबाइल वाणी मैं स्टार्ट हो गया हैं वो चैनल गली गली सिम सिम बच्चों लोगो को बहुत पसंद आ रही था,,,,,,,,,10bEbNihx5cmFrmt-eh_DM-yi0CD-AVIb,01-01785-02.mp3
01-01798-02,./Audio/01-01798-02.mp3,जानकारी लेना चाहिए का हैं धन्यवाद,Bihari,Adult,Female,,,,Bihar,inaudible,1Ssyhrd7M_WEmynoAQzf9UI1JEOMvX_uq,01-01798-02.mp3
01-01804-02,./Audio/01-01804-02.mp3,धन्यवाद में हिमांशु कुमार झारखण्ड ऐसी बोल रहा हूँ जादूगोड़ा यूरेनियम खदान होने के पहले जादूगोड़ा,,Adult,Male,,,,Jharkhand,inaudible,1eXccs1PoihDEg-_4QANiJFbRDq7zkA7o,01-01804-02.mp3
01-01818-03,./Audio/01-01818-03.mp3,सिनेमा हाल्ट तक सीधी तरह जाते है लेकिन जत्रा के पहले लगता था इतना आनंद नहीं उठा था बुजुर्गो ऐसी हमने सुना है की जत्रा में,Bihari,Adult,Female,,Serious,,Bihar,audio_jump,1oaAvbryZqHquxI6IaLL-ZC3w1cVyT2w5,01-01818-03.mp3
01-01826-02,./Audio/01-01826-02.mp3,और आश्चर्यजनक बात यह है की आज तक पाँच माह भी के अभी जलापूर्ति नहीं की गयी है ग्रामीणों ने झारखण्ड मोबाइल वाणी को बताया,Bihari,,Male,,Serious,,Bihar,,1IURxeYLrlQNcVOeMcOSz4xiM7ZoeAH3X,01-01826-02.mp3
01-01831-01,./Audio/01-01831-01.mp3,बल श्रमिको की बढ़ने की एक और बड़ी वजह शिक्षा है,,,,,,,,audio_jump,1sK2NHALCe4RF2FNTynVxo0RcEuCli6mS,01-01831-01.mp3
01-01834-03,./Audio/01-01834-03.mp3,सुख ओ सब के,,,,,,,,inaudible,1ByFHqwNVL90Hdff6Qi_ZLSoL0BSht9ax,01-01834-03.mp3
01-01835-01,./Audio/01-01835-01.mp3,शशि लो माँ जाए हरी ओम,,Age_unknown,Female,Music,,,,inaudible,1cdloGMoyHkYWhX6h160gVrrfU0y-q_vg,01-01835-01.mp3
01-01843-01,./Audio/01-01843-01.mp3,इस तरह की समस्या को अघोषित लेकिन इसके बावजूद भी वहाँ काफी,Accent_unknown,Adult,Gender_unknown,,,,,inaudible,1zSjGvyqxjmzk1iZ2uI80u0GcIy6xv_P9,01-01843-01.mp3
01-01843-02,./Audio/01-01843-02.mp3,जहाँ जहाँ आरोप बैठे धन्यवाद,Accent_unknown,Adult,Gender_unknown,,,,,inaudible,1x0PLNst5Y7FCLNLnvEw1QSyyyLzg4PRG,01-01843-02.mp3
01-01856-01,./Audio/01-01856-01.mp3,और पाती की मार की शिक्षा भी उन आरोप काफ़ी रूप ऐसी आरोप लगाया हमारे महिला समिति की,Bihari,Adult,Male,,,,Bihar,inaudible,109DWN2mNyGAEexfTLfnJ5ia6v_3FwnqP,01-01856-01.mp3
01-01864-01,./Audio/01-01864-01.mp3,मालूम हो की वर्षों पहले स्वास्थ केंद्र की सुविधा लोगो को मिलती थी लेकिन आजा न तो भवन सिख है न ही दवा,,,,,,,,,1BCscBb9dcbRp_SJQtqzDCx5uo7blROtO,01-01864-01.mp3
01-01871-01,./Audio/01-01871-01.mp3,उसमे जब देखा गया आज हमारे निर्दलीय पार्टी ऐसी खड़े सभी प्रचार की रैली निकाली व है जबकि रोड इतनी जम हो चुकी है,,,,,,,,,150FcEkWRHljwMfHL_fXp3A8-6STDiWHU,01-01871-01.mp3
01-01912-02,./Audio/01-01912-02.mp3,सूरज का हर द्वार आरोप हर उदास आंगन का हक हो बाहर आरोप पायेगा फिर कोई,,,,,,,,inaudible,154YtAQE8IcHL8vX9BE_w4Mxr5tekxDvb,01-01912-02.mp3
01-01918-01,./Audio/01-01918-01.mp3,लगभग नौ व्यवस्था की कोई उम्मीद नहीं है आज हमारे यहाँ सबसे टी,,,,,,,,inaudible,113yvbGQOHM3_A_cnWrP4EQOGvaNAqjo-,01-01918-01.mp3
01-01932-01,./Audio/01-01932-01.mp3,होते कुपोषण के शिकार बीमारि से हो जाते छुटकारा दवा,Bihari,,Male,,,,Bihar,,1RhMeFC5iDlhmACs2EFCucD8tPJsadRDy,01-01932-01.mp3
01-01939-02,./Audio/01-01939-02.mp3,नहीं चढ़ता भूमि के ऊपर फिर कैसे होगी धन बाजरे की खेती कृषि पर पड़ा इसका सीधा असर,,,,,,,,,1T6RZAooHqaU8flrGSOH_TVxT1Kfvi3P-,01-01939-02.mp3
01-01944-02,./Audio/01-01944-02.mp3,मैं मोहम्मद मुज़फ्फर को ऑर्डिनेटर मोबाइल वाणी मोबाइल वाणी का हमारे क्षेत्र मैं क्या असार हुआ या क्या प्रभाव हुआ या हमारे हमले जिले मैं क्या काम किए हैं जिस ऐसी समाज आरोप प्रभाव पड़ा,,,,,,,,inaudible,1hqrnww5_3aXBO-_QRAP_LJyV__1kgK9M,01-01944-02.mp3
01-01967-03,./Audio/01-01967-03.mp3,तो वातावरण को जिसके कारण उसके करीब में भी स्थापन हो रही है जो इंसान खुली जगहों में रह कर जंगलों के,Accent_unknown,Adult,Male,,,,,"audio_break,inaudible,speaker_change",1NyUzjK0K9IUwgR6Ne-2iATQGowVLzcHr,01-01967-03.mp3
01-01972-01,./Audio/01-01972-01.mp3,इसमें क्या मजबूर खनन के कारण हुई धनबाद की धरती खनन के कारण धरती हुई खोखली घर धस गए है दर्ज के लोग बंद गए है पगला और पगली,,Adult,Male,,,Dhanbad,Jharkhand,,1ZgDd2ESiY_zkiINesynVIuk0OcdxKUB_,01-01972-01.mp3
01-01976-02,./Audio/01-01976-02.mp3,ध धन्यवाद डीएम रंगीला को ओर्दिनाटर बोकारो श्रोता संग झारखण्ड मोबाइल वाणी,,Adult,Male,,,Bokaro,Jharkhand,,1MdYGuVFQGY0ZxP_QpV95PP92BfhvqrL9,01-01976-02.mp3
01-01993-03,./Audio/01-01993-03.mp3,की बचपन की घटनाओं ऐसी हमें ये सिख मिलती है की जिस तरह ऐसी,,,,,,,,,1JsLvSQAc1kz1z6mkpbWbEfckEKbBNt5_,01-01993-03.mp3
01-01994-03,./Audio/01-01994-03.mp3,किसी जाती धर्म का होता है नहीं वहाँ भेदभाव का नहीं काले गोरे का भेद किया जाता है वहाँ पे एक ऐसा मंदिर है जो सबके लिए बराबर है,Accent_unknown,,Male,,Serious,,,inaudible,16i5jHT7FCxbw0Fptkywz5iN_77PNXNCM,01-01994-03.mp3
01-02001-03,./Audio/01-02001-03.mp3,लोग वाहन से बारात जाना एवं डीजे गाजे बाजे के भी स्वरुप बदल गए है पहले लोग देहाती जैसे,,,,,,,,,1oK7qGe2Y-WfS9tjhPmBjacxI9-IhYBwg,01-02001-03.mp3
01-02005-01,./Audio/01-02005-01.mp3,सरकार किसानों को खुश करने के लिए तीन सौ रुपये प्रति क्विंटल सब्सिडी प्रदान की लेकिन जब किसान का धान ही नहीं खरीदी जाएगी तो सब्सिडी कैसे मिलेगा,Accent_unknown,Adult,Male,,,,,,1oSKwZCKcuhIvGvKqWwwDJXnW4Nk83VLI,01-02005-01.mp3
01-02030-02,./Audio/01-02030-02.mp3,हेलो नमस्कार मैं विभाग व्यंगी श्रोतासंघ धनबाद ऐसी मैं बीरबल महतो मैं मैं ये कहना चाहता हूँ के हमारे धरती के प्राथमिकता विद्द्यालय छतरूटांड़ में,,,,No_speaking,,,,,1WNHl4jELAX9AedHGl8Dkv9-PIjr3iNvo,01-02030-02.mp3
01-02039-01,./Audio/01-02039-01.mp3,अछ मेगादुराई जनरितवत स्थान धनबाद धन्यवाद,,,,,,,,,1r8NDb12ro9PsCl13trTFg7tnaFwrMWi2,01-02039-01.mp3
01-02058-01,./Audio/01-02058-01.mp3,वातावरण एकदम पूरी तरह ऐसी तालाब में पानी है वो एकदम हरा हो गया है और आस पास घर दुआर एकदम काली,Accent_unknown,Adult,Male,,,,,,1gI5G57S07KZlxlpv3OqM_2ryKMDaL2LM,01-02058-01.mp3
01-02067-03,./Audio/01-02067-03.mp3,हेलो मेरा नाम में रामगढ जिला ऐसी बोल रहा हूँ,Accent_unknown,Adult,Male,,Serious,,,inaudible,1Qq1X8oOp2fAU82ADmb695C7hfqlzbYQa,01-02067-03.mp3
01-02077-01,./Audio/01-02077-01.mp3,यही सरस्वती विद्या बुद्धिमान ज्ञान विवेक अब्यस्त शास्त्र ऐसी जुड़ी है इनसे हम विवेक ज्ञान बुद्धिमान ज्ञान साधना में,,,,,,,,,1-Qd0LFJbm-Ul1l20CPsA2hjZy20WX-fa,01-02077-01.mp3
01-02086-03,./Audio/01-02086-03.mp3,जितना भी में लिखना चाहूं अँधेरी रात में जल गयी शमा आंगन में बच्चों की चिल्चिल्कारी सुनकर मिलती मन को चैन,Bihari,Adult,Male,,,,Bihar,,1h_KykEl_JjANRN7LN-NtTZBG79dpFWDj,01-02086-03.mp3
01-02117-03,./Audio/01-02117-03.mp3,मनोरंजन का साधन न बनाये इसके द्वारा उन समस्याओं का समाधान भी आवश्यक है जो झारखण्ड वासी को भुगतना पढ़ रहा है,Accent_unknown,Adult,Male,,Serious,,,,1zPzs9tGKUKXknLUW0hVdObe45xhpIw4J,01-02117-03.mp3
01-02133-01,./Audio/01-02133-01.mp3,जिसका प्रभावी विद्यार्थियों ओन के चेहरे ऐसी साफ़ वही के द्वारा नकल करवाने की ही प्रयास थामने का नाम नहीं ले रही हैं,Bihari,Adult,Male,,,,Bihar,"audio_jump,inaudible",1Q1NBQQvW1-zKPz4I4xvGVAZUhlFgUPnA,01-02133-01.mp3
01-02131-03,./Audio/01-02131-03.mp3,पहले विकर के मारे जागरूक होने,,,,,,,,,14OcvE8S8vGypst53AHEKH9ClmcwXKy5Z,01-02131-03.mp3
01-02138-02,./Audio/01-02138-02.mp3,तुम्हारा क्या नाम हैं मेय्नु के अनुसार वही हैं और सबसे आगे,Bihari,Adult,Male,,,,Bihar,inaudible,12n-zTiR_6uayYOtTnPqTM2iu_sfXhXrD,01-02138-02.mp3
01-02137-03,./Audio/01-02137-03.mp3,स्थित हैं और जहाँ पर एमडीएम के बारे में मैं एक क्या नाम है आपका टोला सेवक,Bihari,Adult,Male,No_speaking,,,Bihar,,1uOfaF2Ljh8v9xaAOKaqL9_hDligDm4_5,01-02137-03.mp3
01-02146-01,./Audio/01-02146-01.mp3,यानि पाँच सौ उनतालीस में पचास खुद रसोइया कह रही हैं तब पचास साठ विद्यार्थी होंगे,Bihari,Adult,Male,,,,Bihar,inaudible,1YdX6hKDBIW7asnpsuYWi51_T9mjLhP3q,01-02146-01.mp3
01-02157-03,./Audio/01-02157-03.mp3,मार्गदर्शन और दिशा निर्देश दे तो उनके भीतर छुपी हुई प्रतिभाए सामने आती है विद्द्यालय में बच्चों को अच्छा वा,,,,,,,,,1OIbzFoBJ8VlmA9oMYtAvVZePysndehQV,01-02157-03.mp3
01-02171-01,./Audio/01-02171-01.mp3,बराबर हैं और वो बराबरी पहले ऐसी सुर,Bihari,Adult,Female,,,,Bihar,inaudible,1qirEegjf8AKOOs00xC0tXllfcOj8j1NH,01-02171-01.mp3
01-02181-02,./Audio/01-02181-02.mp3,नेशन की परिकल्पना को साकार करने की लाई राज्य सरकार द्वारा संतान जाननी बाल सुरक्षा योजना सफल नही हो पा रही है इस योजना के प्रारंभ होने के बाद के प्रखंड प्रखंड की सरकारी अस्पतालों में संस्था के प्रसव के लिए,Accent_unknown,Adult,Male,,,,,,1knY8Z8Va0fyXC4nmk-Cy5p6uOjF3divy,01-02181-02.mp3
01-02195-03,./Audio/01-02195-03.mp3,अपने प्रदेश की विकाश के लिए कुछ एसे प्रयास करे जिससे की प्रदेश का चूर मुखी विकाश हो सके और मई विकाश,,,,,,,,,1OCzSfGbjuMXp1aP1xYXSxj60pJKltU1w,01-02195-03.mp3
01-02203-03,./Audio/01-02203-03.mp3,मंगल वार को प्रखंड कार्यालय वा विडियो का घेराव किया और फिर चढ़ने की मांग करने लगे प्रखंड लाए जो बटा रहे,,,,,,,,,1x2JQ3oH0qGxiMfbwz6LE1-57hf0rYF2x,01-02203-03.mp3
01-02210-02,./Audio/01-02210-02.mp3,वी कवि नहीं होती और नेताओं के जुल्म करने वाले नेताओं को कभी जेल नहीं होती हम हम ऐसे कहीं,,,,,,,,inaudible,10DSCiJjlklRNZDNv10ADjvzEy2jg01Tl,01-02210-02.mp3
01-02212-03,./Audio/01-02212-03.mp3,फुसुल खर्च में दुआएँ देती हैं यही सरकार हमे इस महिलाओं को आजीविका ऐसी जोड़े और शोषण किधर का काम कराएं ज़रूर,Accent_unknown,Adult,Male,,Serious,,,,1ZDMBWgf4epnjHFGr9dMg2b6x8aduwmIt,01-02212-03.mp3
01-02215-01,./Audio/01-02215-01.mp3,जिससे महिलायें' को बराबर 'मिलेंगे,Bihari,Adult,Male,,,,Bihar,inaudible,1YesftW2bOWWsYxL6YVFT2OeXt4co4bVR,01-02215-01.mp3
01-02220-03,./Audio/01-02220-03.mp3,मोबइलवाणी ऐसी कलम मधुबनी की प्रश्न करने जा रहा हूँ की अभी गर्मी का घटना,Bihari,Adult,Male,,Serious,,Bihar,inaudible,1Kuv0f7HCP_6E7_cf-kMFH_CzrY5JS-e4,01-02220-03.mp3
01-02222-02,./Audio/01-02222-02.mp3,अधिक तर लोगो का मकान फूस का मकान रहा ता हैं भोजन बनाने एवम काम करने मई धोका ऐसी भी कहीं न कहीं आग की घटनाये घाट जाती हैं,Accent_unknown,Age_unknown,Male,,,,,,1aubjU0vribTOGJmA6NHn2bES0rsQs8Xx,01-02222-02.mp3
01-02255-03,./Audio/01-02255-03.mp3,वहाँ बहोत अच्छी दवाई मिलती है डॉक्टर भी सरकारी डॉक्टर अच्छे आके बैठते है अवाम इलाज किया जाता है,Accent_unknown,Adult,Male,,,Dhanbad,Jharkhand,,1HZV1uh1G8jHCL77Y0s4_8PoA3N6YZfhH,01-02255-03.mp3
01-02258-03,./Audio/01-02258-03.mp3,विद्यालय संचालन समिति के परमेश्वर महतो सहित विद्यालय के कई शिक्षक शिक्षिकाओं के अलावा कई ग्रामीण उपस्थित थे,,Adult,Male,,,,Jharkhand,,1asDhx5qFeUO-GtRgvqTzhw7503YJSw8Z,01-02258-03.mp3
01-02265-01,./Audio/01-02265-01.mp3,सरकारी अस्पताल में अच्छे डॉक्टर की देख प्रसव होता है,,,,,,,,,14lAO9SkfBB7LNlz9wcz6ulfdxhGxwKxk,01-02265-01.mp3
01-02276-02,./Audio/01-02276-02.mp3,केंद्र में जाकर अपना अपना नाम लिखवा ले और वहाँ पे पे जाकर के आदेशो के अनुसार समय समय आरोप परीक्षा करवाती रहे,Bihari,,Male,,,,Bihar,audio_jump,1MjTQ3-ALAdhBJJNMFbz2fr_v9GWqKDz7,01-02276-02.mp3
01-02287-03,./Audio/01-02287-03.mp3,प्राकृतिक आपदा के कारण यहाँ भारी संख्या में जान -माल का नुकसान हुआ है वही लोग दहशत के साये में जी रहे वैसे सोमवार को कहीं से भी भूकम्प की खबर नहीं आई है,,,,,,,,,1-OtFyjbP9QR6i5a9D0nDWryGrLCTQsdR,01-02287-03.mp3
01-02288-01,./Audio/01-02288-01.mp3,तो आप सब अफवाह आरोप ध्यान न दे और अपने तथा अपने पड़ोस के लोगों को इस मुश्किल घडी में हौसला दे वैसे अगर भूकम्प हो तो तुरंत घर के बाहर,Accent_unknown,Adult,Male,,,,,,1UNfqg72KO3nu1oruoybB2Cx0riSMsGwZ,01-02288-01.mp3
01-02268-03,./Audio/01-02268-03.mp3,ग्राउंड जीरो ऐसी ग्राम तिलैया ऐसी मोबाइलवाणी परिवार के लिए धन्यवाद,Bihari,Adult,Male,,,,Bihar,,12yznCC-0OW77kY7TgjF-C8v6iVrnRCky,01-02268-03.mp3
01-02296-02,./Audio/01-02296-02.mp3,की विद्द्यालय में ज्ञान भोजन का क्या हल है और साफ़ सफाई बच्चों ऐसी ही कराया जाता है इस सम्बन्ध में शिकायत मिली है और इस सन्दर्भ में मई कुछ क्षात्रों ऐसी,,,,,,,,,1JNo6NScgI4d-w_kXwsq20Y5L-NhqS9M4,01-02296-02.mp3
01-02299-01,./Audio/01-02299-01.mp3,कूड़ा करकट से कभी स्मेल अति है और साफ सफाई रखने से,,,,,,,,inaudible,1CMOfAcJYekxHQJFwJ79sHSUkcx3JFX3d,01-02299-01.mp3
01-02319-01,./Audio/01-02319-01.mp3,दो मग पानी दे देंगे उसका जड़ के पास में कभी भी मिटटी सुख जाएगा इसके बाद सिचाई न करे जिससे,Bengali,Adult,Male,,,,West_bengal,"audio_jump,inaudible",1SHgJDojxubqCkXYKdbGeOvwMM5gJzmGf,01-02319-01.mp3
01-02319-02,./Audio/01-02319-02.mp3,आम का पोधा में वोट तरह बीमारी होता होता है जो बाद में छोटा में छोटा जो आम पोधा होता है मर जाता है,Bengali,Adult,Male,,,,West_bengal,"audio_jump,inaudible",1MR-i23REqRsi16666rjdL60CAwxw5fLs,01-02319-02.mp3
01-02325-01,./Audio/01-02325-01.mp3,हुए खाद देना चाहिए कभी कभी गर्मी के कारण पत्ता सुख जाता हैं सूख जाता हैं तो हम कहेंगे की हम,Bengali,Adult,Male,,,,West_bengal,inaudible,1WxajPpJSPF6MJzwbXt2-kEJynuCnLOnx,01-02325-01.mp3
01-02325-02,./Audio/01-02325-02.mp3,हम उनके देखते हुए सिख जायेंगे साथ ही साथ अभी बीच बीच में बारिश भी हो तो खेत में बारिश भी तो आपको,Bengali,Adult,Male,,,,West_bengal,inaudible,1YFRkzD0a64blKrN5S24vEDjAtolNTqTs,01-02325-02.mp3
01-02325-03,./Audio/01-02325-03.mp3,मूँग का खेत में मोजेक नाम का एक बीमारी होता हैं इससे बचाव के लिए नाम का एक दवा हैं,Bengali,Adult,Male,,,,West_bengal,"audio_jump,inaudible",1E4aYTJqmWwdDsEZ0jN79v9oKNWmPWL7i,01-02325-03.mp3
01-02338-03,./Audio/01-02338-03.mp3,और कमिटी में बैठ के बहुत ही अच्छा पैसा का लेन देन करते है और लेन देन कर के अपने बाल बच्चों को पढाते है बिज़नेस भी करते है ओस में,,,,,,,,,1hm8yEZyZ4qfofRei_Ih0fjmyUVJeE3q9,01-02338-03.mp3
01-02346-02,./Audio/01-02346-02.mp3,ओस आरोप रोक लगनी है और हम सबको ये संकल्प उठाना,,,,,,,,,19QvD5rhB2CloBy57J5hiZdf-2xcVEZ7k,01-02346-02.mp3
01-02361-01,./Audio/01-02361-01.mp3,बीमारी मैं चाहिए पोलियो खसरा चाहिए बहुत बहुत धन्यवाद जिंदगी,Accent_unknown,,Female,,Serious,,,inaudible,1bcVIVU2ZNBBHJgffk539vyEPkpfUFG5Y,01-02361-01.mp3
01-02364-01,./Audio/01-02364-01.mp3,की घर बैठे है और कुर्सी अचानक हिलने लगा,,,,,,,,,1y3zqza30IU0OZOT-B3Tc5QLDvlaJgcSH,01-02364-01.mp3
01-02380-03,./Audio/01-02380-03.mp3,रोपाई करने करने के टाइम थोरा बहुत,,,,,,,,,1JcDJt-b-wiucDqxgEjRi2jgC1ymcMdJx,01-02380-03.mp3
01-02383-01,./Audio/01-02383-01.mp3,और किसान कई ज्यादा कार्बोहायड्रेट रहता हैं इस के अलावा और भी जो मिनरल की ज़रुरत हैं,Bihari,Adult,Male,,Serious,,Bihar,inaudible,12ltNu_kFPxz7cdVld0OEjYcHPRoWmAqJ,01-02383-01.mp3
01-02396-02,./Audio/01-02396-02.mp3,मधुबनी मोबाइल वाणी के लिए राम आशीष सिंह,,,,,,,,,1f0h4O2OtfPYGMcIJUg_cTl6iHT5zlcRf,01-02396-02.mp3
01-02398-02,./Audio/01-02398-02.mp3,कोई वाहन जाँच से गुजरता नहीं जिस कारण मेरे लिए,,,,,,,,,1centrca1ed-gX0BqSgY9fHlHx37IoO1k,01-02398-02.mp3
01-02427-03,./Audio/01-02427-03.mp3,फिर आपको स्वागत हैं आप समय आरोप खाद्य देने का बारे में जान न चाहते हैं इसका कौन सा इस्तेमाल करें उसके बारे में जान न चाहते,Bihari,Adult,Male,,Serious,,Bihar,inaudible,1Vt2T_TO2vLmV0yhZCrmCHxuKsXXsl3A2,01-02427-03.mp3
01-02444-01,./Audio/01-02444-01.mp3,हमारी सरकार से एक सवाल हैं के इस तरह की जो व्यवस्थाये हैं पेयजल की क्या वे सही हैं देखा जाता है की पेयजल की सुविधा सबको दी जाय,Bihari,Adult,Male,,Serious,,Bihar,"audio_break,inaudible",1iQN3TF8pgb6OZw4XxMCc1ID5btvIG8KG,01-02444-01.mp3
01-02449-03,./Audio/01-02449-03.mp3,चंद्रशेखर आजाद ऐसी मोबाइल वाणी के द्वारा ये यानि मध्यान्ह भोजन आरोप प्रखंड की नई विद्यालय संचालित किए जा रहे,,,,,,,,inaudible,1vHEgnteY5K8I1KPmi5YJkj7t-kfRroJh,01-02449-03.mp3
01-02451-01,./Audio/01-02451-01.mp3,बच्चों के भोजन आरोप ईदों का महा भोज साबित हो रहा हैं किशोर द्वारा रात को आये दिन अफवाह एवम टीबी चैनलों के माध्यम ऐसी पुरे बिहार में,Accent_unknown,Adult,Male,,Serious,,,,1PyOqSlC5e78XWa7_Cy4HHhOTVev8NN-s,01-02451-01.mp3
01-02454-02,./Audio/01-02454-02.mp3,इससे अच्छा होता हैं एससीसी खाद ले करके मक्के की खेती करेंगे सौ एकड़ जमीन में दो किलो यूरिया और लगभग पाँच किलो,Bihari,Adult,Male,,Serious,,Bihar,inaudible,1r8jAqKAQ3mA2LXz4t3v-ddq8TxPT31Yh,01-02454-02.mp3
01-02459-03,./Audio/01-02459-03.mp3,टूटा ही करेंगे उसी ऐसी ही ऐसी ही दे सेना चाहिए,Bihari,Adult,Male,,Serious,,Bihar,"audio_jump,inaudible",1mMR_UqEkIO5QiNAXGN0ycd1JsbhIjDhR,01-02459-03.mp3
01-02461-03,./Audio/01-02461-03.mp3,देखने के बाद तुरंत औजार हटाकर कर के कुछ रूपया देंगे बस आपका ट्रेन,,,,,,,,inaudible,1q4XV7YliPcEGw57krCh3FLKkerO7Vdsz,01-02461-03.mp3
01-02462-02,./Audio/01-02462-02.mp3,की हमारे के क्षेत्र में बीमा या कोई भी सरकारी योजना,Bihari,Adult,Male,,,,Bihar,inaudible,11KhZ4fspiGzrthUrEPNWpOgUWmqbXooK,01-02462-02.mp3
01-02480-03,./Audio/01-02480-03.mp3,गठन हो सकती है बल व्यक्ति का और यह,,,,,,,,inaudible,1dr3pOanFGolKOxEJPjEbnyzyidaTvJph,01-02480-03.mp3
01-02483-01,./Audio/01-02483-01.mp3,के द्वारा जयनगर थाना को दी गयी जानकारी जानकारी होने के बढ़ जयनगर थाना की लाश को अपने कब्जे में कर,,,,,,,,inaudible,1P0WBa4rdnik9C5CSLN-ddaaVZrjEPwuB,01-02483-01.mp3
01-02487-03,./Audio/01-02487-03.mp3,याने की जब भी बाहर गर्मी के दिन जा रहे हो तो पुरे जाना चाहिए अपने साथ पानी ही रखना चाहिए क्यूँकी गर्मी के दिन इधर उधर का धुप लगा हुआ पानी पीने ऐसी,,,,,,,,,1HHRFqDJNPHkZHpTlFieoz-1Wr2HOkoLj,01-02487-03.mp3
01-02494-01,./Audio/01-02494-01.mp3,पराया अपेक्षा व्यक्ति को अपने जीवन में होती है क्यूँकी वो जुड़ा होता है,,,,,,,,,1nt2UqFNjDgljGiNE7Ie-6yLy_Yvchvpp,01-02494-01.mp3
01-02504-02,./Audio/01-02504-02.mp3,यान्पर रही नून गे दीदी मानवा बड़ी पछताए,,,,Music,,,,,1ZcsX-mi05e6_UwJtkldDT7RK2wro_pwb,01-02504-02.mp3
01-02522-01,./Audio/01-02522-01.mp3,भाँग आदि की दुकानों को बंद करा के ये सन्देश दे चुकी है इस तरह का नशा सेहत के लिए अच्छी नहीं है न ही शिक्षा संस्थानो को,Bihari,,Male,,Sad,,Bihar,inaudible,1sPPhrDlqkqkWqTceimYdDBsp57dwX5e_,01-02522-01.mp3
01-02535-01,./Audio/01-02535-01.mp3,निजी विद्यालय हैं उसमे शिक्षकों का अच्छा उत्तम होता हैं झारखण्ड मोबइलवाणी के लिए मनोज कुमार प्रखंड जिला राशि ऐसी,Bihari,Adult,Male,,Serious,,Bihar,inaudible,1D6yU3xY1KDf-wmW8tv8IfKiiuz8KfyFh,01-02535-01.mp3
01-02543-01,./Audio/01-02543-01.mp3,रोकने के लिए क्या क्या करना होगा और खेत में करने के कौन कौन ऐसी उसे बताने का कोशिश करेंगे,Bihari,Adult,Male,,Serious,,Bihar,inaudible,1hCXfv_2cPxsFluCKganOBQPlZyifZOcG,01-02543-01.mp3
01-02547-02,./Audio/01-02547-02.mp3,पब्लिक को ऊपर में बहुत कठिनाईयाँ हो रही हैं,Bihari,Adult,Male,,Serious,,Bihar,inaudible,1mfsUfV0WTa1-6ZZAE9AxECbe97kHxiWN,01-02547-02.mp3
01-02555-03,./Audio/01-02555-03.mp3,खान पिन एवं सफाई सम्बन्धी ऐसी ध्यान के लिए कहा काहे है,,,,,,,,inaudible,1JtE77HB2FuUHSN1pTECK4h95Hnnw1-DV,01-02555-03.mp3
01-02561-03,./Audio/01-02561-03.mp3,जो गाँव शहर या नगर कोई भी छोटा या बड़ा इलाका हो विषय में पता सदर जाता है की कहा क्या समस्या हो रही है,Accent_unknown,Child,Female,,,,,audio_jump,1y0RMG1mADNmVfkIED08bkxEqvNvoAW93,01-02561-03.mp3
01-02581-02,./Audio/01-02581-02.mp3,सेंटर का व्यवस्था को ताकि बच्चे बाहर न जाए और किसी घटना का शिकार न हो,,,,,,,,,1rElu8qAVrD8M-MqNFO2ygP0j5Ljo0ij-,01-02581-02.mp3
01-02584-02,./Audio/01-02584-02.mp3,की सभी लोग बी पी जी एल बनाये हुए हैं लेकिन उसका उपयोग करने के लिए जानकारी नहीं हैं इस का उपयोग हम लोग कहाँ करेंगे तो ऐसे किसी ने जो भी,Bihari,Adult,Male,,Serious,,Bihar,inaudible,1Bj-PI9LShAko80I-fVJM5uoL7vSU2K9s,01-02584-02.mp3
01-02586-03,./Audio/01-02586-03.mp3,सरकार ने अधिकारियो कर्मचारियों सा पंचायत प्रतिनिधियों युवाओं की दादागिरी को देखते हुए कागजों में इंदिरा आवास बनाके हड़प ली सरकारी राशी ऐसा ही एक मामला प्रकाश में आया है,,,,,,,,,1OhhlliXk4vaNlp69o7-5vGOwcaGHa3Su,01-02586-03.mp3
01-02590-03,./Audio/01-02590-03.mp3,नमस्कार श्रोता मैं निर्मल माथुर बोकारो झारखण्ड केरोसीन मामले की,,,,,,,,inaudible,10t1Me4xvxq08NFXMD5yUPI9pW-mbm6jK,01-02590-03.mp3
01-02591-02,./Audio/01-02591-02.mp3,को मिलाकर छह सौ साथ सत्तर लीटर केरोसिन करने का अनुमान लगाए जा रहा हैं,Bihari,Adult,Male,,Serious,,Bihar,inaudible,1lD3NdqD357VUvtl5IiNAkuq88_t13M9H,01-02591-02.mp3
01-02593-02,./Audio/01-02593-02.mp3,तो उन्होंने बोला के ऊपर ले आइये मरीज़ को ऊपर सुला दो इतना कहने के बढ़ हम मरीज़ ऊपर लाए वो सब ऊँचे वाला लोग थे मौके तीन या छह अवनित थे,,,,,,,,,1pf9gbjdU6iaQh1nykEe0890BUcaQDxVE,01-02593-02.mp3
01-02598-02,./Audio/01-02598-02.mp3,नमस्कार स्रोताबंधो मैं निर्माण माथुर नवादी बोकारो झारखण्ड ऐसी अभी हम बोकारो जिला के जनकपुरा प्रखंड के पंचायत में,,,,,,,,inaudible,1rdz3x_qoEscGWAcUwJ6Ihx6TXcrsaZeP,01-02598-02.mp3
01-02600-02,./Audio/01-02600-02.mp3,केरोसीन तीन किलो नहीं' सिर तीन 'लीटर' मिलता है ओहो एक 'लीटर' का कितना पैसा लेते एच अठारह रूपया जब चीनी मिलता है आपको वहाँ ऐसी,,,,,,,,speaker_change,1RZt7hEEYqIIyH3tCC1re7tu_Kf-1zgZy,01-02600-02.mp3
01-02615-03,./Audio/01-02615-03.mp3,आने की सम्भावना है ये सब सिर्फ डर को दूर करते हुए अपने कम को पाने की इच्छा रखते हुए अच्छे ऐसी करना चाहिए ताकि समय रहते हम इस गोल को हासिल कर सके,,,,,,,,,1lpXxQbXPEQ3tAiT2hh2CjFX9lsmp7D_Y,01-02615-03.mp3
01-02614-03,./Audio/01-02614-03.mp3,झारखण्ड मोबाइल वाणी ऐसी सुनने वाले सभी श्रोताओ को में प्रेम प्रकाश कुमार बोकारो नवेदी ऐसी पुर्णतः,,Adult,Male,,,Bokaro,Jharkhand,inaudible,1ZPo3yKu_79morTqGodqIiC7L_53cV-Hp,01-02614-03.mp3
01-02632-02,./Audio/01-02632-02.mp3,मुरारी चंद्रगौर ने सरकारी शीर्षक का किया गया ताकि निधि सचाबयर कल उद सके और देश में स्वास्थ्य अस्सी सदी चले नियंत्रण में है कोई नहीं है एक ही बीमारी अलग अलग अस्पतालों की फीस में ज़मीन असमान का फर्क है दुनिया में किसी स्वास्थ्य सेवाओं का इस तरह निजीकरण नहीं हुआ है,Bihari,Adult,Male,,Serious,,Bihar,inaudible,1-pX2TYyR3GCd64Gfhftg-lYYJXKndCY4,01-02632-02.mp3
01-02634-02,./Audio/01-02634-02.mp3,नमस्कार दहेज़ प्रथा समाप्त करने का संकल्प रविवार को,Accent_unknown,Adult,Male,,,,Maharashtra,inaudible,1UyXKeXa0QE4mr_eX2UGvLOZZ2IIiweF8,01-02634-02.mp3
01-02664-03,./Audio/01-02664-03.mp3,हेलो मई हजारीबाग जिला के प्रखंड ऐसी बोल रहे है,,,,,,,,inaudible,1b7xHDp_Z6LaLyz3bvFbjP_htEW29zix1,01-02664-03.mp3
01-02669-02,./Audio/01-02669-02.mp3,थिराउरे' कारण बाबा लगे मेला भरी हरिहर न 'थिराउरा घाट घाट बनी,Bihari,,Male,,Happy,,Bihar,,1UtqnQUKXkubowM6Pf_hRhcDjShiZBmUZ,01-02669-02.mp3
01-02671-01,./Audio/01-02671-01.mp3,हरी हर नाथ रउरा जन जन राई जगह क्यों मर क्यों रहके उभारली,,Age_unknown,Gender_unknown,Music,,,,,16idKJMYyjBBrO8BgXfhuOyN7aOTPhmUm,01-02671-01.mp3
01-02671-02,./Audio/01-02671-02.mp3,"['वहाँ', 'पर'] बाबा हरिहर नारायण",,Age_unknown,Gender_unknown,Music,,,,inaudible,1vbjmgnGG_TIUP9GkdwIanAh_mhjmioSG,01-02671-02.mp3
01-02677-02,./Audio/01-02677-02.mp3,चंद्रशेखर आजाद न्यूज़ एक्सप्रेस अलीगंज जमुई से अतिक्रमण कार्यों की चपेट में है सड़कें,Bihari,,Male,,,,Bihar,inaudible,11i6UPDJlQmmHAfGKUvp7BP4f2cLtC6dy,01-02677-02.mp3
01-02697-02,./Audio/01-02697-02.mp3,मई प्रकाश कुमार संचार मीडिया रामगढ़ कल रामगढ़ जैसे क्षेत्र में कल रक्षा बंधन धूम धाम ऐसी मनाया गया जिसमे बहनों ने भाइयो को,,,,,,,,,1SQF-Bf4LdDMC9_lNlkCJi7Ofowcr8L9F,01-02697-02.mp3
01-02711-01,./Audio/01-02711-01.mp3,वृक्षरोपन का कार्यक्रम लेकर लोगों में जागरूकता फैलाई इसी के साथ ही वृक्ष को राखी बांधकर लोग,Marathi,,Male,,,,Maharashtra,,1sRqMYCVB0a70O6cx75EfYhX-3btistfT,01-02711-01.mp3
01-02711-02,./Audio/01-02711-02.mp3,यह समझे की पर्यावरण अपना एक महत्वपूर्ण बिंदु है हवा पानी प्रकाश वगैरह ऐसी हम रही नहीं सकते,Marathi,,Male,,,,Maharashtra,,16umWcFaKq0k71OcOVgtkN39N6H_Ek2Gu,01-02711-02.mp3
01-02711-03,./Audio/01-02711-03.mp3,और यह प्रकृति ऐसी मिलने वाली जो चीज़ें है उसको अपनी पीढ़ी के लिए और आने वाली पीढ़ी के लिए बच्चा के रखना यह हमारा मूल उद्देश्य है,Marathi,,Male,,,,Maharashtra,,1PvHbeydv9AKXuE-lxqZ-jxA9R_AiDTuT,01-02711-03.mp3
01-02712-01,./Audio/01-02712-01.mp3,हम भविष्य में पर्यावरण ऐसी कुछ कुछ सीपेन और क्षेत्र में लोगों में जागरूक करें चाहे ग्रामीण क्षेत्र हो या शहरी क्षेत्र हो,Marathi,,Male,,,,Maharashtra,inaudible,1ZccLud4vBQrzrqbZtIUJib2g83jjQazF,01-02712-01.mp3
01-02712-02,./Audio/01-02712-02.mp3,हर व्यक्ति को प्रेरित करके वो कम से कम एक पौधा अपने नाम पे ज़रूर लगायें और लोगों को सन्देश दे बहुत सारे फायदे हैं,Marathi,,Male,,,,Maharashtra,,1TPOdoJcJ6LXyWL1C74SUZ9uXpyf3KMxs,01-02712-02.mp3
01-02712-03,./Audio/01-02712-03.mp3,बात ऐसी लेकर और बाकी वातावरण को संतुलित रखने की दृष्टि ऐसी बहुत बड़ा योगदान पर्यावरण का निवारण,Marathi,,Male,,,,Maharashtra,inaudible,1Ij8RcMjAVcnOzlT6oHG_apQpLSj2ATqr,01-02712-03.mp3
01-02713-02,./Audio/01-02713-02.mp3,यहाँ पहुँच कर लोगों के मन में अपर शांति की अनुभूति होती है ऐसा ध्यान पड़ता है की एक के साथ उपासक का प्रत्यक्ष वार्तालाप हो रहा हो,Bihari,Age_unknown,Male,,,,Bihar,inaudible,1K6Vlhk6C6i0CZAM1LR1RHgnLSR3IcC0i,01-02713-02.mp3
01-02715-01,./Audio/01-02715-01.mp3,घर में लाख पूजा पथ कर ले परन्तु लोगो के मन में जो धरना है की जब तक मंदिर न गये संतुष्ट नही मिलती है उन्हें अपनी सभी पूजा अधूरी लगती है,,,,,,,,,1zxZ--7IKN0eIV7aRsC3xEVjYtn8cJ4hP,01-02715-01.mp3
01-02714-02,./Audio/01-02714-02.mp3,बिहार मोबाइल वाणी के लिए मधुबनी ऐसी रामाशीष समुन्द्र किनारे सैर सपाटे के लिए जाने वाले लोग अपने साथ ले गए प्लास्टिक की चीजों,Bihari,Age_unknown,Male,,,,Bihar,,1rZ6XMIcUKm_6-6LhqW6T_ILaPEaNWRb6,01-02714-02.mp3
01-02721-02,./Audio/01-02721-02.mp3,जो पराव होता है रुकने का कुछ नम्बर जगह पे जो बनाया गया था यात्रियों के रुकने के लिया बैठने के लिए भवन अचानक धस जाने के कारण,,,,,,,,,1ApSxh2UTdr4Fy17PLEwV22AeTrURCLUx,01-02721-02.mp3
01-02721-03,./Audio/01-02721-03.mp3,उसमे ऐसी एक यात्री को चोट आये और वो घायल है यह भवन भूत दिनों ऐसी पुराना था और इसकी मरम्मत नी की जा रही थी जिसके कारण वो भवन धस गया और एक यात्री घायल हो गया,,,,,,,,,1udE0JfO6d39KBDLxamUcLu4T-Z6lcdSW,01-02721-03.mp3
01-02727-02,./Audio/01-02727-02.mp3,में प्रकाश कुमार पंचायत मीडिया रामगढ में बताना चाहता हूँ रामगढ क्षेत्र का रामगढ क्षेत्र का जो की एच वहाँ आरोप जिसमे,,Adult,Male,,,Ramgarh,Jharkhand,inaudible,1bpFvZSK2ujA-gMs8oY0uVFiCJdIhX0rA,01-02727-02.mp3
01-02727-03,./Audio/01-02727-03.mp3,जिसमे ऐसी वहाँ मजदूरों न हरताल किया जिसमे ऐसी हरताल बहुत ही बड़ा रूपए ले लिया था जिसमे बैंकों को भी बंद रखा गया और कई सरकारों ने भग लिए,,Adult,Male,,,Ramgarh,Jharkhand,,1lb8i_6SsTvJag9qQAoJvi6J4PqVAywSn,01-02727-03.mp3
01-02728-03,./Audio/01-02728-03.mp3,मई प्रकाश कुमार संचार मीडिया रामगढ यह खबर रामगढ विधानसभा का यह,,,,,,,,inaudible,1ynTIibWsvaP1u6rsc05L_e_Fh6PUrC7T,01-02728-03.mp3
01-02730-01,./Audio/01-02730-01.mp3,कॉपी और पैन होना चाहिए था कुछ नम्बर हाथों में अवसर व लोगो के पास जुठे बर्तन और जुठे गिलास है,,,,,,,,,1szyAcXhqL5mWGD7CjNLESi89GYg_g86-,01-02730-01.mp3
01-02730-02,./Audio/01-02730-02.mp3,मै भारत सरकार और झारखण्ड सरकार से यही अनुरोध करता हूँ की जिन होटल में छोटे बच्चे वर्ग कम कर रहे है उन बच्चों को वहाँ से निकाला जाए और उनके लिए ऐसा कुछ किया जाए जो की,,,,,,,,,1euCbsRVehvNaODTsKUDPf59e3wow64b4,01-02730-02.mp3
01-02753-02,./Audio/01-02753-02.mp3,उनका नाम शेखर कुमार मुर्मू हैं जो की किसी को पता चले तो इस नंबर पर कांटेक्ट कर बताए में प्रकाश कुमार पंचायत मीडिया,Bihari,Adult,Male,,Serious,,Bihar,inaudible,11qyv__2jGOOww2mqjgXK4BZXxTvG6_Tr,01-02753-02.mp3
01-02758-01,./Audio/01-02758-01.mp3,हेलो मई दीपक कुमार सिंह ग्राम पचास पोस्ट भवन प्रखंड थिरा जिला सम्हू का हूँ,,,,,,,,cough,1kRhwpGOJyngsbG1TVmBCeT48GjfAYLBH,01-02758-01.mp3
01-02764-01,./Audio/01-02764-01.mp3,झरझरनुमा गड्ढा गड्ढा युक्त कर सड़कों जा गिरे जिनकी हालात गंभीर व चिंता जनक बनी हुई हैं स्वास्थ सूचना के आधार पर,Accent_unknown,Adult,Male,,Serious,,,,1BE_ahqujGzZxGqfPAsOm0RclsGa9h7ag,01-02764-01.mp3
01-02769-02,./Audio/01-02769-02.mp3,पंडों में एक प्रधान रखा गया है जो समिति को सारे समिति के मेम्बर्स को आज सही के लिए कहा गया है,,,,,,,,inaudible,1Z11DB3MOkj83fI7liGtrCtLctsZJFsJC,01-02769-02.mp3
01-02791-02,./Audio/01-02791-02.mp3,महिला हो या पुरुष हर किसी के लिए दिया है बाली आप स्वतंत्र राष्ट्र के नागरिक हैं जीना आपका अधिकार आपकी वाणी ही रखना सीखा जाए,,Age_unknown,Male,,,,,,1HRb9w8V05gnDubSRxq3D1FWh9hcpfN4G,01-02791-02.mp3
01-02790-03,./Audio/01-02790-03.mp3,पटना के ऐतिहासिक गाँधी मेडम में अब नहीं होगी कारण चुनाव को देखते हुए आचार संहिता लग जाने के कारण जिला अधिकारी पटना ने इसकी इजाजत नहीं दी,,Adult,Male,,,Patna,Bihar,,1MSlpI7ol9DBwd0Ws00OeWJGjky1C9GsK,01-02790-03.mp3
01-02794-03,./Audio/01-02794-03.mp3,कई NAI ज़िम्मेदारी कई NAI तैयारियाँ की है उन में इ व M की यूनिट में उम्मीदवारों के नाम ऐसी उन के फोटो प्रमुख है इस ऐसी इस ऐसी सबसे ज्यादा सहूलियत उन वोटरों को होगी जो पढ़े लिखे नहीं है पिछले चुनाव के मुकाबले इस बार मतदान केन्द्रों की संख्या भी बाढ़ गई धन्यवाद,Accent_unknown,Adult,Male,,,,,inaudible,1wpTN5LLQ3DPzn0m3eHGL0Mebqtno-zBf,01-02794-03.mp3
01-02796-03,./Audio/01-02796-03.mp3,ज्यादा समस्या नक्सली नक्सली प्रखण्ड जिले में ज्यादा होता हैं धन्यवाद,Accent_unknown,Adult,Male,,Serious,,,,1OciJTnGo128P16Jbt-YTo3ufMAnhPHoK,01-02796-03.mp3
01-02797-02,./Audio/01-02797-02.mp3,ekkees सितम्बर को आदरणीय बीजेपी ऐसी मुलाकात मैं तो समिति का गठन किया गया,,,,,,,,inaudible,1blc_2FI8zx586P5BB4F7tR8jd60yFs-C,01-02797-02.mp3
01-02799-01,./Audio/01-02799-01.mp3,दिया गया है,,,,,,,,inaudible,1DeeuJEJzdIq1xs0giyTCmY9u8PfiIIbu,01-02799-01.mp3
01-02800-03,./Audio/01-02800-03.mp3,मैं प्रकाश कुमार रामनगर में यह जिला रामगढ़ क्षेत्र की हैं जो भी मैं बताना चाहता हूँ जो भी मैं बताना छह रहा हूँ बहुत ही जो रामगढ़ गाँव में हैं उसमे,Accent_unknown,Adult,Male,,Serious,,,"audio_jump,not_clear",19k3Xq78PvLaCbtJ6eD6s5LA_Q_GoZ16C,01-02800-03.mp3
01-02806-03,./Audio/01-02806-03.mp3,जो की उनको सही रोज़गार नहीं मिल पा रहा है और उन लोगो को सही रोज़गार न मिलने के कारण लोगे के माइंड मई अधिक प्रकार की की गतिविधियाँ सदर रही है जो की स्थिर स्थिर,Bihari,Adult,Male,,Serious,,Bihar,,10pzdrNZMe1OX12S42ShPoUQ4E9FomF7y,01-02806-03.mp3
01-02807-01,./Audio/01-02807-01.mp3,मई प्रकाश कुमार संचार मीडिया रामगढ धन्यवाद,,,,,,,,,1oEp-SYihsJekN9oz2pQynLa8ag3B9PnG,01-02807-01.mp3
01-02813-03,./Audio/01-02813-03.mp3,बिहार मोबाइल वाणी के लिए खजौली मधुबनी ऐसी रामाशीष जी सरस्वती नदी के विलुप्त होने का कारण हिमालय ऐसी निकालने वाली पौराणिक नदी सरस्वती के विलुप्त होने के वजह का पता लगा लिया गया है हिमालय क्षेत्र में सबसे अधिक आपदाए गोल्ड इंटरवल के होती है लगभग तीन हज़ार वर्ष लगातार आई आपदाओ का दौर बना रहा इसी दौरान हिमालय के,,,,,,,,inaudible,1eqBjJJyiuRPFNy8SCsycJ6O1BZ47Q1-Z,01-02813-03.mp3
01-02834-01,./Audio/01-02834-01.mp3,नमस्कार मेरा नाम अजय कुमार हुआ मै मुजफ्फरपुर मोबाइल वाणी से बोल रहा हूँ दिघवारा प्रखंड से अभी प्राप्त सूचना के आधार पर पटना सड़क,,,,,,,,inaudible,169opdEpJtpJPV0gz3-QRXVUSZsZksn4-,01-02834-01.mp3
01-02838-03,./Audio/01-02838-03.mp3,इस में ऐसी गोविंदपुर जीत दर्ज किया अधिकतर आठ टीम भग लिए हैं इस मैच आरोप,Bihari,Adult,Male,,Serious,,Bihar,inaudible,1A264RCbx7H9JWlOOrD49idml1n_nLqbi,01-02838-03.mp3
01-02845-03,./Audio/01-02845-03.mp3,तुझ को बुलाते यहाँ कौन ऐसी वो इंसान जिस ने झेला ठगा सदर,,,,,,,,inaudible,1gW9bG9pSaa_fdeu5qrfRTZqDlkI-cQ8X,01-02845-03.mp3
01-02879-01,./Audio/01-02879-01.mp3,झारखण्ड मिर्नाबानी की मई खाद्यान ऐसी सभी को बताना चाहता हूँ की,,,,,,,,,1s_DtyF81Soqff9SlPvxifuxYmx6Qf9ax,01-02879-01.mp3
01-02880-03,./Audio/01-02880-03.mp3,अगले मैं बहुत गलत लोगो का चुनाव हो गया जैसे तैसे लोग कर के,,,,,,,,inaudible,1-DwSJjvMD4GIcClItZotM8NPjPf4vkkt,01-02880-03.mp3
01-02898-02,./Audio/01-02898-02.mp3,भागवत ज्ञान यज्ञ को लेकर प्लस यात्रा याश में बोकारो झारखण्ड ऐसी,,,,,,,,inaudible,1RdMhMOIuJyAvisq4Wz3o_XujDsja7Cru,01-02898-02.mp3
01-02899-03,./Audio/01-02899-03.mp3,धन्यवाद ब्रिज्नंदन महतो नवादी बोकारो झारखण्ड,Bihari,,Male,,,,Bihar,,1yXw0_IBG-7NAJ-IUmILHcEyHtCoNVCjb,01-02899-03.mp3
01-02905-03,./Audio/01-02905-03.mp3,एक रिपोर्ट के अनुसार हर दो घंटे में एक किसान आत्महत्या कर रहा है इनमे ज्यादातर किसान कपास की खेती करने वाले है भुई धन टमाटर धन बदलाव करने के लिए सरकार और कंपनियां व्यस्त है,,,,,,,,inaudible,1fQyzuBVVM5ObEIOrUtWJ9TDnEU5SiE4p,01-02905-03.mp3
01-02923-03,./Audio/01-02923-03.mp3,शहर के मुकाबले ग्रामीण क्षेत्र में ज्यादा महिलाओं वोट किया ग्रामीण महिलाओं ग्रामीण पंचायत चुनाव के कारण ज्यादा राजनितिक जागरूकता आई है,,,,,,,,,1KQCix1I4BM0qid0bDuwJ3BtcWYkdb0wY,01-02923-03.mp3
01-02932-02,./Audio/01-02932-02.mp3,मैं विकास ग्राम गोराओं पोस्ट पैरामतिहाना थाना सोनहो प्रखंड सोनहो राज्य बिहार पानी का अभाव है,,,,No_speaking,,,,,19iJ242G2hUXGO87hFl7wHDyT5JNe17tv,01-02932-02.mp3
01-02933-03,./Audio/01-02933-03.mp3,साथियों को विधानसभा क्षेत्र के को राकेट छाप पर बटन दबाकर विजयी बना दिए है तो यही हुआ नीतिश कुमार एवम उनके सहयोगी,,,,,,,,,11FwLESo4LHboDeEmt1qRhwd5iGD2LAJj,01-02933-03.mp3
01-02952-02,./Audio/01-02952-02.mp3,मधुवानी मोबाइलवाणी ऐसी धन्यवाद,,,,,,,,,1_6WUwvp92qYGfIk2UO0-cpR9O5hWSas7,01-02952-02.mp3
01-02967-02,./Audio/01-02967-02.mp3,तिसयाडीह जंगल से गुरुवार को एक अज्ञात युवक का शव बरामद किया है जिस की उम्र लगभग तीस साल के करीब बताई जाती है बरामद शख्स की पहचान अब तक नहीं हो पाई है,Bhojpuri,Adult,Male,,,,,,1_VMWKUOqMMUrkYGHZqpggz0PtENMxqF4,01-02967-02.mp3
01-02969-02,./Audio/01-02969-02.mp3,कुछ दर्द के साथ खुशी जाता है जो आज रीतिरिवाज के साथ हमारे गाँव की महिलाएं और लड़की मिलकर हर्षोल्लास के साथ मनाये,,,,,,,,,1CPSSeIOtGnJjPO3D-lVgLQehKDu29Dx4,01-02969-02.mp3
01-02981-03,./Audio/01-02981-03.mp3,रिपोर्ट में कहा गया है की अच्छी सफाई व्यवस्था और यह सुनिश्चित करना की सभी लोग शौचालय का उसे करते हैं बेटा स्वस्थ की कुँजी है जैसी बिमारियों ऐसी नपटने के लिए भी यह बेहद ज़रूरी है मधुबनी मोबाइल वाणी लेने के खराबी मोबाइल वाणी ऐसी राम श्री सिंह,Accent_unknown,Adult,Male,,,,,"audio_break,inaudible",1ymTG5Nd2-LOejVOU_yC4VWivBGMseM_c,01-02981-03.mp3
01-02996-01,./Audio/01-02996-01.mp3,पूर्ण मुस्तैदी के साथ ये स्वस्थ सेवाओं कर रहे हैं धन्यवाद संजीत कुमार सोने,,,,,,,,,15cz6o25zYSLyptQr0NpkaYV-SqqmFtNO,01-02996-01.mp3
01-02998-01,./Audio/01-02998-01.mp3,हर माँ साल में एकदो बार खो जा रहें हाँ जिससे अपराधी अपने मनोबल को,Bihari,Adult,Male,,Sad,,Bihar,,12s-Wk2fl-MTqV7teE51qrRMIpLVZlXfr,01-02998-01.mp3
01-03021-03,./Audio/01-03021-03.mp3,नमस्कार श्रोता मित्रों मैं जेएम रंगीला कोडिनेटर बोकारो मोबाइल मीडिया झारखण्ड मोबाइल वाणी,Bihari,,Male,,,,Bihar,,1vT1ysIyWIoMyelkYFlKFJPOmSRQoMExi,01-03021-03.mp3
01-03026-01,./Audio/01-03026-01.mp3,अपना अपना सबको करवाना है बैंक जाके सबको अपना कारवाई और लोग कन्धा रहे है काफ़ी जागरूक है लोग सब करवा रहे है दुर्घटना बीमा योजना हाँ तो मित्रों आपने मनोहर जी की,,,,,,,,,1Hvvbr8UXWtdeauZmRz2WStFyv3VZKpiL,01-03026-01.mp3
01-03032-01,./Audio/01-03032-01.mp3,महाभारत के एक उदाहरण ऐसी समझे तो कृष्ण जी ने पूरी गीता में अर्जुन को हथियार उठाने और युद्ध के लिए प्रेरित किया था,,,,,,,,,1FdSve0kfi31AZMH8s6WFA7Xh_UjuZ-3F,01-03032-01.mp3
01-03036-03,./Audio/01-03036-03.mp3,समस्त ग्रामवासियों को सूचित किया जाता है के आपके नारुवा में दवाखाना खुल गया है हमारे यहाँ बुखार जैसे मोटे हज़ा पीलिया खाँसी काली खाँसी ज़ुकाम उलटी दस्त निमोनिया टीबी आदि का इलाज गारेंटी के साथ किया जाता है,,,,,,,,,1icaozKMlZYZfz0jQ5TATsGsTA9LKtFxv,01-03036-03.mp3
01-03044-03,./Audio/01-03044-03.mp3,जैसे पानी में घोल कर पानी का गुण बढ़ देता है एक किलोग्राम शहद में दस किलोग्राम दूध के बराबर पोषक शहद मात्र पाँच मिनट में पंच कर खून में मिल कर कर ताक़त देता है,Bihari,Adult,Male,,,,Bihar,audio_jump,1auRM3JBgNNUTRpLgHKyp4daGXh81DyAR,01-03044-03.mp3
01-03046-01,./Audio/01-03046-01.mp3,इस सैंपल के अन्दर मोहरी के अंतर्गत समस्त स्कूलों के एक एक सिविक शिक्षकों,,,,,,,,,145OalH2lz8kQa6TxrGFOrQreRl3koTvD,01-03046-01.mp3
01-03056-01,./Audio/01-03056-01.mp3,जब भी ये जमीन पर पहलेजा रखा गया इसी के क्रोध में लोगो में धरना प्रदर्शन कर रहे है और लोगो के उम्मीद किया जा रहा है ये चकाजप्त के,,,,,,,,,1if-EM4fIXCXzHoPoEYXVHL0o0QUpmdEF,01-03056-01.mp3
01-03068-01,./Audio/01-03068-01.mp3,कैसे बच्चे जो टीकाकरण ऐसी वंचित रही जाते हैं,Bihari,Adult,Male,,Serious,,Bihar,inaudible,1VaWrp3wzX8jLXn0JUOnjuSTfef7BSYRw,01-03068-01.mp3
01-03085-02,./Audio/01-03085-02.mp3,ढक के तीन पत सबसे बारह दुर्भाग्य है की देश को सत्या और सुरक्षा देने वाला किसान गंवार और महिलाओं के साथ सब ऐसी दयानिए है जिन्हें' सब ऐसी मालिक होना चाहिए ये सबसे कमजोर हैं 'किसान सारा जीवन दूसरों,,,,,,,,,17jASWSKq0CPT8r-AQp4wNMc1KVTe0llH,01-03085-02.mp3
01-03088-01,./Audio/01-03088-01.mp3,नमस्कार बलराम,,,,,,,,inaudible,1jKm-tfJHGNu9GqMUK3vNwYV5XqYLgmrp,01-03088-01.mp3
01-03088-03,./Audio/01-03088-03.mp3,#incomplete सही मायने में नहीं किया जाता यहाँ केवल भाषण और कागज़ी पन्नों पर ही उनके लिए काम किया जाता है बिहार मोबाइल वाणी के लिए खजौली मधुबनी से रामाशीष सिंह,,,,,,,,,1KHx0MxqrwW_3nLfkhw5oOdVI9MZ5j_eR,01-03088-03.mp3
01-03086-03,./Audio/01-03086-03.mp3,#incomplete करने के लिए आवश्यक सुरक्षित टाइप की लेन कराई जानी चाहिए ताकि न केवल वायु और ध्वनि प्रदुषण मुक्त होती है बल्कि वे स्वास्थ के लिए भी लाभदायक है,Accent_unknown,Adult,Male,,Serious,,,audio_jump,1kmorfyQmg00Q-f5APvOgZ6pWW_MjyGtO,01-03086-03.mp3
01-03092-03,./Audio/01-03092-03.mp3,नमस्कार उत्तर प्रखंड पंचायत गाँव कोहादा ऐसी आज बैठक बुलायी गयी गाँव में वो भी सही तरीके सूचना नही दी गयी,,,,,,,,inaudible,1N0hdKAOGVQVWOc--kuge_2Z2VOzKo3jK,01-03092-03.mp3
01-03096-02,./Audio/01-03096-02.mp3,उसमे सौन्दर्य भराया गया हाँ और अच्छे परिवार के लोगो का,Bihari,Adult,Male,,,,Bihar,,170bfpw21a_jv_On2KQ1g1l7pKzMgKNw_,01-03096-02.mp3
01-03135-01,./Audio/01-03135-01.mp3,सरकार पा रही के नाम पे कुछ नही करवाते बस मोटी फीस ही लेते हाँ बच्चे स्कूल में मोज मस्ती और खाने के लिए जाते हाँ,Bihari,Adult,Male,,Serious,,Bihar,,1ld4e8Nme9YQFoCl9jUK-3qtNfha8Pd1g,01-03135-01.mp3
01-03141-03,./Audio/01-03141-03.mp3,बैठक का आयोजन किया गे हाँ समाज को साफ़ करना हाँ,Bihari,Adult,Male,,,,Bihar,,1MIT0q0r1ci5RSOBJLQpKWhAZD6zYvR26,01-03141-03.mp3
01-03150-02,./Audio/01-03150-02.mp3,कारवाई हो रहे हाँ और सभी उधर ऐसी गायब हो गये और जंगल के अन्दर भग गये,Bihari,Adult,Male,,Serious,,Bihar,,1vhophtIGfH66ECyPJjayZzRPcvhOAZ5e,01-03150-02.mp3
01-03164-03,./Audio/01-03164-03.mp3,पंचायत हाँ और इसमें कम किया जा रहा हाँ,Bihari,Adult,Male,,Serious,,Bihar,,1lXxrTkuslJafomY2QKN937yJL17v9azv,01-03164-03.mp3
01-03234-02,./Audio/01-03234-02.mp3,नमस्कार बहुत ही ज्यादा अच्छा हाँ और उसके तहत अच्छा हाँ,Bihari,Adult,Male,,,,Bihar,,1ki2x7w80XPtoDoPYA6sVKMBGGgAo4B16,01-03234-02.mp3
01-03285-02,./Audio/01-03285-02.mp3,बिहार मोबाइल वाणी के लिए सिंह आरक्षण का ज्ञात नहीं,,,,,,,,inaudible,16oUXy40EQV5KO2BbmoW544fLK_Z9nGCF,01-03285-02.mp3
01-03292-02,./Audio/01-03292-02.mp3,नमस्कार मई भीम राव बिदोर जम्मुई ऐसी मशरूम खेती का प्रशिक्षण चकाई,,Adult,Male,,,,,,1LX35MijLUhdBVHMSCle3DpOEnCMianKj,01-03292-02.mp3
01-03293-02,./Audio/01-03293-02.mp3,इस संस्था के द्वारा प्रशिक्षण प्राप्त कर रही महिलाओं को मशरूम का बीज निशुल्क दिया जायेगा इस कार्य में लग कर आदिवासी सहित अन्य महिला आर्थिक स्तर को उचा उठा सकती है,Bihari,Adult,Male,,Serious,,Bihar,,1X5wDDKynah4ZBkqGofQH13GKtpxqnRsf,01-03293-02.mp3
01-03304-02,./Audio/01-03304-02.mp3,क्यूँकी इस स्टेशन आरोप,Bihari,Adult,Male,,Serious,,Bihar,,1VXbSd5pA9V8g1abpGvXSdj2r9rcL8TCo,01-03304-02.mp3
01-03303-01,./Audio/01-03303-01.mp3,प्रतिनिधियों के प्रति हाल चाल राज्य सरकार नहीं दे रही है नगर पंचायत जैसा पंचायतों को अधिकार बता रहे हैं राष्ट्र पिता महात्मा गांधी,Bihari,Adult,Male,,Serious,,Bihar,audio_jump,18jNgs36Rgm2y6zD-ER3Jqn_Y3VA-Oimj,01-03303-01.mp3
01-03312-03,./Audio/01-03312-03.mp3,ओही किसी सुरंग में ओही कम सदर रहा था,Bihari,Adult,Male,,Serious,,Bihar,,1-Sx05CjzUTl0_sArqCEjP8odHNKZ4QvI,01-03312-03.mp3
01-03321-03,./Audio/01-03321-03.mp3,क्या हम अपनी इस आबादी का और बेहतर इस्तेमाल कर सकते हैं जी हाँ विज्ञान और के जरिए ये सम्भव हैं अगर सोच कर काम हो तो काफी लाभ हो सकता हैं पैदावार बढ़ने ऐसी ले कर जानवरों की सेहत तक मैं सुधार लाया जा सकता हैं,,,,,,,,inaudible,1ZJZX2o92d3ZIgikMmpqwYle359jvEWD2,01-03321-03.mp3
01-03350-03,./Audio/01-03350-03.mp3,कम कर सके और उनकी बेरोजगार बैठे हैं उन का रोजगार लग सके और मैं कहना चाहता हूँ किसान भाइयो के माध्यम ऐसी,,,,,,,,inaudible,1Dbtq1N7GybwIoYl3aHt6IQc5pBxXJnHo,01-03350-03.mp3
01-03366-02,./Audio/01-03366-02.mp3,वो सभ्य समाज को कटघरे में खड़ा करने के लिए काफ़ी है बिहार मोबाइल वाणी के लिए खजौली मधुबनी से रामाशीष सिंह धन्यवाद,Bihari,Adult,Male,,,,Bihar,,1rwj0N3EMW_7doTz4DqOkcMY6dcqb86_i,01-03366-02.mp3
01-03392-03,./Audio/01-03392-03.mp3,हमारे देश की लम्बाई उतर ऐसी दक्षिण तक तीन हजार दो सौ चौदह किमी हैं,,Adult,Female,,,,,,1WcXEIQ3jATr_tDccPK-g5QUfRs_bMtaC,01-03392-03.mp3
01-03419-01,./Audio/01-03419-01.mp3,क्षेत्र केमारी गाँव की परेशानी इस लिए भी बढ़ गयी है क्यूँकी,,,,,,,,,16OmaMHiok8vU8XyII_pa1CHkel46bkUT,01-03419-01.mp3
01-03448-03,./Audio/01-03448-03.mp3,हेलो नमस्कार धन्यवाद मई बीरबल महतो बाघमारा प्रखंड धनबाद जिला ऐसी मई यह कहना चाहता हूँ की यहाँ नारी हिंसा,Jharkhandi,Adult,Male,,,,Jharkhand,,19Rmdm8UxEOqhP3hzLw_yVv6cKrc9fQ40,01-03448-03.mp3
01-03463-02,./Audio/01-03463-02.mp3,जिले में नक्सली घटना हथियार तस्करी बड़ी अपराधिक घटना के असम्प्रदायिक घटना के तनाव जैसी समस्या को दूर कराना हमारा प्रयास होगा,,Adult,Male,,,,,,10TogfDixRDUzmf6E6IrwcB2HM-f6SbJQ,01-03463-02.mp3
01-03479-02,./Audio/01-03479-02.mp3,शुरुआत होते हैं वेह जालाकृति भारी कठिनाई देखी जा रही हैं इथावार प्रखंड के दक्षिणी पंचायत अंगवाली,Accent_unknown,Adult,Male,,Serious,,,,1oULAPb_K7JsKlmHnVsiN4QW2dF0BwY63,01-03479-02.mp3
01-03508-02,./Audio/01-03508-02.mp3,एक दिन उसका मन लगा उसके निकाली घर ऐसी बाहर,,Adult,Female,,,Ranchi,Jharkhand,,1hU_T8FPGY0mzYsmYTroYplDp9-r7ixFj,01-03508-02.mp3
01-03508-03,./Audio/01-03508-03.mp3,जल्दी ऐसी वह आगे बड़ी चलता चलते चलते पहुँच गयी वह चंडीगढ़ चंडीगढ़ ऐसी जमशेद पुर जमशेदपुर ऐसी रामेश्वर रामेश्वर ऐसी फिर लौट आई वह अपने घर माँ ने पूछा विजय रानी कहा गयी थी बाहर विजय बोली कहीं नही माँ में तो थी घर के अन्दर घर के अन्दर विजय रानी कैसा है यह झूठ बाइकसवार,,Adult,Female,,,Ranchi,Jharkhand,inaudible,1TzVXygNaQCDWutrGqHG-6KSTIiqI8fc1,01-03508-03.mp3
01-03513-01,./Audio/01-03513-01.mp3,दोनो अलग अलग रखे फाये है कुछ बच्चों द्वारा स्कूली बच्चे द्वारा कार्यक्रम रखे गए है अभी है और आ पाये,Jharkhandi,Adult,Male,,,,Jharkhand,,1rwxwaIDvEoLR5-uMc0VYp3lerzH2mm2H,01-03513-01.mp3
01-03513-02,./Audio/01-03513-02.mp3,है इसका और पूजन है साथ साथ चलेगा धन्यवाद मेरा नाम मनीष कुमार प्रजापति सेनाबल रोउरकेला,Jharkhandi,Adult,Male,,,,Jharkhand,,15F6fPTEzBtvJmu7foQj6W4bF-ANJAnt2,01-03513-02.mp3
01-03513-03,./Audio/01-03513-03.mp3,जी मई प्रशांतजी सिंह सरताज एंड ग्राम ऑफ़ अरली जिला नवादा ऐसी बोल रहा हूँ अगर किसी भी राष्ट्र का जीवनशक्ति यदि शिथिल हो जाए,Jharkhandi,Adult,Male,,,,Jharkhand,,1Ltye8BSGeZ68x-wBlGhWRDa9GjDkz8m3,01-03513-03.mp3
01-03523-03,./Audio/01-03523-03.mp3,पकड़े जाने आरोप बीस हजार रूपए जुर्माना और एक वर्ष जेल या दोनो हो सकता हैं इतने कायदे कानून होने के बावजूद बाल मजदूरी,,,,,,,,inaudible,1A33SgDki1cbhfAzXhleemw-2qZ156Uoe,01-03523-03.mp3
01-03542-03,./Audio/01-03542-03.mp3,देना करा हो गया इतना ही नही बिजली की समस्या थी खोदली के टोला में जहाँ बिजली तो थी नही लेकिन उनका बिल आज्ञा था,Accent_unknown,Adult,Male,,,,,,1jezOO5Q0siC_Acb5ic863_ralbsfRW-g,01-03542-03.mp3
01-03547-03,./Audio/01-03547-03.mp3,साफ़ सफाई आरोप कृपा ध्यान दिया जाए मैं अपनी वाणी को विराम दे रहा हूँ,Accent_unknown,Adult,Male,,Serious,,,,1CkpWk0nwu1H6wQGBzhDeCfnlVMeuqgqq,01-03547-03.mp3
01-03599-02,./Audio/01-03599-02.mp3,हमारे ग्राम पंचायत रेडी हिम्मतपुर के ग्राम ग्राम पंचायत के माजरा हीरापुर में जो आदिवासी रहते हैं उनके पास हैं कार्ड अस्सी बीपीएल धारी हैं,,Age_unknown,Gender_unknown,,,,,inaudible,1_6ia3_ZqQKsSStZ1NYPutsJ4rD8h0X2N,01-03599-02.mp3
01-03603-01,./Audio/01-03603-01.mp3,मलूँ होके सात महीनो ऐसी अधिक समय ऐसी मृत्तक विष्णु महतो के नाम ऐसी ही जमाबंदी चला रहा था,,Adult,Male,,,,,,1OHsOUMEMJBZQlsI3wWQOzBeB3xoekTc_,01-03603-01.mp3
01-03605-02,./Audio/01-03605-02.mp3,बहुत बहुत धन्यवाद SRWALI,,Adult,Male,,,,,,16JAmbxPpjkg6_qREUWHqrdLyDcM3fJ-Z,01-03605-02.mp3
01-03619-02,./Audio/01-03619-02.mp3,नमस्कार दोस्तों मई मौसिक बाजार बोल रहा हूँ ग्राम डोरिया ऐसी मई सभी की समस्ती के अपना निवेदन ऐसी हट जोड़कर मेरा निवेदन है शिवपुरी जिले का प्रेशर जो निचे चला गया है,Accent_unknown,Adult,Male,,,,,speaker_change,1X_A1czkVeFdkGDu8zuqkE4x7drblMVtg,01-03619-02.mp3
01-03625-01,./Audio/01-03625-01.mp3,जनता के बच्चों के साथ भविष्य ऐसी खिलबाड़ किया जा रहा है कई स्कूलों में शिक्षा को को का पहरा याद नहीं तक नही है,Normal_hindi,Adult,Male,,,,,inaudible,192L7eUKx_dxEDIQ6oactuJAf_yXm9kx8,01-03625-01.mp3
01-03625-03,./Audio/01-03625-03.mp3,ऐसे में बच्चों को खिलाएंगे कितनी योजना ऐसी कारण किसी के इधर उधर आप अपना समय व्यतीत करते है धन्यवाद नमस्कार,Normal_hindi,Adult,Male,,,,,inaudible,15gmlfydPHD9vHpCamZoKqZBbyYe_paDK,01-03625-03.mp3
01-03650-01,./Audio/01-03650-01.mp3,लेकिन मूँग में अभी तक कोई बढ़ोतरी नही हुआ है क्या किया जाए की फसल मारा गया है,Bihari,Adult,Male,,Serious,,Bihar,inaudible,1pDWHZl8b4LCpT-RVm-_DyNp2QzCQx6lj,01-03650-01.mp3
01-03652-01,./Audio/01-03652-01.mp3,पालेंगे तो उन्हें बहुत ही लाभ होगा जिसके लिए मैं आभारी रहूँगा,Bihari,Age_unknown,Male,,,,Bihar,,1Mxy2NbFRjEw27-3MKF6WgVtJNrgtemrb,01-03652-01.mp3
01-03675-01,./Audio/01-03675-01.mp3,इस तरह ऐसी पर्यावरण को संतुलन बनाने में दिक्कत हो जाएगी पर्यावरण को बचाएं दंडा को बस जंगल में आग नहीं लगाए और आराम ऐसी आपने ऐसी प्राधिकार में महुआ का चुनाव करे,Jharkhandi,Adult,Male,,,,Jharkhand,,1MZy33HPQULZjUUJdXy8s1-QDZaigGoe7,01-03675-01.mp3
01-03675-02,./Audio/01-03675-02.mp3,मैं राधू राय धनबाद मोबाइल मीडिया धनबाद झारखण्ड से मोबाइल वाणी के तमाम स्रोताओं को एक शुभकामनाएं लाल पीला हरा गुलाबी दुसरे को रंग लगाए,Jharkhandi,Adult,Male,,,,Jharkhand,audio_jump,1IJeXVocrcNSx3v3L7FJkbxu2f1r9gACG,01-03675-02.mp3
01-03675-03,./Audio/01-03675-03.mp3,गिले सिकवे भूलकर होली में गले मिले और प्यार बातें भेदभाव की दिघवारा तौर होली में सौहार्द बढ़ाये हम एक गुलाल लगाकर,Jharkhandi,Adult,Male,,,,Jharkhand,,18MH08-JZU-K1IZB7i_hWBCs2U_2RFHLH,01-03675-03.mp3
01-03686-02,./Audio/01-03686-02.mp3,इसमे और जल्द ऐसी जल्द एक महिना के अन्दर या दो महिना के अन्दर शिक्षक देने की कृपा करे टीचर सब ऐसी अनुरोध करना चाहता हूँ धन्यवाद,,Adult,Male,,,,Madhya_pradesh,,12Zwshe5RrosfHBauSxZ7i6265R_duJbE,01-03686-02.mp3
01-03695-02,./Audio/01-03695-02.mp3,बताते हुए खा की नामांकन वापसी के दिन बंगरा पंचायत के मुखिया पद के बसंती देवी खोलुहा ऐसी सुलचना देवी अजय पासवान ने अपना नामांकन पत्र वापस लिया है,,Adult,Male,,,,,,1ohbRL-NotnznN8IuiHansa5cdGR6W7Mg,01-03695-02.mp3
01-03700-03,./Audio/01-03700-03.mp3,फूलो पर मंडराती फिरती कलियों के संग सोती कभी घरो के भीतर जाकर बच्चों को ललचाती कभी वो मुझे पकड़ने चलते में बाहर उड़ जाती कभी गगन में उड़ती फिरती,,Adult,Male,,,Ranchi,Jharkhand,,1STkZLA8XpauTtr1jRtGH0IrfW7GiG0SO,01-03700-03.mp3
01-03702-01,./Audio/01-03702-01.mp3,हुई रानी शर्म ऐसी बोली नहीं करूंगी ऐसे धन्यवाद,Accent_unknown,Child,Female,,,,,inaudible,1ROv0O69BfYLjJxzMdQ1QujkU8GdmhikY,01-03702-01.mp3
01-03704-02,./Audio/01-03704-02.mp3,तुम्हे सिखलाया है सबसे मीठे मीठे बोले यह तुम्हे बतलाया है बहुत भोली हो माँ की बात सदा ही मैंने तुम कहलाती हो,Accent_unknown,Child,Female,,,,,,1mqsp83_Zz2mjHw2YcqVdRVWFzAVkYWLu,01-03704-02.mp3
01-03705-03,./Audio/01-03705-03.mp3,महत्वपूर्ण निर्णयों आरोप विचार किया जाएगा वही दो हजार दस अवाम चौदह की पि एच डी उत्तीर्ण अभ्यर्थियों को मांगों,Bihari,Adult,Male,,,,Bihar,inaudible,1l52-3sloM_Yme5iX6BNd60TcXAnQExpC,01-03705-03.mp3
01-03716-03,./Audio/01-03716-03.mp3,साथ ही लोग इससे अपना समस्या का निदान कर सकते है मैं महेंद्र मंडल ग्राम वाणी में आपका स्वागत है अभी आम का पौधा में,Bihari,Adult,Male,,Serious,,Bihar,"inaudible,speaker_change",12rJ9lHevxmujW9WvKlWqhn9Usbgnkt-A,01-03716-03.mp3
01-03729-02,./Audio/01-03729-02.mp3,ही जैसे शराब पारी खैनी गुटका बीड़ी गांजा अफीम सभी आरोप रोक लगा न जो सरकार ने सोचा है उसी ऐसी होगा धन्यवाद,Bihari,Adult,Male,,,,Bihar,audio_break,1F2PJLthGB-Y2TeSngNaY9O2_UdVq6QKg,01-03729-02.mp3
01-03737-02,./Audio/01-03737-02.mp3,साल में कम ऐसी कम दस बीस ट्यूब बदलवाने पढ़ते है बड़े बड़े ऑफर दे दी गए है जिसका कोई अभी तक कोई कुछ नहीं हुआ है नमस्कार श्रोताओ,Accent_unknown,Adult,Male,,,,,,1EeLx7qkPo7cAYSyaya44D8uDkIqFy0bj,01-03737-02.mp3
01-03754-03,./Audio/01-03754-03.mp3,पानी की अहम कोष करवाने की जल्द से जल्द व्यवस्था की जाए,Accent_unknown,Adult,Male,,Sad,,,"audio_jump,inaudible",1SAs2K6hLswE16hIItKU997VEKyxmJhT9,01-03754-03.mp3
01-03758-01,./Audio/01-03758-01.mp3,बोकारो मोबाइल मीडिया झारखण्ड मोबाइल वाणी,,,,,,,,,1huX1-uiNa57PYykKT2Hi7APB7qHe9qg3,01-03758-01.mp3
01-03770-02,./Audio/01-03770-02.mp3,सुख ने लगे है न जाने अभी तो गर्मी की शुरुआत है आने वाले समय में जब गर्मी होगी और हालत यह है की यह है की अप्रैल तो हुई है और जून जुलाई कभी,Accent_unknown,Adult,Male,,,,,,1WAhHuIcnGrKaojdWHDY9eYrrv2g6pybe,01-03770-02.mp3
01-03771-01,./Audio/01-03771-01.mp3,किसान तो कह रहे है की फसल तो हुई लेकिन उतनी अच्छी नही हुई और काफी असंतुष्ट दिख रहे है इस बात को लेके किसान तो वही कह रहे है पीने के पानी की,,,,,,,,,1osJNgAxiRGxI73GfD1ys_dLqybzKMKw7,01-03771-01.mp3
01-03784-02,./Audio/01-03784-02.mp3,छवि जो अन्य प्रदेशों में पूर्व थी,Bihari,Adult,Male,,,,Bihar,,1KRIFOzfsdSi1Ea83sHewbVYXLBCb7KoS,01-03784-02.mp3
01-03784-03,./Audio/01-03784-03.mp3,उससे बदलने काफ़ी बल मिला परिणाम स्वरुप आज हर बिहार गर्व ऐसी खुद को बिहारी कहलाने में शर्म नहीं बल्कि गर्व करता है बिहार में पूर्ण शराब बूंदी का बीड़ा यह साबित करने के लिए काफी है की मुख्यमंत्री जी एक सशक्त बीड़ा लेने वाले निडर लीडर है बधाई देने वाले में सिर्फ सिर्फ सोना कुमार सिंह के अलावा आवंटित पंचायत के उपाध्यक्ष वीरेंद्र कुमार रुपेश कुमार सुदर्शन कुमार सिंह विकास कुमार एवम दर्जनों,Bihari,Adult,Male,,,,Bihar,inaudible,1uUXg0MtIyX-ziYezgSmHX6m_o-DqqNCL,01-03784-03.mp3
01-03785-01,./Audio/01-03785-01.mp3,स्वयं सेवक सेवक मधु सेन धनबाद,,,,,,,,,117ug9aXDu2rlLSnj_SfpDrI6TGSKPT_D,01-03785-01.mp3
01-03786-01,./Audio/01-03786-01.mp3,जयनगर अनुमंडल क्षेत्र से सुरेश कुमार गुप्ता प्रखंड मुख्यालय जयनगर के जर्दा संख्या वार्ड नंबर नौ स्थित रामजानकी मंदिर के समीप,Bihari,Adult,Male,,Serious,,Bihar,,1cK6gZMsYNMXTpL9GkiwGq3SkRF9QxJsV,01-03786-01.mp3
01-03802-01,./Audio/01-03802-01.mp3,थी एक होने की तमन्ना रहती है कैंसर ऐसी सर्वाधिक लगभग तीस प्रतिशत मामले मुख के कैंसर ऐसी सम्बंधित होते हैं धन्यवाद,,Age_unknown,Male,,,,,,1MX--T7XHokFy7xH_eTCBQbEpidSeshMw,01-03802-01.mp3
01-03802-03,./Audio/01-03802-03.mp3,बीते पिछले सप्ताह पंद्रह वर्षों में सबसे गरम दिन रहा लोगों को कई प्रकार के परेशानियों ऐसी दो चार होना पढ़ रहा है गर्मी के दिनों में लू लगने का सबसे अधिक खतरा होता है लोगों को इससे सावधान रहना चाहिए घर ऐसी बाहर निकालते समय मोटे और सोती कपड़े पहनकर निकालना चाहिए ताकि धुप त्वचा को झुलसा न दे चाहता में ढक कर ही,,Age_unknown,Male,,,,,,1DM3oQ1bSf3glG7mBpPWC-3rTjoClItIl,01-03802-03.mp3
01-03857-01,./Audio/01-03857-01.mp3,करते है क्या नाम हुआ सर आपका राम बलि यादव मेरा नाम हुआ सर मोबाइल वाणी के बारे में सुनकर आपको कैसे लगा है बहुत अच्छा लगा है,Accent_unknown,Adult,Male,,,,,"inaudible,speaker_change",1xkJp4fzDxDTRwEh968QYsFyR93JQgVK3,01-03857-01.mp3
01-03870-01,./Audio/01-03870-01.mp3,अपनी बारी के इंतेज़ार में घंटों खड़े एक एक मिनट की गिनती गिनते कभी कभी तो महाभारत के दृश्य देखने को मिल जाया करते,Bihari,Age_unknown,Male,,,,Bihar,,1SHkriz7Y4wOqlC6PXxyhP9cppZ4gG9x3,01-03870-01.mp3
01-03873-02,./Audio/01-03873-02.mp3,एक सौ इक्यासी का नंबर पद गया ढीला मैंने रिपोर्ट दर्ज कराई थी लेकिन आज तक कोई सुनवाई नहीं है की फ़ोन लगता हूँ एक सौ इक्यासी के अधिकारी,,Age_unknown,Male,,,,,inaudible,1XnHlY-h-zdQ_uO-gtfPLDNvnGgSGweg6,01-03873-02.mp3
01-03884-03,./Audio/01-03884-03.mp3,बिहार मोबाइल वाणी के लिए खजौली ऐसी रामाशीष माता पिता का महान कर्तव्य है की वह अपने बच्चे को अपने जगह पे सोने का अवसर दिन,Bihari,Age_unknown,Male,,,,Bihar,inaudible,1myVWRn3Qdrzdomi9DotqyV4_2BkJ-5c3,01-03884-03.mp3
01-03886-02,./Audio/01-03886-02.mp3,नहीं आती है गाड़ियाँ आज मैं सुबह से सात बजे से लग रहा हूँ मैंन लगाया पंद्रह बार फ़ोन एक सौ आठवाले ने नहीं भेजी उठाने के लिए,Accent_unknown,Adult,Gender_unknown,,,,,inaudible,14NITwxtG_-Ynu6GzW27L8c6j1LIX1OlS,01-03886-02.mp3
01-03886-03,./Audio/01-03886-03.mp3,उठाने के लिए गाडी मैंने फ़ोन लगाया पिछोर वाले कह रहा है की रुपया लगेगा तीन हज़ार इसीलिए मैं,Accent_unknown,Adult,Gender_unknown,,,,,inaudible,1hihK6S-v1pOEcNUqNR7YuVSY7qaxNZaN,01-03886-03.mp3
01-03913-03,./Audio/01-03913-03.mp3,नमस्कार मेरा नाम गंगा कुमारी है मैं झारखंड से बोल रही हूँ में एक गाना गाना चाहती हूँ जेसन याद तू आवे गोरिया नैना से लोर बहेला,Bihari,Child,Female,,,,Bihar,inaudible,1Dy-3v8jOx9MShDk_Qvw0HxTL97czkyUX,01-03913-03.mp3
01-03915-02,./Audio/01-03915-02.mp3,दिल तौर के न जा रिपोर्ट मई मर जाऊं मोर कसम ऐसी,Bihari,Adult,Female,Music,Happy,,Bihar,inaudible,1w8Ayo93QOhtC7EGyvTKh27wzYJmvdGj_,01-03915-02.mp3
01-03918-01,./Audio/01-03918-01.mp3,राज्य के रघुवर सरकार अपने स्थानीय निति में झारखण्ड राज्य के भलाई को अन्य प्रान्तों के भलाई तर्जी दी है,Jharkhandi,Adult,Male,,,,Jharkhand,,18WhiK7Ddp7blVKLdV0RxDF9L86IMo-I8,01-03918-01.mp3
01-03918-02,./Audio/01-03918-02.mp3,कार्यक्रम की अध्यक्षता पंकज मरांडी झारखण्ड मुक्ति मोर्चा जरीडीह के प्रखंड अध्यक्ष,Jharkhandi,Adult,Male,,,,Jharkhand,,17-rIpAkUUZvAcWg3i7_XqGxND0x8kyEm,01-03918-02.mp3
01-03952-03,./Audio/01-03952-03.mp3,पता कैसे लिखू और ये कहानी संग संग अच्छा इससे आपने अपने भावुक,Bihari,,Female,,,,Bihar,"inaudible,speaker_change",1QaJrPvPUlsevDYIIA_Q9PuYvNSaoWTQB,01-03952-03.mp3
01-03951-01,./Audio/01-03951-01.mp3,समस्तीपुर जिला के समस्तीपुर प्रखंड ऐसी शम्भुपति पंचायत एवम गुल्फुआ पंचायत ने बिहार इलेक्शन वार्ड पटना के तत्वधानो राजखंड,Bihari,Age_unknown,Male,,,,Bihar,,1yKCtwyrAbGzjVnR9cqx5Z22bheaxZyIZ,01-03951-01.mp3
01-03956-02,./Audio/01-03956-02.mp3,यह जल संवाद कार्यक्रम बिहार ऐसी अनुवाद पटना बिहार को ओर से आयोजित हैं और इनके प्रयोगी संस्थान हैं,Accent_unknown,Adult,Male,,Serious,,,,1IvnGIfwaROVzNQ4yWGW9SNbRlqG33ZXz,01-03956-02.mp3
01-03971-02,./Audio/01-03971-02.mp3,दूर है जाना ज़रूर है धन्यवाद,Accent_unknown,Child,Male,,,,,,1FUjUOkx-FnGe-naoulGvQiULFOH3PS_l,01-03971-02.mp3
01-03987-01,./Audio/01-03987-01.mp3,सख्त से सख्त कारवाही होनी चाहिए सभी अभिभावकों से भी अनुरोध हैं की वे चुपचाप इन स्कूलों की मनमानी बर्दाश्त न करे सभी स्कूलों की संगठित,Accent_unknown,Adult,Male,,Serious,,,,1hlzIgRTqftysw7RybG3m1Se65w2y7kWu,01-03987-01.mp3
01-03992-01,./Audio/01-03992-01.mp3,समस्तीपुर जिला में जिला अधिकारी ऐसी साथ में एक विडियो कांफ्रेंस के बाद लिया गया आता है गंगा सफाई अभियान में,Bihari,Adult,Male,,,,Bihar,inaudible,1vFOo-luQ-_Y1WWDO-xpoKQw-Z35ElhqM,01-03992-01.mp3
01-03997-01,./Audio/01-03997-01.mp3,के था छह दिवसीय प्रणालियों दुकानदारों कार्डधारियों के कम करेंगे नियमित लोक शिक्षा केंद्रीय को खोला जाए,Normal_hindi,Adult,Male,,,,,"audio_jump,inaudible",1xowmBDe8cE5PeVtgyswVRkumVxNBOxZJ,01-03997-01.mp3
01-03997-02,./Audio/01-03997-02.mp3,चलने वाले तीन पंचायतो को आठ दिसम्बर घोषित,Normal_hindi,Adult,Male,,,,,"audio_jump,inaudible",1K8CiA5Ih43XTK03SsSVSr0fAl0sBwSA5,01-03997-02.mp3
01-03997-03,./Audio/01-03997-03.mp3,घोषित करने पर बल दिया गया उक्त पंचायतो पथ कर्मी ध्यान देंगे एवं सहयोग करेंगे बैठक को मुमताज़ आलम ममता मोबाइल वाणी,Normal_hindi,Adult,Male,,,,,inaudible,1tFJ5mbk-ezsNIruQ8i3GxbCB5iIXhbA3,01-03997-03.mp3
01-04008-03,./Audio/01-04008-03.mp3,बैठक में बताया गया कि प्रखंड के विभिन्न प्रतियासियों में मनरेगा के साथ डोभा का निर्माण भी किया जाएगा इसी प्रकार प्रधान मंत्री,,Age_unknown,Male,,,,,inaudible,1UQKVWly9iQ5cADVlmXKMtxJVQfebq1eI,01-04008-03.mp3
01-04015-02,./Audio/01-04015-02.mp3,चटाई ऐसी मोबाइल वाणी जमुई चटाई बाजार सब्जी मार्केट में हरे रंग ऐसी रंगकर ऐसी बेचा जा रहा है,Bihari,Age_unknown,Male,,,,Bihar,inaudible,1tluyJsZ2wQ2TzySnaqO3pDDfJId01lhQ,01-04015-02.mp3
01-04032-02,./Audio/01-04032-02.mp3,भी हैण्ड पम्पों में कई,Accent_unknown,Adult,Male,,,,,,1bCgp82HjoFxi6Y47P-oECnGTlAbDCRBG,01-04032-02.mp3
01-04033-03,./Audio/01-04033-03.mp3,जब बिजली उपभोक्ता बिल जमा नहीं करते हैं तू बिजली बोर्ड द्वारा कहा जाता है की बोर्ड घंटे में सदर रही है आरोप जब बिल भुक्तान के लिए उपभोक्ता महीनो ऐसी बिल का इंतेज़ार करते है तो कोई उन्हें बिल देने वाला नहीं है,Accent_unknown,Adult,Male,,,,,,19q5HuKEMAwFIz7Y2bsOvqyf4gIX8eU0Y,01-04033-03.mp3
01-04039-03,./Audio/01-04039-03.mp3,जी मई रंजन आज मार्वन में पंचायत चुनाव को लेकर कड़ी सुरक्षा व्यवस्था देखी गयी एक सौ अन्ठान्वे बुथों आरोप एक सौ अन्ठान्वे,Bihari,Adult,Male,,Serious,,Bihar,audio_jump,1X95hJHMPkV2kV4SyoMS03WGD17qZ3bcq,01-04039-03.mp3
01-04043-01,./Audio/01-04043-01.mp3,मैं विजय नगर से सुरेश शर्मा,Normal_hindi,Adult,Male,,,,,,1uhRJ8shk_Ze3Lzp_Nqafi0bu1A8K6IWE,01-04043-01.mp3
01-04043-02,./Audio/01-04043-02.mp3,अर ये जो मोबाइल उसे एच ये बहुत सराहनीय एच अर प्रसंस्निये एच आगे की सफलता के लिए मैं ईश्वर ऐसी कामना करता हूँ,Normal_hindi,Adult,Male,,,,,inaudible,1eQstHXH0Y4mAVpKRMwCGRBCGesx77phk,01-04043-02.mp3
01-04043-03,./Audio/01-04043-03.mp3,जयनगर सुरेश कुमार गुप्ता जयनगर क्षेत्र में कालाजार की दवा उपलब्ध हो गयी एच अर एंटी रेबीज की दवा यहाँ मौजूद एच,Normal_hindi,Adult,Male,,,,,inaudible,158nox0Kjng5G1CgaFLTAJ4VpSdL0D1bL,01-04043-03.mp3
01-04053-01,./Audio/01-04053-01.mp3,मुझे कभी एसे नही लगता एसे नही सकता,Accent_unknown,Adult,Male,,,,,"audio_jump,inaudible",1rFhF9ZEWhw3AjJEXiP9w7KjgFb6ZGhRD,01-04053-01.mp3
01-04056-03,./Audio/01-04056-03.mp3,को शांत अच्छी और सुखी बनाये रखने के लिए वातावरण न किया जाए प्रगति के नाम आरोप हो रहा ध्वनी प्रदूषण मानव जाती के लिए भरी समस्या बन गया हैं आज और उद्योगीकरण मैं यहाँ जहाँ मानवों को बहुत,,,,,,,,inaudible,1H0rjayq6YKPmfyKVArlI8JEBBRsPg7JP,01-04056-03.mp3
01-04063-01,./Audio/01-04063-01.mp3,वह खाद्य सुरक्षा एवम स्वास्थ्य अधिनियम दो हज़ार सोलह के दो हज़ार छबीस के अंतर्गत यह बीड़ा लिया गया था की पूरी तरह ऐसी,Bihari,Age_unknown,Male,,,,Bihar,,1AGbsmTuUScAUnjYMf5o5JjA5OC9a5Qw1,01-04063-01.mp3
01-04063-03,./Audio/01-04063-03.mp3,कुछ मुहं के कैंसर के ज़रिए बहुत सारी दुविधाएं हैं फिर भीर लोग प्रतिबन्ध नहीं है लोग खा रहे है और मुहं मुहं,,Age_unknown,Male,,,,,,1b7HpviW_UXxl3MQkp5oSrb-bnrcew09R,01-04063-03.mp3
01-04071-02,./Audio/01-04071-02.mp3,आठ लोगों को पुलिस ने ली अपनी हिरासत में शांतिपूर्ण मतदान में गड़बड़ी करने की आशंका पर पुलिस ने आठ लोगों को बूथ,Accent_unknown,Adult,Male,Noise,,,,,1bifzgHKnV24WaD64-fu2a1lyEGVpfROd,01-04071-02.mp3
01-04077-01,./Audio/01-04077-01.mp3,बाढ़ चूका है ईंटो को खुले में जलाने से गाँव तक धुंआ आ रहे है जिससे आदमियो और मनुष्य के शरीर में धुंआ परवेश कर रहे है जिससे मनुष्य काफ़ी बीमारी,Bihari,Adult,Male,,Serious,,Bihar,,1Lzy0hnIlV35N0MlvFsmWJLa7G3hZSkkm,01-04077-01.mp3
01-04077-02,./Audio/01-04077-02.mp3,विराट हो सकते है तो मई झारखण्ड सरकार अनुरोध करना चाहूँगा की खुले में ईंट जलाना नहीं निशेष तो है ही लेकिन यहाँ आरोप खुले में ईंट जलाया जा रहा है इसका बंद कराया जाए ताकि लोगो को खुले ईंट का धुंआ अपने शरीर में न परवेश करना पड़े और लोग स्वस्थ रह सके,Bihari,Adult,Male,,Serious,,Bihar,,1kjBba8ONHLhljBYqUcFt4IOPFdyzBsmt,01-04077-02.mp3
01-04080-02,./Audio/01-04080-02.mp3,मई दिघवारा प्रखंड ऐसी अजय मुजफ्फरपुर मोबाइल वाणी ऐसी धन्यवाद,Accent_unknown,Adult,Male,,,,,,1EfhvNUilM1tW2YlXWItqSy2FhutfseYw,01-04080-02.mp3
01-04103-03,./Audio/01-04103-03.mp3,जन वितरण प्रणाली की सुविधा दे हम लोगो को होगी,,,,Music,,,,inaudible,10C8V14R8iNxrfzbc_AjBWRvESTfiDqbu,01-04103-03.mp3
01-04109-02,./Audio/01-04109-02.mp3,जिसका शीर्षक था राज गनगा वार्ड नंबर एक में पानी का घोर संकट मोबाइल मीडिया द्वारा प्रोग्राम आरोप प्रसारित होने के दो दिनों के पश्चात,Bihari,Adult,Male,,Serious,,Bihar,,1ZoLO5-BUsySst1WhppOJuw3_09NmBx5C,01-04109-02.mp3
01-04112-01,./Audio/01-04112-01.mp3,इसी खबर के साथ में शिव नारायण रिपोर्टर बोकारो मोबाइल जिले जेल्ही बोकारो धन्यवाद,Normal_hindi,Adult,Female,,,,,audio_jump,11yKqWdD8izMuvb_-x37eOAx2u8KInL6N,01-04112-01.mp3
01-04117-01,./Audio/01-04117-01.mp3,लोगो ने जाम ऐसी निजात दिलाने के लिए जिला प्रसन्न को लिखित आवेदन भी दिया लेकिन अब तक ये समस्या जस की तस बनी हुए हैं जाम के कारण लोगो को अपने दैनिक कार्यो मैं भी अक्सर विलंभ हो जाता हैं,Accent_unknown,,Male,,Serious,,,inaudible,1WON_z-EHXmuTxQG2NrWPLm_8DQENPuJ1,01-04117-01.mp3
01-04129-01,./Audio/01-04129-01.mp3,के डीएम गिरवादयाल जी ने मतगणना केंद्र का निरिक्षण किया गया और उन्होंने पाया की मतगणना कार्य सही ढंग से चल रहा है साथ ही,Normal_hindi,Adult,Female,,,,,,12ENf1tnGTJCcEGkFxUvBBkqOXkYk965S,01-04129-01.mp3
01-04129-02,./Audio/01-04129-02.mp3,उनसे पूछे गए सवाल यह था की आज मतगणना धीमी गति ऐसी सदर रही के इसका क्या कारण के तो उन्होंने बताया की आज हम जिनका गणना,Normal_hindi,Adult,Female,,,,,audio_jump,1ZHnIhS2RL8GtKHMYrQls8huixD1VwgQP,01-04129-02.mp3
01-04129-03,./Audio/01-04129-03.mp3,गणना के इसी लिए यह कम धीमी गति ऐसी सदर रहा के कल ऐसी इसमे तेजी लाया जायेगा और अधिक ऐसी अधिक पंचायतो की,Normal_hindi,Adult,Female,,,,,audio_jump,1Rx7J5jR4yR9fV53aHDi9vYAwg8Twv2Oj,01-04129-03.mp3
01-04139-02,./Audio/01-04139-02.mp3,इसलिए मेरा पूरा कार्य होता चला जा रहा है धन्यवाद नमस्कार मई दिनेश मोबाइल वाणी के साथ कैमरा रोली ग्राम पंचायत रेहड़ी सीधा प्रसारण,Bihari,Adult,Male,,Serious,,Bihar,audio_jump,1uIkNFFVNmMF35lPuIvoFNV8Qm9kxYt2g,01-04139-02.mp3
01-04153-03,./Audio/01-04153-03.mp3,के अनुसार आज ही के दिन सावित्री ने व्रत वृक्ष के व्रत रखे थे और अपने दृढ आयु के लिए यमराज ऐसी और अपने पाती,Bihari,Adult,Male,,Serious,,Bihar,audio_jump,10WXGexwnDtnXbmytBCUXfMutQis3TUbb,01-04153-03.mp3
01-04163-01,./Audio/01-04163-01.mp3,मई राजू राय धनबाद मोबाइल मीडिया धनबाद झारखण्ड ऐसी पार्थर घादिया पंचायत को पूर्ण पूर्ण साक्षर करने धनबाद जिला के बाघमारा प्रखण्ड अंतर्गत पार्थर घादिया पंचायत के,Jharkhandi,Adult,Male,,,,Jharkhand,,19Db0sYwUrd7q4CBc6A-wEX0qm4TwZPVK,01-04163-01.mp3
01-04163-02,./Audio/01-04163-02.mp3,साक्षरता कर्मी बुद्धिजीवियों ने शराब जहाँ पीताम्बर पूर्ण पाठक पंचायत पंचायत ने निम्न स्तर आरोप अपात्रो का इसी लिए साक्षरता कर्मी घर घर,Jharkhandi,Adult,Male,,,,Jharkhand,audio_jump,18TElRqGs7CBxri2pVXSAeNflRxuyXQsd,01-04163-02.mp3
01-04163-03,./Audio/01-04163-03.mp3,तक पहुच कर सर्वे कार्य में लगे हुए है और साथियों इस समेकन के पश्चात भेज छेह जून ऐसी प्रारंभ किया जाना है पंचायत में शासनों के साक्षर बढ़ाने के लिए केंद्र,Jharkhandi,Adult,Male,,,,Jharkhand,,1pg9rLnUPl257xm_HsS1pApj0J0ZSWdx-,01-04163-03.mp3
01-04175-01,./Audio/01-04175-01.mp3,और जिससे लोगो में है की छेह तारीख को सारे को मिल जाना था जो भी प्रत्याशी उमीदवार थे पंचायत और एवं मुख्या का कोई रिजल्ट नहीं मिल रहे थे थोड़ा सा विद्यार्थी,Bihari,Adult,Male,,Serious,,Bihar,inaudible,1qWVh7EUuZIKb_ag5DlRe0eHTggYTgBUb,01-04175-01.mp3
01-04189-03,./Audio/01-04189-03.mp3,को मानसून भायेगा घर्षण दिखने लगे आकाश आरोप बदल छाने लगे होने लगी बिजलियाँ बीज बोयें है किसान ने,Bihari,Age_unknown,Male,,,,Bihar,inaudible,18C0RmkBE8Aa5NnvSoQMnxDQBob9fD2Rz,01-04189-03.mp3
01-04219-01,./Audio/01-04219-01.mp3,नमस्कार मई कांति प्रखंड ऐसी पिनाकी जहाँ बोल रहा आज मजदूरों' पर हो रहे शोषण पर 'मजदूरों ने एकता बनाने का पासवान किया है,Accent_unknown,Adult,Male,,,,,,1guVhq-6FZpzViEmzTwLjDGjRtREPIokd,01-04219-01.mp3
01-04242-03,./Audio/01-04242-03.mp3,नमस्कार में हूँ और आप सुन रहे है ग्रामवानी के प्रखंड क्षेत्र के पंचायत ने बताया की लोगो को या को समय आरोप अपना,Accent_unknown,Adult,Male,,,,,inaudible,1ZkqZ1wm-d9KOX3UGn-PpcpUpnGnpTq9d,01-04242-03.mp3
01-04246-03,./Audio/01-04246-03.mp3,इक्कीस ऐसी पचीस जून तक पाँच दिनों में बारी बारी ऐसी प्रखंड के सभी तेरह पंचयतों के प्रतिनिधियों को शपथ दिलाई जाएगी,Bihari,Age_unknown,Male,,,,Bihar,,1Gw2vgnns3slQcrlCeL0a5WXubKXOmiBa,01-04246-03.mp3
01-04252-02,./Audio/01-04252-02.mp3,नमस्कार दोस्तों मई पंचायत मध्य प्रदेश मोबइलवाणी आरोप एक शायरी पेश कर रहा हूँ दोस्तों,Accent_unknown,Adult,Male,,Happy,,,inaudible,1Uz-rzRpphjU7fG3DiTocWcsCxifVCfbN,01-04252-02.mp3
01-04252-03,./Audio/01-04252-03.mp3,सो साल पहले हमें तुमसे प्यार था आज भी है और कल भी रहेगा,Accent_unknown,Adult,Male,,Happy,,,,1_SyQ-SML6w8FF86YrxcOZjlJ-dLHuRlf,01-04252-03.mp3
01-03949-02,./Audio/01-03949-02.mp3,रामाशीष सिंह,Bihari,,Male,,,,Bihar,inaudible,1EqV0-q-HVotXoArcL4yIj-ahFGE9L3RU,01-03949-02.mp3
01-04298-03,./Audio/01-04298-03.mp3,दुनिया ऐसी लाखों करोड़ो लोग स्वस्थ संतुलन और सामंजस्य पाने के लिए योग की शराब में जा चुके हैं लूरार के लिए यह अंतराष्ट्रीय योग दिवस इसलिए भी महत्वपूर्ण है क्यूँकी आज स्वामी जी परमहंस स्वामी सत्यानन्द सरस्वती की वह भविष्यवाणी भी साकार हो रहा है,Bihari,Adult,Male,,,,Bihar,,15jeSBM9IJ13A-gR0xDIktdrMww-UBUuN,01-04298-03.mp3
01-04364-01,./Audio/01-04364-01.mp3,मलेरिया नहीं बन सकता अभी अस्पताल में ऐसी भीड़ लगी हुई है की जैसे अपन,,Age_unknown,Male,,,,,audio_jump,1pLAk3v_DhGOMaKRgq0vXic620FeRAwmU,01-04364-01.mp3
01-04364-03,./Audio/01-04364-03.mp3,आज मोबाइल वाणी पर कार्यकर्ता एवम श्रोताओं ऐसी निवेदन करता हूँ ग्राम पंचयतों में और,,Age_unknown,Male,,,,,inaudible,1XhNnO8AIRh0Nm9pJMuxvsdJ9IJcGgCCb,01-04364-03.mp3
01-04377-02,./Audio/01-04377-02.mp3,के मंत्री रामविचार रे मनोज यादव मेनेजर रे अनिल यादव प्रोफेसर अजय कुमार सीताराम शर्मा ने प्रमुख एवम उपप्रमुख को बधाई दी हैं,Bihari,Adult,Male,,,,Bihar,audio_jump,1xQ-OVaWgfvSCH5F6nBLMVVOIQ9FWjkpN,01-04377-02.mp3
01-04376-01,./Audio/01-04376-01.mp3,मोबाइलवाणी में मई राजेश कुमार सिंह मोतिहारी ऐसी गुंजा की गुंज ऐसी गुंजा हर सिटी बनी प्रमुख मोतिहारी जिले के,Accent_unknown,Adult,Male,,,,,,1-dki9tfH_KYdDHekrKCojA_iPYD97P-R,01-04376-01.mp3
01-04385-01,./Audio/01-04385-01.mp3,इसकी बेहतर के कारण छोटी,Accent_unknown,,Male,,,,,speaker_change,1GrOiLvAR3UZR3i4oDjqtjF0-fpTDTnHO,01-04385-01.mp3
01-04391-01,./Audio/01-04391-01.mp3,बैंक अकाउंट किसके पास है वो तो हमें का मालूम हमलोग दूकान वाला है पैसा नहीं मिल रहा है तो क्या ब्लॉक में,Bihari,Age_unknown,Male,,,,Bihar,"audio_jump,inaudible",12ic3tgCjgxza79ZUpHZCqIbSC04t6I9S,01-04391-01.mp3
01-04391-03,./Audio/01-04391-03.mp3,अभी भी गाँव की हेड बोला की हो जायेगा बोला फिर बोला की विजय सिर गाँव में है नहीं तो साथ ही,Bihari,Age_unknown,Male,,,,Bihar,"audio_jump,inaudible",1jxTm-e2m12mVHmzxo6Ww8f-Eb6RCJaOY,01-04391-03.mp3
01-04393-01,./Audio/01-04393-01.mp3,हैंडपंप सुधरवाय तो अति दया होगी,,Age_unknown,Male,,,,,inaudible,1UBNdE3M1S6EOVmeFSV-050V1uGQbojmo,01-04393-01.mp3
01-04419-02,./Audio/01-04419-02.mp3,संसार में गरीब महिला सोनिया कुमारी का सेल नंबर टू जीरो टू जीरो जीरो सिक्स थ्री आठ आठ नाइन थ्री फाइव,Bihari,Age_unknown,Male,Noise,,,Bihar,,1dAuqRT3_y27cKOdSYmRxPghwChMWAzv3,01-04419-02.mp3
01-04420-01,./Audio/01-04420-01.mp3,लेकिन सबसे बड़ी बात ये है की इनसे सबक लेते हुए पानी की बर्बादी को रोकने आरोप लोग भान नहीं दे रहे है,Normal_hindi,,Male,,,,,,1i6C5UyW7mVdkMTUVKBxjhUSX9LwnC_8R,01-04420-01.mp3
01-04420-02,./Audio/01-04420-02.mp3,लोग पानी के लिए बूँद बूँद को तरस रहे है लेकिन फिर भी इसी स्थिति ऐसी हम सबक नहीं सिख रहे है पानी का फ़िज़ूल खर्च कर रहे है,Normal_hindi,,Male,,,,,,1H1JTDCUTXgOV1lXiL_-A8fwuMjA7HP1q,01-04420-02.mp3
01-04420-03,./Audio/01-04420-03.mp3,जिस का खामियाजा पूरा देश भुगत रहा है अतः इन समस्याओं को हल्के में लेना हमारी सबसे बड़ी भूल होगी इसलिए जल्द,Normal_hindi,,Male,,,,,,1-GCEKbJxoc42W1EUv7Jc0ZBE0OsW-4QT,01-04420-03.mp3
01-04434-03,./Audio/01-04434-03.mp3,वृद्ध व्यक्ति है एवं जो महिलाएं बचे छेह बरसा ऐसी ऊपर है उनके आधार कार्ड,,Adult,Male,,,,,,1ZGc-ZXUXYGvCNe_E6GeoN32zi5tJ5vLq,01-04434-03.mp3
01-04437-01,./Audio/01-04437-01.mp3,भरपुरा पंचायत भवन पर बन रहा है यह निःशुल्क बन रही है किसी प्रकार की आपत्ति नहीं है धन्यवाद संजीत कुमार,,Age_unknown,Male,,,,,,1bB6chLPwkz_T1jnoyf_OXVmuM8gv_vIW,01-04437-01.mp3
01-04438-02,./Audio/01-04438-02.mp3,लगातार कर्ज ऐसी किसानों की आत्महत्या भी घटनाएँ भी बढ़ रहीं हैं किसानों जिससे उन्हें,,Age_unknown,Male,,,,,,1hoZT6xUooKinLpCUpnHN2ryIAAnwNgCQ,01-04438-02.mp3
01-04438-03,./Audio/01-04438-03.mp3,सूधखोरो से अधिक ब्याज दर पर ऋण देना पड़ता है सूखे जैसी प्राकृतिक आपदा के कारण किसानों द्वारा खेती पर कर्ज की गई मूलधन राशि भी प्राप्त हीं हो पाती है,,Age_unknown,Male,,,,,,1DPu-KrtqIO5fvhFLKw4_gWTqhe_GjAVf,01-04438-03.mp3
01-04439-03,./Audio/01-04439-03.mp3,योजना को जैसे तैसे पैसे की गयी है,,Age_unknown,Male,,,,,,17_O_2tEfGZ9x0z2OZl4iCk0e4zoqW4x8,01-04439-03.mp3
01-04471-02,./Audio/01-04471-02.mp3,अभी तक पोस्त्मार्तम नहीं होने ऐसी काफ़ी जनता को कठिनाइयाँ हो रही है पोस्त्मार्तम के लिए सोनपुर और अन्य प्रखंड वासिओं को सात किलोमीटर जाकर के पोस्त्मार्तम करते है,Bihari,,Male,,,,Bihar,,1ToC3U__cD8HThnn3YKPCHj2nKooidaKt,01-04471-02.mp3
01-04501-01,./Audio/01-04501-01.mp3,इस मामले को मीडिया एवं प्रसाशन जानबूझकर नज़रंदाज़ कर रही है धन्यवाद,,,,,,,,,1LFrubAr5TNeCsk5VjdAul_2H35rvSAYU,01-04501-01.mp3
01-04512-03,./Audio/01-04512-03.mp3,उपप्रमुख प्रवाची सुरप्रमुख अनिल कुमार राम सुर्प्रमुख तथा नाचिरो उर्फ़ लड्डू जजनो जल प्रतिनिधियों ने,,,,,,,,,1BWzeMiGX54GQ1cRbjE3m7yYK6A6ns2qb,01-04512-03.mp3
01-04529-02,./Audio/01-04529-02.mp3,खजुराहों में कथा काला की चित्रकूट ने राम की,Accent_unknown,Adult,Female,,,,,,1OPZLNYSzoSxS1I2iY3N14536A2AEp-cX,01-04529-02.mp3
01-04555-03,./Audio/01-04555-03.mp3,जवान साथियों में रमेश कुमार बोकारो ऐसी पास में नगरपालिका इलेक्शन होने के बाद लोगो के मन में बहुत सी आशायें थी जिस,Bihari,Adult,Male,,,,Bihar,inaudible,1wPCbnUu8vrxf7VMikHnEdmvIOQMp_dIh,01-04555-03.mp3
01-04578-03,./Audio/01-04578-03.mp3,जूझ रहे है सरकार को चाहिए की वह वार्ड के साइबर क्राइम को रोकने के लिए पुलिस को उसी अनुरूप सक्षम बनाये,Accent_unknown,Adult,Male,,,,,,1RkFSmv3bHa9jVsnhxe4DW7jgcRA8JIjV,01-04578-03.mp3
01-04617-02,./Audio/01-04617-02.mp3,सीसीएल यहाँ की लोगों कोई मुआवजा नहीं दिया है जिसके कारण यहाँ के लोग पलायन करने को,Accent_unknown,Adult,Male,,Serious,,,,1TpsK1UkfQa_fKCSpqJv2PgEK7KA2ePGG,01-04617-02.mp3
01-04630-02,./Audio/01-04630-02.mp3,सड़क दुर्घटनाओं में लोगों की जान भी जा रही हैं दुर्घटनाओं को रोकने के लिए जिला प्रशासन को ठोस कदम उठाने की आवश्यकता है यातायात नियमों को,Bihari,Adult,Male,,,,Bihar,,1G5EINsdJFRdK0PLpQFoTTmUKMlixpO8h,01-04630-02.mp3
01-04651-01,./Audio/01-04651-01.mp3,इसी राजनैतिक में अपराधियों को बोलबाला भी चरम आरोप पहुच गया अगर ऐसा नहीं होता तो तो पचास परसेंट संसद और विधायक दागी है,Bihari,,Male,,Sad,,Bihar,,1fTmVTu6tjBupSvPN7ehDVmroQPs1elXs,01-04651-01.mp3
01-04665-03,./Audio/01-04665-03.mp3,मूल चुकाना पड़ता है अतः राशन के साथ साथ कपड़ो का भी वितरण किया जाए ताकि यहाँ के,Accent_unknown,Adult,Male,,,,,,1jRYLk2KGUen8PATDNelV5K7pPx3UIYPp,01-04665-03.mp3
01-04705-03,./Audio/01-04705-03.mp3,सावन पूरे माह तक बिहार के कई जिले के कांवरियां यहाँ आकर स्नान करे गंगाजल लेकर चप्पे बारे मंदिरों में शिव के ऊपर गंगा जल,Accent_unknown,Adult,Male,,,,,,1U_WP8RaS-Cqjuh901bmdgTWyQelE-DYB,01-04705-03.mp3
01-04726-01,./Audio/01-04726-01.mp3,किसी भी कारण उत्पन शारीरिक या मानसिक दुर्लभता को दूर करनी हो जिस जिस को मजबूत करता है ओस दिन की ताकत से साथ ही प्रकोप सदा के लिए अलविदा कर देती है,Accent_unknown,Adult,Male,,,,,,1bSfpGbC1j5FLY33ikrbddPeAkzOquV1M,01-04726-01.mp3
01-04728-03,./Audio/01-04728-03.mp3,मिथिला मोबाइल वाणी के साथ श्रोताओ बता दू इस बार की बारिश भले ही मुस्कान जरुर शरीर पे ला दिया लेकिन अगर देखा जाता है तो एक तरफ बारिश अन्धाधुन बारिश,Bihari,Adult,Male,,,,Bihar,,1hbmP9aG69ADdmw0XoIWCWj-iNoiPzX93,01-04728-03.mp3
01-04752-01,./Audio/01-04752-01.mp3,राजनगर के सभी सतीश लाल दास धनबाद,,Adult,Male,,,,,,1mqqFhXE7Qb_6BO4XlYKWiZIDnlH2VOH_,01-04752-01.mp3
01-04764-01,./Audio/01-04764-01.mp3,मैं योजना अरुण विकास की विभाग के द्वारा पचायत सहकार भवन कियारी में लगाए जा रहे इट मीठा पान से भी ख़राब हैं,Accent_unknown,Adult,Male,,Serious,,,,1wZAfKYwOvFDLUkrDEyGu_2X6M7cSmsdK,01-04764-01.mp3
01-04804-01,./Audio/01-04804-01.mp3,पड़ती हैं पहले जायज के गिनती अपना ब्यौरा देने को कहा गया जब जमा नहीं किए तो पुनः कुछ दिनों के बाद अपना गाहक को जाने का इल्जाम लगा दिया पुनः सारी योजना प्रक्रिया,Bihari,Adult,Male,,,,Bihar,inaudible,1RyxO3afrbueP7TBg9-pHjStF25Ok6sqT,01-04804-01.mp3
01-04809-02,./Audio/01-04809-02.mp3,उपयोग और बिना जाने बुझे दुसरे उर्वको की उपयोग और गलत तरह की खेती ऐसी,,,,,,,,,1K_gykbEoZ-fq9y6_eoDHOTWC7h9caded,01-04809-02.mp3
01-04829-01,./Audio/01-04829-01.mp3,जैसे ही सभी टीचर को फटकार लगाते हुए कारवाई टीचर प्रखंड विकाश पड़ा धिकारी दीना लाल यादव ने संज्ञा और स्वर्णाम में क्या अंतर हैं,Bihari,Adult,Male,,,,Bihar,,1nj_P498xdwUK8RyDiAbk38b5sG-DnU7o,01-04829-01.mp3
01-04838-01,./Audio/01-04838-01.mp3,श्रोता रक्षा बंधन में आप सभी श्रोताओं को हार्दिक हार्दिक बधाइयाँ मन को इस धागे ऐसी रत्न नहीं दस्तूर हैं कौन मीता सकता हैं इस को भाई बहनों का प्रेमभरा संग त्यौहार हैं धन्यवाद श्रोता में,Bihari,Adult,Male,,,,Bihar,inaudible,19pNYfuHFRb8X9rXq1-qKqXJhCgHIkQ1L,01-04838-01.mp3
01-04840-02,./Audio/01-04840-02.mp3,में ज़मीन जहाँ जहाँ सेंटर मोटर साईकिल सरे चीजों ऐसी समापन है और हमको गरीबी रेखा की इस चीज़ को बदलना गरीबी रेखा में नहीं रहना मेरे भाइयो,Accent_unknown,Adult,Male,Noise,,,,,1qc1Zx4rTECpUjbiQscEmoH1oUe_nqoJN,01-04840-02.mp3
01-04847-01,./Audio/01-04847-01.mp3,की आवाज़ ऐसी,Bhojpuri,Adult,Male,,Serious,,,inaudible,16-UEiQA4M9k5doCZG9I713gWTm0yBWAX,01-04847-01.mp3
01-04873-01,./Audio/01-04873-01.mp3,के प्रमुख रेलवे में वाटर लगायी जाएगी यह जानकारी लोक सभा में रेल राज्य मंत्री ने बताया की झार,,Age_unknown,Male,,,,,inaudible,1MwkAoGDzAy9AIkjTeBfNMGNOdG1Wd5WM,01-04873-01.mp3
01-04873-03,./Audio/01-04873-03.mp3,तो पानी उपलब्ध हो पायेगा इसी के साथ मैं रमेश कुमार माइती चास बोकारो से धन्यवाद,Bihari,Age_unknown,Male,,,,Bihar,audio_jump,1Jsr4pUsFuQXtroqr29da7JmarJA7nVOU,01-04873-03.mp3
01-04875-02,./Audio/01-04875-02.mp3,मधुबनी मोबाइल बनी के लिए उजोनी मधुबनी शेर सिंह राष्ट्रीय खाद योग्यता योजना के अंतर्गत खाद्यान जो व्यक्ति जूम पाक है वही व्यक्ति किरासन के लिए अजय कैसी निगम मई है,,,,,,,,inaudible,1Xml4ehQJ4-YrUwNngQwi2rg2uivk76I3,01-04875-02.mp3
01-04881-01,./Audio/01-04881-01.mp3,जन वहाँ की जनता ने बताया की ऐसा अगर नहीं होता हो उसको हम लोगों बिना रिश्वत काम होता ही नहीं हैं,Bihari,Adult,Male,,,,Bihar,inaudible,1QS3lwwcnH_b8MrBmdfsAyierkyCVUSRH,01-04881-01.mp3
01-04909-01,./Audio/01-04909-01.mp3,धन और भी दोनो प्रकार के तारों के घर्षण ऐसी चिंगारियां निकाल रही है तथा विद्युत् कारण कार्य हैं,Bihari,Adult,Male,No_speaking,Serious,,Bihar,,1V5JgAbe8u_UYFzZjuvT2ENZnmUDYTFKo,01-04909-01.mp3
01-04923-03,./Audio/01-04923-03.mp3,उनका हार्दिक अभिनन्दन करदी हमलोग इस इस दिन को मरते दम तक किसी परिस्तिथि में नहीं भूलेंगे आज हमलोग अब कोई भी देश,Bihari,Child,Male,,Happy,,Bihar,"audio_jump,inaudible",1Bf_dLKdH95ttzX1QnesGLnFHhAjOy-XD,01-04923-03.mp3
01-04930-03,./Audio/01-04930-03.mp3,है रोज एक नई बीमारी पहनावे की संस्कृति को भूल रही है रोज एक नई,Accent_unknown,Adult,Female,,Sad,,,inaudible,15Qs_ElIHJaS8rsEjd-DlzhS4dGsmegeR,01-04930-03.mp3
01-04937-02,./Audio/01-04937-02.mp3,#incomplete हुई पर दिघवाड़ा एवं हीटर पुल के मध्य नदी की प्रतिपूर्ण को नियंत्रण इस बात की चपेट में आए और कुछ दूर तक ही,Accent_unknown,Adult,Male,,,,,inaudible,1OHBgUHSVVhHRRrMqbajr_BDwsEHlInuH,01-04937-02.mp3
01-04939-03,./Audio/01-04939-03.mp3,देश राज्य के साथ साथ अवधि प्रखंड में भी हर्षोल्लास के साथ स्वतंत्रता दिवस की सत्तरवी वर्षगाँठ संपन्न हुई,Bihari,,Male,,Happy,,Bihar,,1dZNM097zSkdRcnL8x-Lpg9iy1CrixBQU,01-04939-03.mp3
01-04954-01,./Audio/01-04954-01.mp3,पुलिया निर्माण कार्य काफ़ी समय बीतने के बाद भी एक भी पुलिया का निर्माण कार्य पूरा नहीं हो सका हद तो तब हो गयी जब,,,,,,,,,1M8CsOySVVPpuvExxfOnfLzUIIjnplpPP,01-04954-01.mp3
01-04968-01,./Audio/01-04968-01.mp3,राखी बंधवा ले मेरे मीट मैं न चाँदी न सोने का हार मांगू मैं न,Bihari,Adult,Female,,,,Bihar,,1qC_y5jqcdGs0aq9AbP61ofT8OhwQ_D4-,01-04968-01.mp3
01-04978-02,./Audio/01-04978-02.mp3,पंचायत का रहने वाला हूँ मैं अभी बता रहा हूँ है यहाँ मेरे घर के पीछे का दृश्य आप देख सकते हैं की अब देखने योग्य तो नहीं है लेकिन मैं बता रहा हूँ की यहाँ पानी पर्वत के है लोग,Accent_unknown,Adult,Male,Noise,,,,,1hEo9KNIhHOdHplUfa1hulC08LNur1Mwh,01-04978-02.mp3
01-04979-02,./Audio/01-04979-02.mp3,नमस्कार जौहर बाघमारा धनबाद ऐसी मैं मोबाइल मीडिया मीडिया रिपोर्टर मदन लाल चौहान चौहान झारखण्ड मैं बरसा आरोप निर्भर हैं खेती बारिश अच्छी होगी फसल भी अच्छी होगी,,,,,,,,,1MLMzuGYUuDzBRMqh4PcQr-0DBakit6wH,01-04979-02.mp3
01-04989-03,./Audio/01-04989-03.mp3,जो गोबर निकलेगा वो जेहरी खाद कहलाएगा उज्जवल खाद भी जेहरी खाद की श्रेणी में आता है इतना ही नहीं,Bhojpuri,Adult,Male,,Serious,,,,1N9SPUSdWr27xO9LCfjd19PJrTm1flkxI,01-04989-03.mp3
01-05011-03,./Audio/01-05011-03.mp3,सोने के पलना में झूले गोपाला माथे मुकुट गले वाज्यन्ति माला,Accent_unknown,Adult,Female,,Happy,,,,15dJMAr6hTtk8GFIR_BfjMCrmX4EFZ0H_,01-05011-03.mp3
01-05015-01,./Audio/01-05015-01.mp3,प्रसाशनिक सेवा के अपर पदाधिकारी के रूपए में प्रभित किया गया है,Bihari,Adult,Male,,,,Bihar,inaudible,1GWGJ4LPl2-xJZhFCPzdDdPHLA7Wj-1Mb,01-05015-01.mp3
01-05015-03,./Audio/01-05015-03.mp3,जबकि हजारों अयोग्य लोग इस योजना का अनुचित लाभ ले रहे हैं जिला शिकायत निवारण अधिकारी जिले में क्या कर रहे हैं प्राप्त शिकायतों के अधार आरोप भी उन्हें,Bihari,Adult,Male,,,,Bihar,,17tDUVSW6qw2hXvjb_VwTCrBuG7Ya52lV,01-05015-03.mp3
01-05035-01,./Audio/01-05035-01.mp3,बार पीड़ितों को करें आप इन्होने और साहिब सरकले उन्होंने कहा है की मनुष्य शांति चारा की दिवस उनको हो रहे,Bhojpuri,Adult,Male,,Serious,,,inaudible,1AfmUu1hpIFaXKenFkagFEPZjCdDeBoNc,01-05035-01.mp3
01-05034-01,./Audio/01-05034-01.mp3,नमस्कार मुंगेर के आवाज़ में आपका स्वागत हैं में नितिन कुमार जिला मुंगेर ऐसी क्षेत्रों का किया मुंगेर प्रखंड क्षेत्र के,Bihari,Adult,Male,,,,Bihar,inaudible,1FBth53oPVEXGxTR2noP6xATS2FIldx9S,01-05034-01.mp3
01-05040-02,./Audio/01-05040-02.mp3,आज बाढ़ नियंत्रण का नाम बदल कर बाढ़ प्रबंधन कर दिया गया है लेकिन काम और उसके तरीके में शायद ही कोई बदलाव हुआ है,,Adult,Male,,,,,,1HIrCYtBKZHS4598cpg_-QtpRLiOLashe,01-05040-02.mp3
01-05048-02,./Audio/01-05048-02.mp3,और ये पंचायत बिज़नेस पुलिस स्टेशन के भाव बहोत ऊपर चढने के दौरान देखा में कार्य,Bihari,Adult,Male,,Serious,,Bihar,inaudible,1IdFH-HPbUaRnMl1_K0CgNNg2sPFShsAc,01-05048-02.mp3
01-05057-02,./Audio/01-05057-02.mp3,वही पंचायत तेगरा प्रखण्ड बाहुबली ने तिरके प्रणामी मंदिर खाली ने सुबह पूजा आरती शाम चार बजे प्रवचन सात बजे भजन,Bhojpuri,Adult,Male,,Serious,,,inaudible,1oedeMztEcXdVOStsWgr8E8Y2pWRqGgg-,01-05057-02.mp3
01-05091-01,./Audio/01-05091-01.mp3,बच्चों के लिए अफाध नहीं ताल सकते हैं क्यूँकी मगर गेहू बैठते हैं तो हमारी गेहू,Accent_unknown,Adult,Male,,Serious,,,,1zyvWgW9xhhs7APz_mksOd-M3IrxeIhcc,01-05091-01.mp3
01-05104-01,./Audio/01-05104-01.mp3,नंबर एक मुनियों होगी उन्होंने ने सदस्यों के सभी को प्रोत्साहन बढ़ने की बात कहीं,Accent_unknown,Adult,Male,,,,,,1vNnWwQvJkKdJcEUHxxZHVWwhWCWkJQ1t,01-05104-01.mp3
01-05121-02,./Audio/01-05121-02.mp3,जी है बेहतर ऐसी बेहतर की तालाश करो मिल जाए नदी तो समुन्द्र की तालाश करो टूट जाता है शीशा पत्थर की चोट ऐसी,Accent_unknown,Adult,Female,,Happy,,,audio_jump,134O2SWezE852Db0dyRzV41oyEiNRrzpR,01-05121-02.mp3
01-05137-01,./Audio/01-05137-01.mp3,की मेहनत करो की लोग भी सोचे की है और हम लगो को तो बहुत मेहनत करनी चाहिए जी में पासवान हूँ,Accent_unknown,Child,Female,,,,,inaudible,1748SSqyQ5JxkuXJJWblVrGaI2eJCltQp,01-05137-01.mp3
01-05139-01,./Audio/01-05139-01.mp3,तो किसी रोड मैप ऐसी राजनीत खेतिहर में सुधार ज़रूर आया मगर चुनौतियों के मुकाबले उपलब्धियों का ग्राफ और मेहनत की मांग करता ज़हर हैं की किसे नई प्रकट,Accent_unknown,Adult,Male,,Serious,,,,1HgimXS9lOWSVe4SLTMq9jz7iVePpNbJL,01-05139-01.mp3
01-05173-01,./Audio/01-05173-01.mp3,धन्यवाद आप भी अपनी प्रतिक्रिया दे सकते है नंबर तीन दबाकर,Accent_unknown,Adult,Male,,,,,,16jizE-fvBS-C7pLHq22SYIR6lLWPYKrw,01-05173-01.mp3
01-05203-02,./Audio/01-05203-02.mp3,के एक के लिए भी कार्य नहीं किया जा रहाँ है धन्यवाद पाण्डेय जमुई शहर ऐसी जनता की रिपोर्ट कार्यक्रम की चर्चा मंच में भग लेने के लिए दबाएँ नंबर तीन,Accent_unknown,Adult,Gender_unknown,,,,,speaker_change,1vwTF61kwQLf3_aTtTeGEevgXzpmRFRIa,01-05203-02.mp3
01-05217-03,./Audio/01-05217-03.mp3,महिला मुखिया को भागते हुए देखे रिवाल्वर एवं पांच गोलियों के साथ गिरफ्तार कर लिया अमित कुमार नामक यह युवक मुकासील थाना के मगर दही खरीदा हुआ मोहल्ले का रहने वाला है,,Adult,Male,,,,,,1uQaHlKxofS5x8uIDcvRETu22hPV6euhY,01-05217-03.mp3
01-05238-01,./Audio/01-05238-01.mp3,सिवान में हजार आंगनबाड़ियो के बचे को तंदरुस्त बनाने के लाई सरकार में चौदह सितम्बर ऐसी इसकी औपचारिक शुरुआत होगी,,Adult,Male,,,,,inaudible,1gBo3bPW-2lKUrRvt9yRR6EuV0ex-psg6,01-05238-01.mp3
01-05244-01,./Audio/01-05244-01.mp3,खास कर जाने वाले लोगों को काफ़ी परिधियो का सामना करना पड़ता हैं ता हैं रंगालाल ने बताया की पूर्व जिला परिषद के सदस्य,Bihari,Adult,Male,,,,Bihar,"audio_jump,inaudible",1teGKgyzEwomHGtQDIa7lVkoghOIl9g0D,01-05244-01.mp3
01-05313-01,./Audio/01-05313-01.mp3,हेलो में अभिषेक कुमार सिहर ऐसी में बताना चाहता हूँ की सिहर जिले में जो भी A टी M की संख्या है वो चाहे रोड हो या एस बी गारी,Accent_unknown,Adult,Male,,Sad,,,"audio_jump,inaudible",1xCcVa2jixorgsM3cF7RKeJD9ST2iSMu4,01-05313-01.mp3
01-05351-03,./Audio/01-05351-03.mp3,प्रयाप्त रूपया ज़ेब मैं न हो तो सात मैं A टी M कार्ड ले के सदर देते हैं जहाँ भी A टी M मशीन मशीन मिले कार्ड दाल कर आवश्यकता अनुसार पैसा,,,,,,,,,1yyRDY2U8fJSb6AjQ8BXc4u2iWCGvBkhl,01-05351-03.mp3
01-05421-02,./Audio/01-05421-02.mp3,इसमें नाम न छापने की इ बताया की अगर ये दवा आपको चाहिए तो में आपको अवैध तरीके ऐसी मुहैया करा सकता हूँ,Bihari,,Male,,Sad,,Bihar,inaudible,1JI4AAJPNYJkSdJfuWlqEOOd5HRbKh0NE,01-05421-02.mp3
01-05421-03,./Audio/01-05421-03.mp3,है छह खुराक ज्यादा लगेगा अब ऐसे में देखा जाए तो तो हर क्षेत्र में भ्रष्ट तंत्र अवैध तरीके ऐसी अपना कम चला रहा है और लाचार जनता,Bihari,,Male,,Sad,,Bihar,,1f2yX_hrDk8GCxZ8X0HcUX5_ktJfXZHT0,01-05421-03.mp3
01-05459-02,./Audio/01-05459-02.mp3,जिससे जरूरत मंद किशन व्यापारी कर्मचारी आदि बैंक उपभोक्ताओं को रूपए निकालने में परेशानी हो रही है गौरव गुप्ता मनोज तथा सुन्दर कुशवाहा आदि ने बैंक उपभोक्ता को बताया हैं की शाखा में रूपए,Accent_unknown,Adult,Male,,,,,inaudible,1iiShXTI0vxKuJhcTYkt2zn3nzux4KOAT,01-05459-02.mp3
01-05459-03,./Audio/01-05459-03.mp3,रूपए निकालने के लिए एक खिड़की है जिसपर हर समय लाइन लगी रहती है जिसमे उपभोक्ता को समय में बर्बादी होती है अतः ग्राम पंचायत के उपभोक्ता,Accent_unknown,Adult,Male,,,,,inaudible,1qnCKokbODmVc0ZuZ4eDx3oEsNJUArrli,01-05459-03.mp3
01-05481-02,./Audio/01-05481-02.mp3,में रास्ते में ही उसकी मौत हो गयी मृत्यु घोषित कर,Bihari,,Male,,Sad,,Bihar,,17IZIPJA5RnkVle4rA7-7uw7wNItOVDSw,01-05481-02.mp3
01-05487-01,./Audio/01-05487-01.mp3,नमस्कार पश्चिम चंपारण रामनगर ऐसी मोबाइल वाणी के लिए की बैठक रविवार को रामनगर के धर्मशाला के परिसर में,Bihari,Adult,Male,,,,Bihar,"audio_jump,inaudible",156Q32c0TBTwNG6fHv1U4noLmnAdhyTns,01-05487-01.mp3
01-05493-01,./Audio/01-05493-01.mp3,की मईया कहना लगाऊं अनार क़माके दो नैनन की,Accent_unknown,Adult,Female,,,,,,1l_fWmCce5VmPFSBueSazosjpfcowsdJv,01-05493-01.mp3
01-05495-03,./Audio/01-05495-03.mp3,माथे' की मेहंदी भी सो है मईया के माथे' में बहनें भी सो है टीका बाहर कर मेरी मईया टीका बाहर कर मेरी मईया सोलह सिंगार कर मेरी मईया सन्तोषी,Accent_unknown,Adult,Female,,,,,,1jC9Goglt25oKWIsBbzpe5mnrDrj6Rq98,01-05495-03.mp3
01-05497-02,./Audio/01-05497-02.mp3,ओढ़ मेरी मईया लाल चुनरिया ओढ़ मेरी मईया सोलह हसी वार कर मेरी मईया सन्तोषी,Accent_unknown,Adult,Female,,,,,,1KLp6GkoOXnqhTsLczkluIxl3CJxtUtby,01-05497-02.mp3
01-05534-02,./Audio/01-05534-02.mp3,मधुबनी मोहल्ला सराय के कुछ महिमंडल खुटौना हमारे समाज में आने का जमाव क्यूँ इससे कहीं न कहीं,Bihari,Adult,Male,Noise,,,Bihar,,1LAOm97lkZTcUHOx9VSJG45QzS3T_Zb-u,01-05534-02.mp3
01-05537-01,./Audio/01-05537-01.mp3,चियेंद्र मोबइलवाणी ऐसी मधुबनी जिला के सभी एवम दुर्गा के पूजन प्रारंभ हो कर के आज सब ऐसी,Bihari,Adult,Male,,,,Bihar,inaudible,1Rq6UjChDSpxgWWSzNZDOOVyFXh6_P0cX,01-05537-01.mp3
01-05540-03,./Audio/01-05540-03.mp3,एक और व्यक्ति बाइकसवार था घटना के बढ़ उसका कोई पता नहीं है,,Adult,Male,,Serious,,,,1HlDSJPqTO2NSyywXwWFatadkkriouUPB,01-05540-03.mp3
01-05539-01,./Audio/01-05539-01.mp3,कहना है पाँच लाख की लूट हुई है करने आरोप गोली मारी गयी जिससे उसकी मौत हो गयी,,Age_unknown,Male,,,,,,1UE8C8kMNRO7Fn_B8CngsRonwcqLwJuB4,01-05539-01.mp3
01-05552-02,./Audio/01-05552-02.mp3,तो A ज भी हमारे समाज मई रावण मुखी समाज A ज भी हमारे अंदर दिखाई दे रही है अगर इन सबो को जलाया जाए तो हमारा स्वच्छ और सुन्दरी दसहरा,,,,,,,,,1X48F5H_oZb_2FZGt6uzrisFS3FjKQ2V8,01-05552-02.mp3
01-05559-02,./Audio/01-05559-02.mp3,मैं तेजनारायण प्रसाद कुशवाहा जिला हजारीबाग ऐसी हमारे झारखण्ड राज्य खनिजों की सम्पदा ऐसी भरा हुआ है हमारा झारखण्ड धनी राज्य है परन्तु हमारे राज्य मैं रहा ने वाले निवासी आदिवासी मूल निवासी यहाँ के जो है वो गरीबी के मारे झेल रहे है उन्हें अभी राशन के द्वारा चावल वितरण नहीं किया जाता गरीबी रेखा के अन्दर अगर नहीं रखा जाता यहाँ के व्यक्ति लोग दिन दुखी की तरह भटक ते रहता और डेल्ही बनारस कोलकाता बैंगलोर गुजरात महाराष्ट्र देश को ये लिए पलायन करते रहता और गुजर बसर के लिए और आज भी गुजर बसर कर रहा है हमारे झारखण्ड राज्य के लोग बिल्कुल गरीब है इनकी,Bihari,Adult,Male,,,,Bihar,,1ms8Q5knLCSXFLTT_lvMDuxOy2-Y4_i9U,01-05559-02.mp3
01-05566-02,./Audio/01-05566-02.mp3,जन समस्याओं को सुलझाने की दिशा में बेहतर काज कर रहे है तो पिछले दिनों उन्होंने विधान सभा में फसल वीमा ऐसी सम्बंधित,Bihari,Adult,Male,,Serious,,Bihar,audio_jump,1e3U_MyKStE924HLtcdAtxJvkQliAnDHq,01-05566-02.mp3
01-05566-01,./Audio/01-05566-01.mp3,गोमिया के लोक प्रिय विधायक जोगेंद्र प्रसाद जी के यहाँ जिन्होने विधायक बनने के बाद लगातार,Bihari,Adult,Male,,Serious,,Bihar,,1RJzkOF9HkNj_S_z6vv5N3pa_lq5uHIJz,01-05566-01.mp3
01-05595-02,./Audio/01-05595-02.mp3,तो मैं सरकार ऐसी अनुनत करना चाहूँगा की जिस तरह बेटी के भविष्य को बचाने के लिए संग्राम सदर रही है,Bihari,Adult,Male,Noise,,,Bihar,,1iQn6ejtOKcLBYCBgCskJm8sdS81jnZ6f,01-05595-02.mp3
01-05595-03,./Audio/01-05595-03.mp3,तो इस कड़ाई आरोप ध्यान दिया जाए की जिस बेटी की शादी हो रहा है हो रही है है उनकी अठारह साल हुई है की नहीं,Bihari,Adult,Male,Noise,,,Bihar,,1AG2s2Nkrg2tLqfw1tZyn53KJlBM5lXAx,01-05595-03.mp3
01-05614-03,./Audio/01-05614-03.mp3,और अन्थम हो इलाहाबाद नेता उसमे भी हीरबांध उसका घर जो बनेगा उसमे क्वालिटी अगर देखा जाए तो गरीबों का क्वालिटी,Accent_unknown,Adult,Male,,Serious,,,,1zeG7byU8BTdsEs1wvVfev-H47MTl0Kue,01-05614-03.mp3
01-05620-01,./Audio/01-05620-01.mp3,लोग बस परेशानी होते हैं और अटल ज्योति का मन टूट जाता हैं तो बिल्कुल कोई ध्यान नहीं देता हैं और,Accent_unknown,Adult,Male,,Serious,,,,1XiaYegxKbma6hccqyI_teCCJ9El5pO9p,01-05620-01.mp3
01-05629-03,./Audio/01-05629-03.mp3,बिचौलियों ऐसी बच्चा जा सके हैं और सब सही लाभुकों को कोई इनका आवाज़ धन्यवाद मैं बीरबल माथुर महुदा,Accent_unknown,Adult,Male,,Serious,,,,1pSAULskfzzi1myshiaWTgSituUmohs-J,01-05629-03.mp3
01-05645-03,./Audio/01-05645-03.mp3,कम समय में अधिक प्रश्नों को हल करने में सफलता के लिए तैयारी के विभिन पहलु का भान रखना जरुरी हो परीक्षा ऐसी पारु सही मार्गदर्शन की जरुरत होती है,,Adult,Male,,,,,,1H4pLao6FAGoXGaKlKNLPduTxrDnin56R,01-05645-03.mp3
01-05646-03,./Audio/01-05646-03.mp3,भी सही तरीके से बनाये परिश्र्म से ही सफलता मिलती है बच्चों किसी भी तैयारी के लिए आत्मबल को उचा रखे बस पढाई के साथ साथ नियमित दिनचर्या रखे,,,,,,,,,1-4deDTg5KEVWG0-uYPqyz1Qvu8Kmme8n,01-05646-03.mp3
01-05654-02,./Audio/01-05654-02.mp3,नमस्कार मुंगेर के आवास में आपका स्वागत है मई विपिन कुमार जिला मुंगेर ऐसी बिहार के पढ़े लिखे युवा बेरोजगार भटक रहे है,Bihari,Adult,Male,,,,Bihar,,1uV4le9gf5JV6t3QZmaZ9zBuS86ofMU37,01-05654-02.mp3
01-05666-03,./Audio/01-05666-03.mp3,बोकारो जिले के चन्द्रपुरा प्रखंड में नरेश कुमार जनता की रिपोर्ट की माध्यम ऐसी जान न चाहता हूँ की इंदिरा आवास योजना हो या की प्रधान मंत्री आवास योजना,Bihari,Adult,Male,,,,Bihar,inaudible,1LTAUxPhIzsNm_PtL_NBSLp3VCyf-BYhE,01-05666-03.mp3
01-05679-02,./Audio/01-05679-02.mp3,वही रिथ्वाहिथ तूफ़ान,Accent_unknown,Adult,Male,,Serious,,,,12hs9cEqpr0fjzc0SkMdUfSmU7wxBF85f,01-05679-02.mp3
01-05678-01,./Audio/01-05678-01.mp3,शिक्षा मुझे पता चला जहाँ सरकार द्वारा शिक्षा का दीप जलाने के लिए प्रतिबद्ध है वहीँ मध्य विद्द्यालय,,,,,,,,,17N-3J9nBgbr1MYnOx9gQL1F0m7DqzPLv,01-05678-01.mp3
01-05678-02,./Audio/01-05678-02.mp3,शिक्षक बच्चों की उच्च शिक्षा देने में मुरीद नी है,,,,,,,,,1wNorJU7jbRLooOU7XO3bAOoKPqjA19o2,01-05678-02.mp3
01-05685-02,./Audio/01-05685-02.mp3,भूत महत्वपूर्ण उपाय है सरकार ने एसे इस्तेमाल करवाया है आप सभी एसे उसे करे,,,,,,,,,1oQqQ2ofdSCSrvKdlqpf01Q5bapeU7HpS,01-05685-02.mp3
01-05688-02,./Audio/01-05688-02.mp3,जिसके साथ एक गिरफ्तार जो की प्राप्त जानकारी के अनुसार दुकान में एक बोतल के साथ जप्त हुआ जिसमे,,,,,,,,,1EZJBj0t9hSIbS2ZnJ2C_mTOrZPdV7C3U,01-05688-02.mp3
01-05700-03,./Audio/01-05700-03.mp3,सांसद को वाहन खरीदने के लिए चार लाख का इंटरेस्ट मिलता है सैनिको को घर के लिए लोन भी चार प्रतिशत मिलता है और यह सब वहाँ हो रहा है जहाँ पूरा देश,Accent_unknown,Adult,Male,,,,,,1447D9Saoaz8bbeFrTT3Zu0yKqrFqxrwG,01-05700-03.mp3
01-05710-01,./Audio/01-05710-01.mp3,उन्होंने बताया कॉलेज का डिज़ाइनर पटना के सेन कंपनी के तैयार किया तथा,Bihari,Adult,Male,,,,Bihar,inaudible,1JSB4Klx5L0XkshwMpQwuQ2RC1vnXxPhs,01-05710-01.mp3
01-05709-01,./Audio/01-05709-01.mp3,इस बारे में कुछ भी कहने की प्रधानाध्यापक स्तर केंद्र,Accent_unknown,Adult,Male,,,,,inaudible,1i0Yor2JsQYqJJMO_F9Qiui20fQ8P-FuD,01-05709-01.mp3
01-05716-01,./Audio/01-05716-01.mp3,मधुबनी मोबाइल वाणी के लिए खजौली मधुबनी ऐसी रामाशीष सिंह मधुबनी जिले के खजौली स्टेशन ऐसी महज' दो किलो 'मीटर पूरब कनाहौली गाँव में लोहिया' चौक ऐसी वह चौक कनाहौली ऐसी,Bihari,Adult,Male,,,,Bihar,,1Aif7LnThgRQSBqQnB0VVoN34gFE7b8n7,01-05716-01.mp3
01-05735-02,./Audio/01-05735-02.mp3,बैठे हैं गौरा पी जी चढ़ चढ़ बैठे हैं गौरा पी जी चढ़ बैठे हैं बैठे हैं गौरा पी जी चढ़ चढ़ बैठे हैं भोले के माथे पे चंदा विराज भोले की,Bihari,Adult,Female,,,,Bihar,,1T4Olossgcb_VH1tbZZNrgjXNC27sNulN,01-05735-02.mp3
01-05760-01,./Audio/01-05760-01.mp3,कोई भी अगर ये नहीं करता है और यहाँ गाँव की साफ़ सफाई यहाँ गाँव के घरवाले ही जो कर लेते है जो की रास्ता की,Bihari,,Male,,,,Bihar,inaudible,1FgAbN9NEJnkvPJHY2vxile7dtz52lAam,01-05760-01.mp3
01-05763-03,./Audio/01-05763-03.mp3,इसके लिए मैं तहत जिला से अपने समस्या अधिकारी एवम अंचला अधिकारी को नमन करता हूँ की जिन्होने एका पवन करके बहुत ही सम्पदा एवम राज्य की सम्पदा को बचाने का काम किया हैं मैं कोटि कोटि नमन करता हूँ,Accent_unknown,Adult,Male,,Serious,,,,1NOW6DQPzERCIzcoevu9sKwJ5jt-EcS2o,01-05763-03.mp3
01-05764-03,./Audio/01-05764-03.mp3,की नदी नालों ऐसी नदी ऐसी ऐसा पाइपलाइन डलवाई जाए की आगे परेशानी का सामना नहीं करना पड़े,,Age_unknown,Male,,,,,,1fM3NQMCTSo5CYgfVjcMBkCg4v3vl5yya,01-05764-03.mp3
01-05790-03,./Audio/01-05790-03.mp3,सत्या कार्य करने वाले जब इन दोनो चरणों में नहीं घबराते और सत्य कार्य में नियम निष्ठा से लगे रहते हैं उनकी पुकार माँ सुनती हैं और जीत होती हैं साथ वही आलोचना और विरोध करने वाले भी माँ के आगे शीश नमाते हैं और माँ की जयकारा लगा कर अपने भूल के लिए छमा मांगते हैं,Bihari,Adult,Male,,,,Bihar,,152-mj4vS4Z18blhT18-BoPvox3eoICRD,01-05790-03.mp3
01-05792-03,./Audio/01-05792-03.mp3,सुचना दी है गरम सभा लगाने की और मैं झारखण्ड मोबाइल वाणी को धन्यवाद देना चाहता हूँ की वो विस्तार से,Bihari,Adult,Male,,,,Bihar,,1GRuocDfYDOQBkVCMYQlbgUFkbFnPi8Ey,01-05792-03.mp3
01-05846-03,./Audio/01-05846-03.mp3,दी जाती है नए नए सभी पुलिस एवं अधिकारियो को भी सरकार द्वारा नियमों का अनुपालन करवाने की शक्ति प्रदान की गयी हैं,,,,,,,,,1HdQ1e-N_zpXctzZBQv6n047BP2RDtfy9,01-05846-03.mp3
01-05858-03,./Audio/01-05858-03.mp3,आज भी सदर रही है कहा जा रहा है की हमारी सरकार क्या दे रही है इस राज्य की जनता को इसी सबक के साथ,,Age_unknown,Male,,,,,,1tElflMmZ8EI8NLKT8rDRSE7WRT4JmHPf,01-05858-03.mp3
01-05873-01,./Audio/01-05873-01.mp3,इकीसवी सदी महिलाएं आजकल अपने बच्ची को किसमिस के बारे में जानकारी जानकारी के साथ साथ लोगो को प्रोत्साहित करने की गुण शिखा रही है जिला प्रबंधक सत्यानन्द कुमार ने बताया की अमरनाथी जिले में मटिया गाँव को किसमिस बनाने का लक्ष्य रखा गया है,,Adult,Male,,,,,,1AfwQePtkWPBcnK1w8Dk5Pv9xO6Pz8wvc,01-05873-01.mp3
01-05902-03,./Audio/01-05902-03.mp3,केंद्रीय मंत्रियों ने झाड़ू उठाने का काम किया उन्होंने सन्देश दिया इस देश को की जिस प्रकार ऐसी,,Age_unknown,Male,,,,,,1utc8enL8ltPnhrqLT_wBjW_-D2jpxyWq,01-05902-03.mp3
01-05911-01,./Audio/01-05911-01.mp3,उन्होंने बताया की इसके अलावा घोसारण रेलवे के समय प्वाइंट के बिबान हितके क्रासिंग,,,,,,,,,1uWf1K1-XxDv0sWktu3BgzFykeo64R63z,01-05911-01.mp3
01-05918-02,./Audio/01-05918-02.mp3,मई दीपक कुमार राव मुंगेर की आवाज ऐसी रविवार को जिला स्वास्थ्य सदर में,,Adult,Male,,,,,inaudible,1dxblQFjzyafADjTpnjRU7-DN2Yt0dORy,01-05918-02.mp3
01-05962-01,./Audio/01-05962-01.mp3,राजनीति क्षेत्र में कई राज्यों ऐसी,Accent_unknown,Adult,Male,,,,,inaudible,1UF-uysJsBq55vhxeRCWe-_kCwriUYjvZ,01-05962-01.mp3
01-05963-02,./Audio/01-05963-02.mp3,मुंगेर की आवाज के साथ धन्यवाद,Accent_unknown,Adult,Male,,,,,inaudible,1X7YUIDoAMYqA0NVXTj1nfeQQ4V8acrHj,01-05963-02.mp3
01-05986-01,./Audio/01-05986-01.mp3,इससे में अक्सर विचार दे रहा हूँ की सर्वप्रथम बन की अवध कतई ऐसी हमारी पर्यावरण आरोप असर हमें देखने को मिलता है,Bihari,,Male,,Sad,,Bihar,,12KsCXgEgbfOz6HVH9dhKL8DQkQXY8qQq,01-05986-01.mp3
01-05994-02,./Audio/01-05994-02.mp3,बच्चे का व्यवहार अपनी माँ बाप की साथ पदों पडोसी की साथ यहाँ तक की बच्चे ही नहीं एजेड और नौजवान,Bihari,Adult,Male,,Serious,,Bihar,,14foD0JNkJH4Mb_8soBdqbclQ3N0rIQ5B,01-05994-02.mp3
01-06015-03,./Audio/01-06015-03.mp3,क्यूंकि पाण्डेय मोबाइल सभी मोबाइल सुनने,,,,,,,,inaudible,1Q2au_QYcADK7yf75Aiy86rQ5QiS8mjIJ,01-06015-03.mp3
01-06024-01,./Audio/01-06024-01.mp3,सुप्रीम कोर्ट ने जब ये आदेश दिए है की आधार कार्ड कोई जरुरी नहीं है फिर भी सरकार आधार कार्ड का इतना महत्व जो है दिया जा रहा जिससे,Bihari,,Male,,,,Bihar,audio_jump,1jqkKzNQGIoHNNr8n40cWuqM8-q0W8Uv2,01-06024-01.mp3
01-06024-03,./Audio/01-06024-03.mp3,नहीं उठता है परन्तु उसे आधार कार्ड बनाने के लिए जोर दिया जाता है यह दुर्भाग्यपूर्ण बात है की हमें,Bihari,,Male,,,,Bihar,audio_jump,1knS0MZh9DMAlCO2r7aLd4__7oq4l4F2i,01-06024-03.mp3
01-06045-03,./Audio/01-06045-03.mp3,जाम की स्थिति,Bihari,,Male,,,,Bihar,inaudible,1IAqZgxPxTvQWQe-g0Fm50mFhdIxPph3h,01-06045-03.mp3
01-06076-02,./Audio/01-06076-02.mp3,मैं दीपक कुमार मुंगेर की आवाज ऐसी दरियापुर प्रखण्ड के अंतर्गत MAD विद्यालय हरिसन कल्याण टोला में निजी युवा केंद्र मुंगेर के सौजन्य ऐसी पाँच दिवसीय प्रशिक्षण शिविर का शुभारम्भ किया गया,Bihari,Adult,Male,,,,Bihar,,1DvAIQ63ICXtoPOUsUbqNCp_BG49qHtX0,01-06076-02.mp3
01-06085-03,./Audio/01-06085-03.mp3,सुग्दी यादव जो जिसका उम्र करीब चालीस पैतालीस वर्ष है वो आँख ऐसी,Bihari,Adult,Male,,,,Bihar,,1jtn3FX4jZhblb0s-yCJMY89OAyGahufn,01-06085-03.mp3
01-06091-01,./Audio/01-06091-01.mp3,व् ऐसी करवाए जब वो ऐसी करवाए तो उसको सही इलाज हुआ आज वो दोनो ही बचे देख रहे है साथ ही एक बुज़ुर्ग,Bihari,Adult,Male,,Serious,,Bihar,audio_jump,1oRv5_RyG4En24Qmx7oLqQbq6P8-cyXg2,01-06091-01.mp3
01-06099-02,./Audio/01-06099-02.mp3,राष्ट्रीय मुख्या विद्द्यालय संस्थान बड़ा प्रणाम पत्र दिया जायेगा परीक्षा मैं पन्द्रह वर्ष ऐसी ऊपर आयु बाहर के महिला पुरुष शामिल हुए थे मैं दिलीप पांडे मोबाइल वाणी न्यूज़ एक्सप्रेस ऐसी,,,,,,,,inaudible,1ft-YsE6yZDFke2Qy3mwj3Y2lf7hJnkR-,01-06099-02.mp3
01-06121-01,./Audio/01-06121-01.mp3,मई संजीत कुमार रिपोर्टर सूचना का अधिकार कानून लागू हुआ ये बिहार की होना बहुत जरूरी है क्यूँकी अब नही हो रही है गाँव के लोगो ऐसी ये बात,Bihari,Adult,Male,,,,Bihar,inaudible,17YeUcbRIBQpl_DIR-dw0pexlF7iiJh_q,01-06121-01.mp3
01-06139-01,./Audio/01-06139-01.mp3,उनका कहना है की पिछले तेरह वर्ष से मजदूर की तरह जीवन जी रहे है और खुद,Bihari,Adult,Male,,Serious,,Bihar,,1X2pNedbRHBEALatERBseKQMarkUvNjHU,01-06139-01.mp3
01-06149-01,./Audio/01-06149-01.mp3,जिला स्तर से प्रखंड स्तर के अफसरों कमीशन खोरो दलालों बिचौलियों ठेकेदारों की मिली भगत से चलाये जा रहे लुट खसोट की नीतियों की व्यवस्था के चलते दम तोड़ रही है,,,,,,,,inaudible,1GAjGDQVzauW38dmYxxNC4Z5m0-GgFmxk,01-06149-01.mp3
01-06219-03,./Audio/01-06219-03.mp3,विशेषकर गाँव कस्बे के लोगो को भोजपुरी गाना में शोर रहता है इसके लिए बिहार सरकार को चाहिए की भोजपुरी गहनों पे रोक लगायी जाए,,Adult,Male,,,,,,1PByOkEc0WxpxUCgyAMawa6rABrz7efJ6,01-06219-03.mp3
01-06229-01,./Audio/01-06229-01.mp3,अरे कहाँ गई मेरे अम्बे मईया भक्ति मचा में शोर नवरात्री का महीना,Bhojpuri,Adult,Female,Music,,,,audio_jump,1q56Opujs6_Bj7_ULJM3oqjKVZsf6oP_c,01-06229-01.mp3
01-06230-03,./Audio/01-06230-03.mp3,नमस्कार जोहाड़ में बताना चाहता हूँ देखा जा रहा है की जहाँ प्रखंड,Accent_unknown,Adult,Male,,,,,inaudible,1myUdarHdb7RgSgFiqKhuqPsjJ0dx5pkf,01-06230-03.mp3
01-05826-02,./Audio/01-05826-02.mp3,सबको झारखंडी जो है हजारीबाग मोबाइल मीडिया रिपोर्टर विष्णु गाँव प्रखण्ड क्षेत्र कार्य का का चाहे वो आप टीबी मीडिया हो या इलेक्ट्रॉनिक मीडिया,Jharkhandi,Adult,Male,,,,Jharkhand,audio_jump,1EESKbC3rC2rEgtcMYb3tzm5rPsIOjJuh,01-05826-02.mp3
01-05826-03,./Audio/01-05826-03.mp3,यह खतरनाक कार्य है कोई व पत्रकार को एक सख्ती ऐसी जाँच परख कर ही कोई खबर आरोप प्रकाशित होता है,Jharkhandi,Adult,Male,,,,Jharkhand,audio_jump,1Pu4XWQ5whF136Ky_epAPv4F_XuJmGtCT,01-05826-03.mp3
01-06252-02,./Audio/01-06252-02.mp3,भ्रष्टाचार कांड किसी वे भी छुपी हुई नही है किसान ऐसी लेकर आम अवनित भी इसको रोकने के लिए आम नागरिकों में जागरूकता लाने की आवश्यकता,,,,,,,,,1dgX9S3pUzjEHR26s17meJWP6UoYtuqBS,01-06252-02.mp3
01-06268-01,./Audio/01-06268-01.mp3,सरकार कुछ काम नहीं कर रही है सरकार पूरे हाथ खड़ा कर रखी है,Bengali,Adult,Male,,Serious,,West_bengal,,1lYjrOhn3poccabfaLTDHkZ5PYPaJiyLZ,01-06268-01.mp3
01-06312-03,./Audio/01-06312-03.mp3,मई ही हूँ संसार में समाजवाद गांधीवाद मई ही हूँ लोकतंत्र राज तंत्र मई ही हूँ मई ही कभी राम कभी रावण बन जाती हूँ,Bihari,Adult,Male,,Serious,,Bihar,"audio_jump,inaudible",18OFbUyLthyqhVImfkx3VLeViFEk3plLn,01-06312-03.mp3
01-06316-02,./Audio/01-06316-02.mp3,में मच्छरदानी का प्रयोग करे मच्छरों का दूर भगाने वाली क्रीम अभी भी बाजार में उपलब्ध है तो आप यह लेकर अपनी,Bihari,Adult,Male,,Serious,,Bihar,audio_jump,1qlVRdJOB_mN13B_To4hHbAR7VuUl7Cn2,01-06316-02.mp3
01-06337-03,./Audio/01-06337-03.mp3,उनसे मई जानना चाहता हूँ आखिर मलेरिया कैसे होता है और उसके बचाव कैसे किया जा सकता है मई कविता धर राजकीय के महाविद्यालय की शिक्षिका हूँ मई मलेरिया के बारे में कुछ,Bihari,Adult,Female,,Serious,,Bihar,speaker_change,14QUF2J7as_lEVE_LfEnHK0OH5oTk2xx-,01-06337-03.mp3
01-06365-02,./Audio/01-06365-02.mp3,क्यूँकी यहाँ के लोगो को सामान्य नागरिक सुविधा का शुद्ध पेयजल सुन्दर अथवा स्वास्थ्य वातावरण,Accent_unknown,Adult,Male,,Serious,,,,1x9ZlrvKU4_8x5awiH7nEICfVh8y89vMR,01-06365-02.mp3
01-06378-01,./Audio/01-06378-01.mp3,होता है ऐसे में इससे बचाव बेहद ज़रूरी है इस मौसम में खाली पेट कभी नहीं रहना चाहिए शरीर को भी ढ़क कर रखना बहुत आवश्यक है कोशिश करनी चाहिए कि जब भी बाहर निकले,,,,,,,,,16xqLj9x3PxKLs7TA0PsfF11VPZb2tAVo,01-06378-01.mp3
01-06382-02,./Audio/01-06382-02.mp3,प्याऊ को करने की मांग की है लोगो ने कहा है की राहगीरों को लाभ मिलेगा एवं ग्रामीणों को भी लाभ मिलेगा,Bihari,,Male,,,,Bihar,inaudible,1Uq-fgSKrfhf14AJRcBwdBUu9F4XWoK6_,01-06382-02.mp3
01-06401-01,./Audio/01-06401-01.mp3,पानी की एक एक बूँद के लिए तरस रहे आदिवासी समुदाय के लोग है रिपोर्टर बोकारो मोबाइल मीडिया बोकारो ऐसी,Bihari,,Male,,Sad,,Bihar,inaudible,1zbPimS21m-HK9uer1mB4PetTrqzhrqRD,01-06401-01.mp3
01-06418-01,./Audio/01-06418-01.mp3,माँग लगातार की जा ही रही है मुंगेर शहर के बस्गाधा शेरपुर इत्यादि क्षेत्रों में बिजली विभाग के अधिकारी जुगाड़ के सहारे ही काम चला रहे है,,,,,,,,,1O8Uwkzsq5wPYVHlRf6yI_GY-ddsIttXh,01-06418-01.mp3
01-06436-03,./Audio/01-06436-03.mp3,पहले प्राथमिक में थाना अध्यक्ष ने कहा की जिसे सुबह छे बजकर बीस मिनट में मेरे सरकारी मोबाइल आरोप सूचना मिली की की जड़ में एक लाख ऐसी,,Adult,Male,,,,,inaudible,1VEY7x6cMJs14Tw5jw1VR1OCdrcglg5Vd,01-06436-03.mp3
01-06442-02,./Audio/01-06442-02.mp3,#incomplete में राज्य अव्वल रहा और इसके लिए पुरुस्कृत भी हुआ राज्य में स्त्री पुरुष अनुपात में काफ़ी फर्क है दो हज़ार ग्यारह की जनगणना में बताती है कि यहाँ प्रति पुरुष एक हज़ार पर,Bihari,Adult,Male,,,,Bihar,inaudible,1MjX6V1kj3Ar86MODHzDai23znlj5_hTM,01-06442-02.mp3
01-06464-01,./Audio/01-06464-01.mp3,हालत यह है की सुबह के पहली शाम एवं रात में भी बिजली क्या दी जाती है यह ग्रामीण क्षेत्रो का भी यही हाल होता जा रहा है,Bihari,,Male,,Sad,,Bihar,inaudible,1S5EfSiEIrb-ASV4vckyy3vNXXx2h9fzv,01-06464-01.mp3
01-06464-03,./Audio/01-06464-03.mp3,केंद्रीय विद्द्यालय का दर्ज़ा देने की राज्य सरकार को केंद्र सरकार ऐसी करना चाहिए क्यूँकी वर्तमान में स्कूल का अंतर,Bihari,,Male,,Sad,,Bihar,inaudible,1SYSipiN_BzQQBd7LoSyBInNltputxS5F,01-06464-03.mp3
01-06471-01,./Audio/01-06471-01.mp3,पंद्रह रुपया का पानी खरीद कर पीने को मजबूर हैं,Bihari,Adult,Male,,,,Bihar,inaudible,1SiWfkmH8NJnnCr7j2XTGYBqDxhi12gzI,01-06471-01.mp3
01-06489-02,./Audio/01-06489-02.mp3,नमस्कार मोबाइल वाणी रिपोर्टर मुकेश राज बेटी पढाओ बेटी बचाओ के के भव्य रैली का निकाली गयी,Bihari,Adult,Male,,,,Bihar,inaudible,1e4Fmyf4TOPx-P1CDJcTksQIYr6qnbGu1,01-06489-02.mp3
01-06496-01,./Audio/01-06496-01.mp3,आरोप लीग मुझे गिराने मैं कई बार गिरा सवाल जोहर का नहीं था वो तो मैं पी गया तकलीफ़ लोग को तब हुई,Accent_unknown,Adult,Male,,Happy,,,,1XDYmnahUbCJ9wIs-aUdTjI_4rx2iow57,01-06496-01.mp3
01-06503-02,./Audio/01-06503-02.mp3,लोग इस मौसम का मज्जा उठा रहे है बढ़ती गर्मी में दिन में जहाँ आम लोगो को घर ऐसी बाहर निकालना मुश्किल,Accent_unknown,Adult,Male,,Happy,,,,1uDSNwopX1qbB3naWO1I69NWlhi10Qu4T,01-06503-02.mp3
01-06511-02,./Audio/01-06511-02.mp3,कर खुटौना आज भी इ ग्यारह बजे झमाझम हुई बारिश और जल जमाव ऐसी लोगों परेशानी गुरुवार सुबह ऐसी रुक रुक हो रही वर्षा ऐसी जनित हो गया है खुदा न बाजार की स्थिति नाज़ुक,Accent_unknown,Adult,Male,,,,,,1aw-QcyJ6zIPn0rbJpOdVcIhmmbgTyHWP,01-06511-02.mp3
01-06544-02,./Audio/01-06544-02.mp3,छिपी हुई बात नही है सभी भाली भांति जानते है धन्यवाद,,Adult,Male,,,,,,14Ei6KaI1OkvNncmcX3LulAZKwPqv3qpZ,01-06544-02.mp3
01-06584-01,./Audio/01-06584-01.mp3,अपराधियों को ऐसा सबक सिखाना चाहिए की वो लोग सपने में भी पड़ता करने की नही सोच सके,Bihari,Adult,Male,,Serious,,Bihar,inaudible,1MMIVcvl8bDlWqJyDbLh97KawkL1DjriN,01-06584-01.mp3
01-06627-01,./Audio/01-06627-01.mp3,नातुनी पाण्डेय मनरेगा मजदूरों को दिन जल्द ही मनरेगा मजदूरों को तालाब खोदवाए जायेंगे और चारो और फलदार पौधे लगेंगे,Bihari,Adult,Male,,Serious,,Bihar,"audio_jump,inaudible",19heLfHeV7CVfic5BLuyIIZVxiZiV_Rua,01-06627-01.mp3
01-06634-03,./Audio/01-06634-03.mp3,अभी देखिये आज भी दहेज़ प्रथा एक बहुत ही सामाजिक बुराई है जिसमे की लड़के वाले और लड़की वालों में जो आप की प्रेमभाव फ्रेंड हो जाता है वो रहेंगे ज्यादा दहेज़ के कारण आजकल लड़कीवाले लड़कियों को भी पड़ते हैं लेकिन जब वो लड़की वाले लड़को के घर जाते हैं शादी के लिए तो सीधे पाँच लाख दस लाख न भी पढ़े रहे लड़के को यही तीन लाख छह LUK लाख रूपए एक दमसे उसकी कीमत लगाके,Accent_unknown,Adult,Female,Noise,,,,audio_jump,1Z3XuzeC4ej51wkmKcgvbbjzq7KQlKSzP,01-06634-03.mp3
01-06650-03,./Audio/01-06650-03.mp3,नमस्कार मुंगेर की आवाज़ में आपका स्वागत है में बिपिन कुमार जिला मुंगेर ऐसी,Bihari,Adult,Male,,,,Bihar,,13aUnFc1SHSzIj4rCEqRhuUChTLBUInTL,01-06650-03.mp3
01-06660-02,./Audio/01-06660-02.mp3,इस दिवस आरोप सरकार नेता अपने विज्ञापन देकर अपना लम्बा चौड़ा तस्वीरों के साथ समाचार पत्र आरोप लंबी बातें या घोषणा करेंगे और विज्ञापन आरोप लाखों पैसा खर्चा करेंगे,Accent_unknown,Adult,Male,,,,,,1qrr5-i93-1Yltl59Cax5JSk9krHioGMQ,01-06660-02.mp3
01-06664-03,./Audio/01-06664-03.mp3,तथा भारत ऐसी बाहर तक के देशो में भी अभी अंतराष्ट्रीय मई दिवस मनाया जाता है अठारह सौ बीस इस्वी ऐसी दुनिया के अनेक देशो में मजदूरों ने मांग की थी,Bihari,Adult,Male,,Serious,,Bihar,audio_jump,1v7UWNPvm9aXhP05udy6f65aPzX9bpy60,01-06664-03.mp3
01-06675-01,./Audio/01-06675-01.mp3,नमस्कार मुंगरे की आवाज़ में आपका स्वागत है मैं बिपिन कुमार जिला मुंगरे ऐसी चकबंदी के फायदे बिहार में चकबंदी होने और प्रत्येक पांच एकर आरोप,Accent_unknown,Adult,Male,,,,,,1FM2mq5NtB8b3pBmnfOaMF3vhJgxEVo9D,01-06675-01.mp3
01-06688-01,./Audio/01-06688-01.mp3,जब विकास या बदलाव का बात सामने आता है तो उसमे सबसे अहम और महत्वा मजदूरों का होता है कहने को तो बामदल अपने को मजदूर किसान का पार्टी साबित कर तो दिया मगर आज कहीं दिखा नहीं,Bihari,Adult,Male,,Serious,,Bihar,audio_jump,1VMFSdmAhRYhGBtkSeAgu9D18b5adjnpx,01-06688-01.mp3
01-06705-01,./Audio/01-06705-01.mp3,यहाँ सच मुच कृषि प्रधान देश के लिए एक गंभीर प्रश्न है सरकार को इस आरोप गंभीरता दिखानी चाहिए कहीं इसकी वजह भ्रष्टाचार तो नहीं है,Accent_unknown,Adult,Male,,,,,,1aYv7i46uOadCDXwafjsXsjm-7S2kQxEH,01-06705-01.mp3
01-06732-01,./Audio/01-06732-01.mp3,जबकि पड़ोसी ज़िला लखीसराय में ऐसी बाते नहीं है प्रधानमंत्री नरेंद्र मोदी के द्वारा चलाया गया स्वच्छता अभियान बिहार के लिए एक अभिशाप बन कर रह गई है बिहार में इन दिनों अब लोकसभा चुनाव की तैयारी में सभी पार्टिया अलग अलग आत्ममंथन में लगी है,,Adult,,,,,Bihar,,11XDsRkNcndcrgAPe2-hJjboBeAs67CxG,01-06732-01.mp3
01-06743-03,./Audio/01-06743-03.mp3,प्रतिनिधियों तथा बीकानेर ऐसी गुहार लगायी गाई थी लेकिन उनके द्वारा कोई काम नहीं की गाई पानी के लिए मारा मारी होती जा राही हैं,Accent_unknown,Adult,Male,,,,,inaudible,1swXilfEgakmfsUqrabG144g8C2juBPtp,01-06743-03.mp3
01-06753-03,./Audio/01-06753-03.mp3,चौरानबे उनचास है मिनी ट्रैक पलटने से होटल की मिठाई पूरी तरह नष्ट हो गयी है धन्यवाद,,Adult,Male,,,,,,17kUD1QEtpKlxc1e9PqZy0K2dr5w0zmve,01-06753-03.mp3
01-06787-03,./Audio/01-06787-03.mp3,इसकी अच्छे समाज की का भी कल्पना की जा सकती है और महिलाएं पुरुष ऐसी कदम ऐसी कदम मिला के सदर सकती है,Bihari,,Male,,Sad,,Bihar,inaudible,1rpV1fml0idO3ToqFhZvmVtD2dti4W75x,01-06787-03.mp3
01-06792-02,./Audio/01-06792-02.mp3,विकास योजनाओ को आगे बढ़ाने के लिए लोगों तक पहुँचाने के लिए स्वयंसेवक की जो बहाली हुई है,Bihari,,Male,,,,Bihar,,1x1VXddFtpZ8ohengUrebPTN6PRzwKAiE,01-06792-02.mp3
01-06802-02,./Audio/01-06802-02.mp3,हुए इ विभिन्न वाल्या में नरसी भक्तों की फिर भिड उमड़ पड़ी श्री भक्तों ने स्नान कर पवित्र होकर अच्छे फुल जल पत्र आदि शिवलिंग आरोप चढ़ाया एवम श्री गंगा के जल को गंगाजल स्नान कर शिवलिंग आरोप,,Adult,Male,,,,,,1K96sDVlfYmnQUDYVcH-Dl0NU-DT0whkQ,01-06802-02.mp3
01-06839-02,./Audio/01-06839-02.mp3,जब असुहानी आने लगती थी छु छु आवाज़ हवा मई उड़ती रहती थे उनके पूछे थोड़ी ऐसी ऊँची मेथी मोर के जैसे दिखने मई एल जी रहा था,,,,,,,,,1NSpw6tzJIFCPRr648rTGm9_bJDCSYV6z,01-06839-02.mp3
01-06843-03,./Audio/01-06843-03.mp3,सकता देखिये महिला घरेलु हिंसा यह मूल कारण है शिक्षा में कमी की वजह ऐसी जो है महिलाओं के साथ हिंसा हो रही है हिंसा रोकने के लिए सर्वप्रथम महिलाओं को दुर्गा का रूपए धारण की हुई है इसीलिए करके सम्मान महिलाओं को किया जाना चाहिए महिलाओं को शिक्षित होना आवश्यक है महिलाओं को पुरुष कभी कभी परेशानियो में डालते है ये,Bihari,Adult,Male,,Serious,,Bihar,"audio_jump,speaker_change",1BzEF2g9MEIttSz7STawyfZY0t2x6YZWC,01-06843-03.mp3
01-06846-02,./Audio/01-06846-02.mp3,बैठक बुलायी की प्रथम युवकों ऐसी प्रखंड के सभी इस मौके आरोप प्रति निधियों को संबोधित धित करते हुए सकी दीदी यों ने दीदीयों ने कहा की की आगामी अठारह,Accent_unknown,Adult,Male,,,,,audio_jump,1Iehf3LflXGtSkUIRIKl6aVtyQl49YMZk,01-06846-02.mp3
01-06864-03,./Audio/01-06864-03.mp3,बच्चों के साथ विश्वासघात करना बराबर है अतः अब इससे रोकने के लिए समाज के साथ सभी वर्गों को आगे आना होगा बालविवाह को रोकना होगा बच्चों का अधिकार देना होगा उनके,Bihari,,Male,,Sad,,Bihar,inaudible,1KZTJFCqwdOSJqi6nryS63SFutnoELfv2,01-06864-03.mp3
01-06863-02,./Audio/01-06863-02.mp3,नमस्कार आवाज मई आप का स्वागत है मई बिपिन कुमार जिला मुंगेर ऐसी मदरस डे के उपलक्ष मई आज हम लोग सभी मिल के लिए संकल्प ले की,Bihari,Adult,Male,,,Munger,Bihar,,18CdJkF2bFvatAT0OU7oTv36MnDkEhiSB,01-06863-02.mp3
01-06887-03,./Audio/01-06887-03.mp3,की जाएगी जिसमें प्रथम दिन से ही साइंस व आर्ट की परीक्षा आयोजित की जाएगी वहीं प्रधानध्यापक ने परीक्षा प्रभारी विद्यालय के वरीय शिक्षक अब्बास हुसैन को मनाया है,Bihari,Adult,Male,,Serious,,Bihar,,1No0UUhktqxFsygO9hsZaFXUiV75ULyCI,01-06887-03.mp3
01-06897-03,./Audio/01-06897-03.mp3,तो हम यह स्थिति को स्पष्ट करना चाहेंगे की मुख्या मंत्री महोदय के गिरी जिला में एक ही व्यक्ति दो दो पड़ पे आखिर क्यूँ,Bihari,,Male,,Serious,,Bihar,,18aSCF6M8tbAN2qVY9MdELzt8AQynhyCV,01-06897-03.mp3
01-06923-03,./Audio/01-06923-03.mp3,दूसरी और हर कार्यालय में आज कर्मचारियों की कमी ऐसी लोगो का काम समय ऐसी नहीं हो पा रहा है अतिरिक्त प्रभावी देखकर काम चलाया जा रहा है,Bihari,Adult,Male,,,,Bihar,inaudible,1-c_zM48ezEX0cNK8Jdya_oAEpOEEKhdV,01-06923-03.mp3
01-06924-02,./Audio/01-06924-02.mp3,घर में दहेज़ के कारण भी महिला का प्रताड़ित होती है कई जगह पर लड़की को जला भी दी जाती है कई जगह खुद ही बर्दास्त नहीं करती और खुद जान दे देती है इस तरह से महिलाएँ अनेक जगह से प्रताड़ित होती रहती है समाज में दहेज़ प्रथा ही मुख्य रूप से ज़िम्मेदार है इसके कारण महिला के भविष्य पर प्रश्न चिन्ह लगा जा रहा है,Bihari,Adult,Female,,,,Bihar,inaudible,1Nn4IaHeagjFCZxl6u2aO2848vjx8UOL9,01-06924-02.mp3
01-06924-03,./Audio/01-06924-03.mp3,तो इस पकाऊ के लिए कुछ उपाय कालीन तैयार रहना होगा,Bihari,Adult,Female,,Serious,,Bihar,inaudible,1fMk4BsM5DYX0dSifqRVbTFjXFEfkxD_w,01-06924-03.mp3
01-06937-02,./Audio/01-06937-02.mp3,जिससे बाजार मई जल मीनार का होना आती आवश्यक है जिसमे काफी हद तक जल सिम की समस्या पर इजाद पाया जा सकता है बाजार मई जल की इतनी किल्लत है,,,,,,,,,1fy83X79XMFaMhCUmeonHejnNkWvyrEKv,01-06937-02.mp3
01-06940-01,./Audio/01-06940-01.mp3,को औरतों की एक समूह बनाये जाए उसको ले जा कर कर के हर घर में उसको जनहित किया जाए और जो पीड़ित है,Accent_unknown,Adult,Male,Noise,,,,,1RbwuEWXjtpwpHNIA_JJm5qA6CqFAFGoW,01-06940-01.mp3
01-06955-02,./Audio/01-06955-02.mp3,मुखिया के द्वारा भी ये बात बताया गया आम पब्लिक के द्वारा और गठन कस्टम अधिकारी को भी ये बात बताया गया की किसके लिए मत्था साबित नहीं,Bihari,Adult,Male,,Serious,,Bihar,,1ErrMH-VboZhItRP4uxGQ-brWH4ivcelS,01-06955-02.mp3
01-06971-02,./Audio/01-06971-02.mp3,की ज़मीन है तो जहान है ज़मीन है तो किसान है जनता का भी ख़्याल नहीं कर के किसानों का ख़्याल नहीं कर के मजदूरों का खयाल नहीं कर के इसमें,,,,,,,,,1PNW3uA7R3DXmEmGRdMUVMq8CcSVbCHBB,01-06971-02.mp3
01-06976-03,./Audio/01-06976-03.mp3,जीवन और कहीं बाढ़ की सभुथी सम्भु रॉय MER गड है आता मनुष्य जीवन को साथ तक प्रतिष्ठित बनाने के लिए एक्का रूपए अम्लीय किए है कहा गया है अमृत तथा विद्या ऐसी के,,,,,,,,,1wAnlPLmbtBoXDfoTunoZdPeuhYhc4vtt,01-06976-03.mp3
01-06978-03,./Audio/01-06978-03.mp3,शिक्षको की अहम् भूमिका है धन्यवाद,Accent_unknown,Adult,Male,,,,,,1gf9cm5m0XacxHL05Z9-av0y7mRr9SqnT,01-06978-03.mp3
01-06987-03,./Audio/01-06987-03.mp3,पेट्रोल पंप आरोप तेल डलवाओ एल इ डी बल्ब ट्यूब लाइट' ले जाओ और जल्द ही लोग पेट्रोल पम्प आरोप ऊर्जा एल इ डी बल्ब ट्यूब लाइट' और ठप के पंखे बहुत सस्ते दामो मैं खरीद सकते हैं उपभोक्ताओ करने के लिए एल इ डी दो सौ तीस रूपए मैं और ट्यूब लाइट' ग्यारह सौ पचास रूपए मैं चाट के पंखे 'मिलेंगे तीन सरकारी पेट्रोलियम इंडियन आयल और भारत पेट्रोलियम ये उपकरण सरकारी कंपनी एनर्जी एसोसिएशन लिमिटेड आउट सोर्स करेगी नमस्कार साथियो,,,,,,,,inaudible,1nLF7Mpun5pdR5MTjDXmbUs2k1JaSMf4Y,01-06987-03.mp3
01-06998-02,./Audio/01-06998-02.mp3,बचे घूमते फिरते हैं और आम को भी सेवन कर रहे हैं घर के लिए भी चोखा चटनी के लिए वो ले जाया करते हैं बगीचा को लगने के लिए नारायण का दिन हैं और उन के गुरु भार्गव दास अखाड़ा के नाम ऐसी ये बगीचा का नाम सपोर्ट हैं आज ये बचे इस बगीचा मैं अपने आप को खेल कर के और कबाड़ी AAA फुटबॉल क्रिकेट अन्य तरह के खेलो कर के बचे अपने आप को मनोरंजित कर रहे हैं और गर्मी की छुट्टियां बिता रहे हैं धन्यवाद राजा नारायण के द्वारा इस तरह का निर्माण बगीचा किए थे जो आज बच्चों के मनोरंजन का साधन बना हुआ हैं धन्यवाद मैं तेजनारायण प्रसाद कुशवाहा हजारी बाग MEDAI रिपोर्टर ऐसी,,,,,,,,inaudible,19R3VDp-4QpceVKpQcvEzLxVgiJEG39cR,01-06998-02.mp3
01-07001-02,./Audio/01-07001-02.mp3,कदाचार मनुष्य के भ्रष्ट होने की प्रक्ष्ता है कदाचार का मुख्य कारण भौतिक बाद है आज जिस तरह पैसे की हनक मनुष्य के सिर के सिर आरोप सवार हो गई है उसे मनुष्य यह मान बैठा है की,Bihari,Adult,Male,,Serious,,Bihar,,1I1fBrepQa_-vCRG8CSxogUsQ8Aokb9Ub,01-07001-02.mp3
01-07001-03,./Audio/01-07001-03.mp3,की पैसे से वह किसी को भी ख़रीद सकता है या उसका शोषण कर सकता है यह मनुष्य की सबसे बड़ी भूल है कि जो पैसा उसके जीवन जीने का एक साधन मात्र था,Bihari,Adult,Male,,Serious,,Bihar,,1jCdU7RD4tS0A4LN4JW9U4OpXbQod7bkV,01-07001-03.mp3
01-07004-03,./Audio/01-07004-03.mp3,इस की राशि टुकड़ी टुकड़ी में स्कूल ओ ताक पहुँच टीम हैं ऐसे में गड़बड़ियां का ताल्लुक छोटा छोटा परन्तु आकड़े बारे होते हैं अध्यक्ष संजय स्वराम का कहना हैं की,Bihari,Adult,Male,,Serious,,Bihar,inaudible,1I2JNX9XUGJjzAQ43jzg-gTnKU8f4DcLA,01-07004-03.mp3
01-07018-03,./Audio/01-07018-03.mp3,कम उम्र मैं गर्भवती हो जाने पर गर्भपात,,,,,,,,inaudible,18uW4WVbZKrN0gPcC6vz8i0w32Ggo4Day,01-07018-03.mp3
01-07022-01,./Audio/01-07022-01.mp3,पर जल्द ऐसी जल्द इस शौचालय तथा गडा जाए ताकि आम यात्रियों को आने जाने मई परेशानी न हो और A ज उसे चापाकल लुल बाथरूम रहने ऐसी,,,,,,,,inaudible,1oowzVpPYoA8p2ui5LJpPN4jHB-NpIJg0,01-07022-01.mp3
01-07090-02,./Audio/01-07090-02.mp3,योजना को चाहर लिया जाता है अगर योजना स्वीकृति करने की बात आती है तो रिश्वत लेने की बात होती है और पंचायत सचिव और पंचायत प्रतिनिधि,Bihari,Adult,Male,,Serious,,Bihar,,1W0S-m3IZy4S-5DdwnIOUzyW7V4PgDTPF,01-07090-02.mp3
01-07108-03,./Audio/01-07108-03.mp3,का कारी हो मईया हूँ गेली निर्भर,Bhojpuri,Adult,Male,,,,,,15rxMbg05ImDWU4OulDxBfgL8Foxju8cj,01-07108-03.mp3
01-07106-02,./Audio/01-07106-02.mp3,ऐसी बारह पढ़इबे सारा,Bihari,,Male,,,,Bihar,inaudible,12QXwBF-fqabOSe71Z0KyHwoklUM1w_-C,01-07106-02.mp3
01-04792-01,./Audio/01-04792-01.mp3,ताहि देहल किसीको कौन्ह करे सोहात है बे हालत,Bihari,Adult,Female,,Happy,,Bihar,,1vKh1EdvX_CgXGiGOLATgy3nNrtCDuFeZ,01-04792-01.mp3
01-07109-03,./Audio/01-07109-03.mp3,इधर शिंगा ऐसी खबर मिली है की चंचल बैंक सिन्हा परिवार के शाखा प्रबंधक गुनन राय चौबे का बिदाई समारोह आयोजित किया गया समारोह में इनके कार्यकाल की बुरी प्रसंशा की गयी,Accent_unknown,,Male,,,,,audio_jump,1nKC0KgM8mCd8Muv3G7BewDDg3yDj7dnO,01-07109-03.mp3
01-07120-02,./Audio/01-07120-02.mp3,मेरा नाम निधि द्विवेदी है मैं ग्राम सोनवारी ज़िला सतना से बोल रही हूँ मैं महिला सशक्तिकरण के बारे में कुछ कहना चाहती हूँ सशक्तिकरण एक प्रक्रिया है,,Adult,Female,,,Satna,Madhya_pradesh,inaudible,1ct26QNls571EfFJPxYKGrwe8r-KM9133,01-07120-02.mp3
01-07118-02,./Audio/01-07118-02.mp3,प्रत्येक भागीदारी हैं विकास कर सकता हैं जब महिलाओं को समाज में दिया जाए,Bihari,Adult,Female,,,,Bihar,inaudible,1xE-ILoeUN_QbIpJ_fnZpOSZ5HEEGaQcP,01-07118-02.mp3
01-07122-01,./Audio/01-07122-01.mp3,दमन दलन और उत्पीड़न ऐसी मुक्त होकर नारी समाज में आगे बढ़ना आज नारी विकास की और अग्रसर हो रही है वो हर क्षेत्र में अपनी एक अनोखी पहचान बना रही है,Accent_unknown,Adult,Female,,,,,audio_jump,1miB2DMkvnk3o9_hdF2ffd9YGODk2QALs,01-07122-01.mp3
01-07128-02,./Audio/01-07128-02.mp3,इस कार्यक्रम में मुख्य रूप ऐसी मुखिया रीना देवी धनु राम महतो जीता राम महतो ठाकुर महतो और जीप सदस्य,Accent_unknown,Adult,Male,,,,,,1EGN4wvlFrnDiSEWM1i8v9jVkw61ir9oR,01-07128-02.mp3
01-07167-01,./Audio/01-07167-01.mp3,समय पर काम लिया जाए तो इसका आभास पूर्ण बन कर तैयार होता है और इसका लाभ सबको को मिलने लगे गा धन्यवाद,Accent_unknown,Adult,Male,,,,,,1im6M1gwikYD9NPjMiclRuZI1POonND2G,01-07167-01.mp3
01-07188-01,./Audio/01-07188-01.mp3,मेरा नाम किशोरी नायक है में ग्राम का प्रखण्ड है मेरा में मंदिर के एक आचार्य हूँ प्रभारी दायित्व में हूँ,Accent_unknown,Adult,Male,,,,,inaudible,1bdokKxI4WUIsBaDrzg6UQaB1uNhMHh8B,01-07188-01.mp3
01-07191-02,./Audio/01-07191-02.mp3,हैं और वो चावल को मार्केट में बेचते हैं तो गरीब लोग भी नहीं मिल पर के अच्छे लोगों को दिया जा रहा हैं तो छान बीन होना चाहिए ऐसा छान बीन जहाँ का मुखिया कर रहा हैं न वार्ड परिषद् कर रहा हैं न,Accent_unknown,Adult,Male,,Serious,,,,17jbrFsfAfz4XUQXpdpxP3-MLmqCiiv4b,01-07191-02.mp3
01-07193-02,./Audio/01-07193-02.mp3,विद्यालय में कभी भी प्राइवेट कक्षा का नहीं किया जाता प्रयोगशाला तो बन कर रही गयी इसके अलावा विद्द्यालयों में नहीं होना भी छात्रों के लिए घाटा सिद्ध हो रहा है,,,,,,,,inaudible,1HMxo2KQhp6iKWmYl8ZhIpDChIwdDhyd_,01-07193-02.mp3
01-07196-01,./Audio/01-07196-01.mp3,एस इ ओ पीएम शाखा के काजकारी अध्यक्ष सरस्वल महतो द्वारा मुख्या महा परमिंदर दोहरी को लिखे पात्र मई यहाँ कहा गया है कुछ समय मई,Bihari,Adult,Male,,,,Bihar,,1HwgJxobHGbeM-fdecryRTJutnXE2vKQu,01-07196-01.mp3
01-07207-03,./Audio/01-07207-03.mp3,पैसे लेन देन के लिए चक्कर लगा रहे हैं रोज कतार आरोप खड़ा होकर निराश वापस लौट रहे है वही चन्द्रकला प्रखंड के अंतर्गत आधा दर्जन एटीएम भी मौजूद है परन्तु,Accent_unknown,Adult,Male,,,,,,1mEV1bjT2px9VqkChUCoNgYgDp_hckUZL,01-07207-03.mp3
01-07241-01,./Audio/01-07241-01.mp3,सड़क दुर्घटना में घायल होने का समाचार मिला है प्रखंड कार्यालय के समक्ष अपना दुकान चला रहे दुकानदार मनोहर शेट्टी,Bihari,Adult,Male,,Sad,,Bihar,inaudible,1HVdo15Vgzcz2hFWkZ7LqjJthKDbxZhri,01-07241-01.mp3
01-07256-03,./Audio/01-07256-03.mp3,सरकार से निवेदन किया हैं जो सारा शिक्षा प्रणाली पर बड़ी बड़ी बाते करते हैं लेकिन शिक्षा प्रणाली धरातल पर सही ढंग से क्यों नहीं उतर रही है और शिक्षा विद्यार्थियों के प्रति,Bihari,,Male,,,,Bihar,"audio_jump,inaudible",1qxCeQ27-fhbgvkzZU8Cw9TT5a7Bc6Ii5,01-07256-03.mp3
01-07283-02,./Audio/01-07283-02.mp3,में बलबीर राय देवघर जिला ऐसी देवघर प्रखंड थाना पंचायत ग्राम बसंत पुर का रहने वाला हूँ में झारखण्ड,,Adult,Male,,,,Jharkhand,inaudible,1Ybb0CSgTmibsjbbrms56CkvMFsEkY7DI,01-07283-02.mp3
01-07297-02,./Audio/01-07297-02.mp3,मतलब और क्या क्या कहानियाँ आप चाहती हैं जो की आप लोग सुन न पसंद करेंगे शांति की की कहानी हैं तो अगला कहानी हैं तो बहुत बहुत धन्यवाद,Bihari,Adult,Female,,,,Bihar,"inaudible,speaker_change",1-MPgnO9Gx4GJO-hq7SjVFkmeNfp1hkez,01-07297-02.mp3
01-07302-01,./Audio/01-07302-01.mp3,करार की पहलू की पौधों में कई प्रकार के केमिकल दवा पड़्वाते हैं पहलू को पकाने के लिए कार्बन डालकर पहलू को पकाते हैं वहीँ सेल जयादातर रोगी युहीं वतावत खाट,Accent_unknown,Adult,Male,,Serious,,,,139Fk2kusck72XUw8hSjradkuixLW-vTA,01-07302-01.mp3
01-07328-02,./Audio/01-07328-02.mp3,#incomplete से करवाया गया आजतक खेल में आरक्षण की बात हो चाहे राशन की कार्ड हो लाइसेंस की बात हो पासपोर्ट की बात हो साथ साथ बनाने की हर तरफ रिश्वत का बोलबाला है,Bihari,Adult,Male,,Serious,,Bihar,,1H1q1YJdZfRQtf1GxHdulmx0j_iboS2ks,01-07328-02.mp3
01-07338-02,./Audio/01-07338-02.mp3,में दिलीप पांडे मोबाइल वाणी जमुई ऐसी जमुई सरकार,,,,,,,,inaudible,1kM6fmx6QImV_t1nn8gWBxNXo14dTT6wx,01-07338-02.mp3
01-07339-02,./Audio/01-07339-02.mp3,ऐसी राम कृष्ण भारत दुनिया की सबसे बड़ी युवाशक्ति बन गयी पूरी दुनिया में युवाओं की संख्या हमारे देश में भारत में करीब पेंतीस करोड़ युवा है जिन में अधिकांश में देश के लिए कुछ कर गुज़र ने की आकांक्षा एवम क्षमता है सवाल केवल इस क्षमता के सही आंकने इस्तेमाल करने का है तो मोदी जी को इस युवा शक्ति का सही इस्तेमाल करना चाहिए मलवानी मोबाइल वाणी के लिए मलवानी,Accent_unknown,Adult,Male,,,,,,1NSWdKMvjQz-yPp5F4PefYgK2iD8aY8xr,01-07339-02.mp3
01-07347-02,./Audio/01-07347-02.mp3,जनता की रिपोर्ट हर शाम पांच बजे आपके मोबाइल वाणी आरोप धन्यवाद,Accent_unknown,Adult,Female,,,,,,1m06Z9uLBPkTlNwiotCegjENKZEZUtwF-,01-07347-02.mp3
01-07352-01,./Audio/01-07352-01.mp3,वो बिल्कुल किसानों की बात आरोप विश्वास प्रसाशन विश्वास को भूल चुकी हैं की हमारे किसान भाई क्यूँकी सबसे ज्यादा मेहनत तो उन्ही की होती हैं न,Accent_unknown,Adult,Male,,Serious,,,,1choyGpeXOxteo0CDh1XvAJR5al8SmvrG,01-07352-01.mp3
01-07426-01,./Audio/01-07426-01.mp3,मैं पिता के कंधे में बैठकर मेला पे जाता था,Bihari,Adult,Male,,,,Bihar,,1GSjifR41HtUJwu3V2qe9nsiKPOGdU4LS,01-07426-01.mp3
01-07426-02,./Audio/01-07426-02.mp3,एक पिता कैसे मुचकारे ऐसी और जाते थे,Bihari,Adult,Male,,,,Bihar,,1XdSn7Gdhi1jZpFcueYoIkpIZB-4joWvp,01-07426-02.mp3
01-07433-03,./Audio/01-07433-03.mp3,वही दूसरी तरफ पंचायत शौचालय निर्माण कराने हेतु आपसी मिली भगत के कहीं क्षेत्रों में,,Age_unknown,Male,,,,,,1AjZmsJ4J1jlOk4gMVzDieMQtljd-fDEj,01-07433-03.mp3
01-07458-03,./Audio/01-07458-03.mp3,सरकार के कार्य प्रणाली पर लचर व्यवस्था के कारण शराब बिक्री हो रही है जिसमें बड़े बड़े शराब माफ़ियाओं को पकड़ने में असफ़ल साबित हो रहे हैं छोटे छोटे व्यापारी,Accent_unknown,Adult,Male,,,,,,1tYCWeAY73gwDS6TbewERjLpPWEBYwK1o,01-07458-03.mp3
01-07470-02,./Audio/01-07470-02.mp3,नमस्कार साब मेरा नाम रूबी द्विवेदी है में ग्राम खुमारी सतना ऐसी बोल रही हूँ में आप सभी को अंतर्राष्ट्रीय योग दिवस की हार्दिक शुभकामनाएं दे रही हूँ,,Child,Female,,,,,,1M4sGhTvCPtH-Z7IQjDasMhDAX8rWMy2N,01-07470-02.mp3
01-07468-02,./Audio/01-07468-02.mp3,योगा करमात को साथ क्रमण कुशलता ही योग है किसी भी कार्य को सफलता पूर्वक करने के लिए दृढ संकल्प भावनाओं का नियंत्रण समर्थन आदि की आवश्यकता हो,Bihari,Child,Female,,,,Bihar,,1m_XbbwWWbqAV_sf_40-7XUgy32j9_Q3Y,01-07468-02.mp3
01-07476-02,./Audio/01-07476-02.mp3,खुशी की लहर दौड़ जाएगी में सरकार को रेलवे मार्ग फिर ऐसी स्टार्ट करने के लिए धन्यवाद करना चाहूंगी धन्यवाद,,Adult,Female,,Serious,,,,1UlOXa1HaJx_Y2Ulj5VnXE2NT1bqJeExB,01-07476-02.mp3
01-07473-02,./Audio/01-07473-02.mp3,बच्चों के प्रतीक जो पैसे खर्च कर रही हैं तथा बच्चों को अनेक प्रकार ऐसी सुविधाएं उपलब्ध करा रही हैं मुझे बहुत खुशी होती हैं क्यूँकी,Accent_unknown,Adult,Female,,Serious,,,,1zXuSS-GDwsK4x3WGpOCFuvtfJ7ryxWVh,01-07473-02.mp3
01-07487-01,./Audio/01-07487-01.mp3,ग्राम पंचायत पर विशेष ध्यान देकर गाँव को तथा सभी लोगों को विकास की ओर बढायें धन्यवाद,Accent_unknown,Adult,Female,,Serious,,,,1Q1AwUvWl52DYOUmzGLFchMk7YS0boArk,01-07487-01.mp3
01-07489-02,./Audio/01-07489-02.mp3,बन्दुक कंधों आरोप चढ़ा पहरी सजाथ चैतन्य हो गयी पहरी सजाथ चैतन्य होकर आज सीमा आरोप खड़ा उसको नहीं जलबध ऐसी मेवाड़ मलाई आरोप अड़ा,Accent_unknown,Adult,Female,,Serious,,,,19u9d6o83ckc537v21VHCpgBXrewFTSrg,01-07489-02.mp3
01-07494-02,./Audio/01-07494-02.mp3,कुछ रचना भी होती है अतः रिवाज यह सलाह है की पिता कन्यादान के साथ साथ गए स्वज वस्त्र धन आदि भी देते है जीते जी पकड़ कर,Bihari,Child,Gender_unknown,,,,Bihar,,1DPlEXis4HBFMwDp6kheNV0Q7jUl2xC4_,01-07494-02.mp3
01-07494-03,./Audio/01-07494-03.mp3,उसके घर वाले सचिव अधिकार हो गया है की छेड़खानी को नी कर अतः सारे की कमी कामियों का सीतागेरो में या तो खर्च करेगा और जितना धन माल,Bihari,Child,Gender_unknown,,,,Bihar,audio_jump,1EzuSWPDTDE4w1sZr-K6jyN27wkkq2GiY,01-07494-03.mp3
01-07493-01,./Audio/01-07493-01.mp3,लड़की लड़के वालो को दहेज़ देगा इस तरह दहेज़ की अधिकार बन गयी है,,Age_unknown,Female,,,,,,1gU07Y2Jy6TlCiWxuGJborZyyqXHr8940,01-07493-01.mp3
01-07531-01,./Audio/01-07531-01.mp3,जन प्रतिनिधियों को भी दिया करेगी यदि डीलर अनाज की काला बाजारी करता या अनाज वितरण मई गडबडी करता है और इस सम्बन्ध मई कुछ आप मासिक,Accent_unknown,Adult,Male,,,,,,1D5AFbO6qlOy8jpq-iakSKDOwvePADpBR,01-07531-01.mp3
01-07534-03,./Audio/01-07534-03.mp3,#incomplete होने के कारण बच्चों को पढ़ाने पढ़ने के बजाय उनको काम करने के लिए प्रेरित करते हैं ताकि उनके घर में आमदनी का स्रोत बढ़े लेकिन उनके माता पिता,Accent_unknown,Adult,Female,,Serious,,,,1CF7aFjbFSeWsqeQO_Sj0pVTOJgPIp3SP,01-07534-03.mp3
01-07546-02,./Audio/01-07546-02.mp3,यह रोड खुटौना के बलान नदी होते लौकही बाज़ार तक नहर के किनारे बना हुआ हैं सीधा चालक का वाहन से ज़रा सा भी नियंत्रण हटने पर बड़ा हादसा होने से इनकार नहीं किया जा सकता धन्यवाद,Accent_unknown,Adult,Male,,Serious,,,,10wrjheQLgSZ2L6uHRwun3CfVGMF5LdTh,01-07546-02.mp3
01-07562-03,./Audio/01-07562-03.mp3,शिक्षको के साथ सरकार ने सदर किया है,,Adult,Male,,,,,,1HHDUJjWf3E5MJi0H9CBlxwKLF6-0L_Cd,01-07562-03.mp3
01-07574-02,./Audio/01-07574-02.mp3,तिरंगा केसरिया रंग त्याग सिखाता श्वेत शांति का भाव जगाता हरा रंग हरियाली सूचक चक्र सदा बचाता नाभि में हर्ल,Accent_unknown,Child,Female,,Serious,,,inaudible,1vijQIhn3EYuwRt92yofrmhC54axhsw8o,01-07574-02.mp3
01-07574-03,./Audio/01-07574-03.mp3,#incompleteऊँचे यह लहराय आज़ादी की याद दिलाये शांति अहिंसा प्रेम एकता का यह फैलाएँ फैलाएँ दुनिया में हर भारतवासी को बाँटे अपना मान तिरंगा भारत माँ की मान तिरंगा हम सब का मान तिरंगा वीरों ने जान गँवा दी अपना देशवासियों ने कभी न सोचा था ऐसा सपना वीरों ने देशवासियों के प्रति कुर्बान दिए वीरों का सम्मान कहीं न घट जाए भारत माँ की शान तिरंगा हम सब की मान तिरंगा धन्यवाद,Accent_unknown,Child,Female,,Serious,,,,1Duf_66vT88iTQYlQ5F5YKTxjoQ4fhxQ-,01-07574-03.mp3
01-07586-02,./Audio/01-07586-02.mp3,उसके लिए धन है खाद है बीज है दवा है इत्यादि कृषि यंत्र जो भी है हमारे किसान के लिए उन किसानो को भी हमें सुविधा प्रदान कराना,Bihari,,Male,,Sad,,Bihar,,1EWhlaZgexU1vydaxlWgbkYNyrqxK1wyp,01-07586-02.mp3
01-07596-03,./Audio/01-07596-03.mp3,किया गया इसकी अध्यक्षता सुभाष चंद कुशिता सुभाष चंद कुशवाहा ने की बैठक के दौरान नियोजित शिक्षकों के समस्याओं के समाधान को लेकर गहन विचार विमर्श किया गया,Bihari,Adult,Male,,,,Bihar,audio_jump,1_NfTx92YGM72BbA_bZQBvXgfFgUbEjzK,01-07596-03.mp3
01-07601-02,./Audio/01-07601-02.mp3,ऐसा होता है की काफी डरावना लगता है सड़क दुर्घटना ऐसी बचने के लिए सड़क परिवहन नियमों का पालन करना चाहिए तथा हमे यह भी सडको आरोप देखने को मिलता है की कोई चलते या गाडी चलते वक्त फ़ोन पे बताएँ करते है या फिर,Accent_unknown,Adult,Female,,,,,,1Ve0jYQdjtJoUouNdC5SVk9tv4igns_TX,01-07601-02.mp3
01-07605-02,./Audio/01-07605-02.mp3,जिसका शीर्षक है जीवन का मूल्य एक पहाड़ी के ऊपर एक मंदिर थी बहुत ही सुन्दर बना हुआ था मंदिर का सोने का कलश दूर ऐसी चमक रहा था,Accent_unknown,Adult,Female,,Happy,,,,1T8rvbgFtdZgl2zQ6CEcjcLV_6moarhTg,01-07605-02.mp3
01-07606-02,./Audio/01-07606-02.mp3,रात दिन लोगों की पैरों की सहनी पड़ती हैं चोट खा के खा के तुम्हारी दशा क्या हो गयी हैं,Bihari,Adult,Female,,,,Bihar,inaudible,1NhU2jj37nq-8wUlmMlcpOTNq1v08lGF3,01-07606-02.mp3
01-07609-03,./Audio/01-07609-03.mp3,जो दुसरो के सुख के लिए छूट सहन करे उससे बढ़कर भाग्यशाली और कौन हो सकता है यही तो जीवन का सच्चा मूल्य है जो मैंने पा लिया है की बात सुन कर कलश युक्त,Accent_unknown,Adult,Female,,Happy,,,inaudible,1uMGBa0jTxC0DsNBh4UX91oawrW2WGPv6,01-07609-03.mp3
01-07613-03,./Audio/01-07613-03.mp3,सुव्यवस्था न रहेगी समाधी ढांचे में उलट पुलट हो जाएगी सभी बड़ी बड़ी संस्थाएं नियम अनुसार ही चल रही है बिना नियम और अनुशासन के न तो कोई व्यवस्था चल सकता है और न ही सामाजिक उन्नति किया जा सकता है हमें सफलता प्राप्त करने के लिए नियम का पालन करने की अत्यंत आवश्यकता है नियमों ने ही समाज देश राज्य ग्राम पंचायत के लोगों को एक सुत्र में बांध रखा है यहाँ तक कि हमारे विचार के खिलाफ,Accent_unknown,Adult,Female,,,,,inaudible,1Ygo9P_7IOHM1fXKgr-OEHLlnSInZKgAe,01-07613-03.mp3
01-07632-02,./Audio/01-07632-02.mp3,सबके अंतर्गत है अनुसाशन जीवन के सभी क्षेत्रों में आवश्यक है हाई स्कूलों में जेल में कार्यालयों में कारखानों में खेल के मैदानों में यह विविध क्षेत्रों में अनुसाशन आवश्यक है अनुसाशन के बिना पूर्ण अराजकता एवम अनियमितता,Bihari,Adult,Female,,,,Bihar,audio_jump,1FEAxQG9DLBYmXqrNqIjaISPyqIneSqA_,01-07632-02.mp3
01-07638-01,./Audio/01-07638-01.mp3,गलत है नीता विज्ञान रीडिंग भी पुरुष से भी कम ऐसी अधिक केवल वर्तमान में कम है है फिर भी बताया भुगतान करने को कहा गया है,Accent_unknown,Adult,Male,,,,,audio_jump,1X-hxyPSy_QHp1tAWAh_-yyPAP98QRvNN,01-07638-01.mp3
01-07639-01,./Audio/01-07639-01.mp3,धरती है बलिदान वन्दे माताराम वन्दे वन्दे सदा माताराम,Accent_unknown,Child,Gender_unknown,,,,,"audio_jump,inaudible",1VGguQk3EhQ-2BXJZ92TxE-dRtKB02P4x,01-07639-01.mp3
01-07639-02,./Audio/01-07639-02.mp3,उतर मई रख रख चलता पर्वत है दक्षिण मई चरणों को धोता सागर का,Accent_unknown,Child,Gender_unknown,,,,,inaudible,1TgL3DVrxmLafqPJIUznZnzyx111zVhkx,01-07639-02.mp3
01-07639-03,./Audio/01-07639-03.mp3,है यमुनाजी के तट को देखो गंगाजी का घाट है घाट घाट और डेवलपमेंट डेवलपमेंट मई यहाँ निराला,Accent_unknown,Child,Gender_unknown,,,,,inaudible,1tBlCOn6Wisqn7iMEpqjixRwePi8xY_Nh,01-07639-03.mp3
01-07642-02,./Audio/01-07642-02.mp3,वन्दे माताराम,,Child,Female,,,,,,1EBSbQ5PYXtsNk_gRBvVAB4tM3cZLlizd,01-07642-02.mp3
01-07672-03,./Audio/01-07672-03.mp3,नमस्कार रविन्दर भारती खजौली मधुबनी से तालाब में डूब कर बच्चे की मौत आज दिनांक पांच बजे शाम में मदना गाँव के वार्ड नंबर छह के पवित्र साह के एक पुत्र,Accent_unknown,Adult,Male,,,,,,1qWYzteX6AMRExI4Z8iknU00Tn-dkzTNT,01-07672-03.mp3
01-07684-01,./Audio/01-07684-01.mp3,खतरा होता है मलेरिया के लक्षण दिखाई देने के बाद इलाज न कराने आरोप रोगी का हालत गंभीर बन सकती है,Accent_unknown,Adult,Female,,,,,,1oycFoB6Jfs-ao_Q8kDgtItmeeOFC4bzr,01-07684-01.mp3
01-07693-01,./Audio/01-07693-01.mp3,पशु पक्षिया आते है और जाते है तो जंगलो में बीट करती है व वहाँ के बीज बीट के द्वारा छोड़ती है वह बीज पौधा बनती है जिनसे जड़ी बूटिया पौधे पनपते है,Accent_unknown,Adult,Female,,,,,,1cv1k1rh4XJzEFuAfhThcGn2hc9zuywpw,01-07693-01.mp3
01-07644-03,./Audio/01-07644-03.mp3,निर्वाचक निरसंधान तथा अधिकारी ने जी एल ओ को खास निर्देश देते हुए कहा की अठारह ऐसी इक्कीस वर्ष के युवाओं को नाम मतदाता सूची मई प्राथमिकता के साथ जोड़ना है,Bihari,Adult,Male,,,,Bihar,,1vFjf-qXO-Rm2UfJNnY7-KrHJ34_0YSFi,01-07644-03.mp3
01-07737-03,./Audio/01-07737-03.mp3,शिष्य को मरना तो अलग सरकार का भी जवाब है की बच्चे को नहीं मरना है बच्चे हो रहे हैं तो गुरु और शिष्य का को महिमा रहा ही नहीं,Accent_unknown,Adult,Male,,,,,inaudible,1iPUJGIU_qA21dGoPN7Yh39BeQiR3fRcj,01-07737-03.mp3
01-07744-01,./Audio/01-07744-01.mp3,के लेके जारी केदो तालियारे के केदो खोरे आ रेगो पलिया प्रकार है ता गोतनिया,Bhojpuri,Adult,Male,Music,Happy,,,inaudible,1y9qAQh_Ipan_XcfRdZOvw-jMGZmrwS2r,01-07744-01.mp3
01-07761-02,./Audio/01-07761-02.mp3,मई इसी सिमटा A ज हमारे सामने आपका सुबह नाम क्या हुआ राजेंद्र प्रसाद राजू मेला पर्वत ऐसी मतलब ये इससे क्या होता है इस संस्था के माध्यम ऐसी लोगो के कुछ ऐसे आते है बनाते है है ग्रामीण क्षेत्र के गरीब और असहाय लोग के बीच जागरूकता काफी और कुछ खास कार्यक्रम करने के वक्त जब होता है लोगो को,,,,,,,,inaudible,1rWUmE2Wmcubvd2n5E6_iwJ8N55vpjh4W,01-07761-02.mp3
01-07788-01,./Audio/01-07788-01.mp3,और न ही जनता को लाभ हो सरकार तो चाहती है हर गाँव विकास करे करे गाँव परिवर्तन हो बचे का भविष्य उज्जवल और कैसे हमारे देश का नाम रोशन और हो,Accent_unknown,Adult,Female,,Serious,,,inaudible,1rLe15QrCnZV7XqXHVuh20ciRlrmtbkCv,01-07788-01.mp3
01-07793-01,./Audio/01-07793-01.mp3,लगभग दस दिन के बाद मलेरिया की लक्षण दिखाई पड़ता हैं आठ मलेरिया रक्त कोशिकाओं कोशिकाओं को नष्ट करने खून की कमी अनन्य था मलेरिया,Accent_unknown,,Female,,Serious,,,inaudible,1p4jfIwX9HuXCVvXQY3rwPv7Bvz1zaALQ,01-07793-01.mp3
01-07798-01,./Audio/01-07798-01.mp3,और पैसों महत्व अधिक माना जाता हैं हाँ क्यूँकी आज के युग मैं भ्रष्टाचार हैं इस लिए अधिक माना जाता हैं लेकिन क्या सोने ऐसी हमारी जिंदगी चली गयी नहीं चंडी ऐसी हमें जिंदगी भर के लिए अनाज मिलेगी,Accent_unknown,,Female,,Serious,,,,1wxCh3mB3GCytnN7_8V2IrOjgDj7MEP1G,01-07798-01.mp3
01-07840-02,./Audio/01-07840-02.mp3,जन्म लेते हैं लेते हैं कभी झगड़ो ने हिंसात्मक टकराव का रूप भी धारण लेकिन आपसी तालमेल और एक दुसरे के निर्भरता के कारण झगड़ो ने,,,,,,,,,1JNhPsF6vRaxncNI1D2ppF1X5306-UpNg,01-07840-02.mp3
01-07896-03,./Audio/01-07896-03.mp3,अवैध खनन का धंधा चलता रहे सरकार की सीट लोगो तक इसलिए पहले पुलिस पदाधिकारी उन तक इस तरह का मामला नही जाने देते है था,,Adult,Male,,,,,,1qYK9_rbTGYhHW5aiUt2MWXN5WeDoUNHE,01-07896-03.mp3
01-07913-01,./Audio/01-07913-01.mp3,बीते कुछ दिनों ऐसी लगातार हो रहे बारिश की वजह ऐसी कटाव का खतरा भी मंडराने लगा है सुपर के मंत्री मंडल धनंजय राघव,,Adult,Male,,,,,,1_AtKy9Aan7hlIrjDFArnhcd05qg2Hd3X,01-07913-01.mp3
01-07913-03,./Audio/01-07913-03.mp3,गाँव की स्थिति की विगत नही मिल सकता है,,Adult,Male,,,,,,1cyNLUl6Vo2_urG3ofut3s4o4fdsSaw7E,01-07913-03.mp3
01-07921-02,./Audio/01-07921-02.mp3,नमस्कार मधुबनी मोबाइल वाणी के लिए मैं कहर घाट ऐसी रामनगर कहर घाट किसानों जन वितरण कर रहा हैं जब भी,Accent_unknown,Adult,Male,,Serious,,,not_clear,1spnJ1KVDh9y9bkCMxLpVG_VRB9Q8JiQD,01-07921-02.mp3
01-07925-03,./Audio/01-07925-03.mp3,सभी चीजो आरोप पैक्स लिया जाएगा पहले तो कुछ न्यूनतम लोगो को राहत थी अपने रोजी रोजगार आरोप अपना घर चलाते थे तथा बच्चों को पढाते है,,Adult,Male,,,,,,170bUlzs3zIx96upJuhyYPqODB2MMV5nS,01-07925-03.mp3
01-08012-03,./Audio/01-08012-03.mp3,नमस्कार मई सुषमा कुमारी बोकारो मोबाइल मीडिया,,Adult,Female,,,,,,1WAeUmmT7GMmjLMQl0AswmkuMqKeq19j7,01-08012-03.mp3
01-08025-03,./Audio/01-08025-03.mp3,राहगीरों की परेशानी काफ़ी बढ़ गयी है बीच सड़क पर ऑटो व सार्वजनिक वाहनों को खड़ा कर सवारी का इंतज़ार कर हाल यह हो गया है कि ऐसे में कोई चार पहिया वाहन,Bihari,Adult,Male,,,,Bihar,inaudible,1e3k_54_T7A3EeH5VsCIsbkdFgK0pc_mO,01-08025-03.mp3
01-08031-02,./Audio/01-08031-02.mp3,लेकिन जनताओं के प्रति इसको सोचे नहीं अब उह्ह अभी तक गरीब आदमी फिर भी अब जी एस टी लागू होने बाद देखो अब कितना प्रभाव पड़ेगा जनताओं में हैं न,Bihari,Adult,Male,,,,Bihar,inaudible,18k7v-KDaqtJ_Prpz6sN-qOggrUoJ8Vpo,01-08031-02.mp3
01-08044-03,./Audio/01-08044-03.mp3,इससे भी बहुत देखने तथा सुनने को मिलने लगा कि महिलाएँ जनप्रतिनिधियों पर अत्याचार होने लगा,Bihari,Adult,Female,,Serious,,Bihar,audio_jump,15_SEItZ3EwracTYbOdFXRdw2kuy2mI0l,01-08044-03.mp3
01-08050-03,./Audio/01-08050-03.mp3,भारत नेपाल सीमा आरोप बरामद किया गया हैं एस एस सी की जवानों ने इसका दमन किया हैं और सुबह में रस्सी लगा रहे थे बटालियन,Accent_unknown,Adult,Male,,Serious,,,,16zYcsjxAvA0YhJipqluAYdGwJtmbuihz,01-08050-03.mp3
01-08086-02,./Audio/01-08086-02.mp3,से केंद्र सरकार ने सरकारी नौकरियों का पिटारा खोल दिया है इस साल केंद्रीय सुरक्षा बलों में भर्ती का सबसे बड़ा अभियान शुरू करने का फ़ैसला लिया है इसके तहत केंद्रीय पुलिस बलों जैसे सी आर पी एफ,Bihari,Adult,Female,,,,Bihar,audio_jump,19oDC02xAjUzlJj0eeS2d4yPh3ueFUdpj,01-08086-02.mp3
01-08091-03,./Audio/01-08091-03.mp3,पी कर दिया हैं सरकार की कदम ऐसी पॉलिसी लेने वालो की समीठ जताई जा रही हैं योजना की तहत दस साल की उम्र लड़की की अभिभावक खाता खुलवा सकते हैं,Accent_unknown,Adult,Female,Music,Serious,,,,1a-Hf_sFhlRDdFvLSjt_dtC-10PEFYJlY,01-08091-03.mp3
01-08098-01,./Audio/01-08098-01.mp3,से केंद्र सरकार ने सरकारी नौकरियों का पिटारा खोल दिया है इस साल केंद्रीय सुरक्षा बलों में भर्ती का सबसे बड़ा अभियान शुरू करने का फ़ैसला लिया है इसके तहत केंद्रीय पुलिस बलों जैसे सी आर पी एफ,Accent_unknown,Adult,Female,Music,,,,audio_jump,1qBGk1r0p4j9o-xhPmjXPZh_1bxRpv2aG,01-08098-01.mp3
01-08117-03,./Audio/01-08117-03.mp3,आकड़े दिन विधान सभा ऐसी पारित झारखण्ड शिक्षा नियती कक्षा नियती कारण संसोधन में तहत के तहत तहत के तहत गठित हनी वाली जिला स्तरीय समिति,Accent_unknown,Adult,Female,Music,Serious,,,,18Nvi8rQPh0FEBjRNDVU00QsgwgmMxYva,01-08117-03.mp3
01-08122-02,./Audio/01-08122-02.mp3,स्थित भारतीय स्टेट बैंक के क्षेत्रीय कार्यालय भवन में रविवार को चित्रा चाइल्ड क्लिनिक के उद्घाटन समारोह को संबोधित कर रहे थे,Accent_unknown,Adult,Female,Music,Serious,,,,1UWH9cfTsvNagyMVWhY5btyjHsWqa5OTh,01-08122-02.mp3
01-08129-03,./Audio/01-08129-03.mp3,अभियान शुरू करने का फ़ैसला लिया हैं इस के तहत केंद्रीय पुलिस बलों जैसे सी आर पी एफ बी एस एफ और आई टी बी पी में चौवन हज़ार से अधिक जवानों,Bihari,Adult,Female,Music,,,Bihar,,1xNDYDcmucf1lWFioHrb8ztBTUL_x9Ecg,01-08129-03.mp3
01-08167-03,./Audio/01-08167-03.mp3,#incomplete है ऐसे में ऊँचाई पर खुले टंकियों का उपयोग किया जाता है जिनमे वर्षा के पानी को संग्रहित करके नलों के माध्यम से घर तक पहुँचाया जाता है यह पानी स्वच्छ होता है जो थोड़ा बहुत ब्लीचिंग पाउडर मिलाने के बाद पूर्ण तरीक़े से उपयोग में लाया जा सकता है वर्षा पानी को शौचालय के लिए नहाने के लिए और बर्तन धोने के इस्तेमाल में लाया जा सकता,Accent_unknown,Adult,Male,,,,,,1V4k7gg062RTHKLhL1UsjJTIHYsCojVlg,01-08167-03.mp3
01-08183-01,./Audio/01-08183-01.mp3,अभी आपने सुना हमारे पिछले हफ्ते के बेहतरीन प्रतिक्रिया देने वाले श्रोता की आवाज़ अब आइये सुनते हैं संचित की हुई वर्षा जल के इस्तेमाल के बारे में लोगों की राय,Accent_unknown,Adult,Female,,,,,,19S2446sTgHq-3Xd1fHNZRnmcyJeoBVBY,01-08183-01.mp3
01-08187-03,./Audio/01-08187-03.mp3,लाने में बहुत ही अहम भूमिका निभा रहे है धन्यवाद,Bihari,Adult,Female,Music,Serious,,Bihar,,1zfQkvHS023UYZTfClys2YFgqWZO0V50y,01-08187-03.mp3
01-08202-02,./Audio/01-08202-02.mp3,अति है उसमे आपको भूत सारी बीमारियाँ व लेकर आयेंगी,Accent_unknown,Adult,Male,,,,,,1KBFOKSyyiH6bNzCaECaKsY1tmrynkSgE,01-08202-02.mp3
01-08208-02,./Audio/01-08208-02.mp3,बाण बड़े बड़े बाण के माध्यम ऐसी वार्ता के पानी को बहुत ही बड़े पायमाने आरोप रोका जाता है जिन्हें गर्मी के महीनों में यां पानी की कमी होने आरोप किसी बिजली उत्पादन और नालियों के माध्यम ऐसी घर लूग योग में इस्तेमाल में लाते हैं जल संरक्षण के माने बाण बहुत ही उपयोग होता है,Accent_unknown,Adult,Male,,,,,,1RL7TXg-WCFe2rIXrEcO1HACCh4VoKFkB,01-08208-02.mp3
01-08209-03,./Audio/01-08209-03.mp3,अब एक हज़ार रूपया नहीं महज़ दो सौ पचास रूपए से भी खुलवाया जा सकता है सुकन्या समृद्धि योजना में खाता ख़बर है नई दिल्ली से सरकार ने सुकन्या समृद्धि योजना के तहत न्यूनतम सालाना जमा अनिवार्यता को घटा दिया है इस सीमा को एक हजार रूपए से कम करके दो सौ पचास रूपए कर दिया गया है सरकार के इस फ़ैसले से ज़्यादा से ज़्यादा लोग बेटी के भविष्य को सुरक्षित करने के लिए बचत कर सकेंगे सरकार,Bihari,Adult,Male,Music,,,Bihar,,1stkV8DJIAgvV9cLjDxwHEnh991ldTJzQ,01-08209-03.mp3
01-08211-02,./Audio/01-08211-02.mp3,होती रही सबसे अधिक बारिश तेहार जिला में हुई गुमला में इकसठ और सिमडेगा में साथ मिलीलीटर बारिश रिपोर्ट की गई बारिश होने के,Bihari,Adult,Male,,,,Bihar,,11LSJO_RbR4YUXbwhCrdokYiItEFiANrq,01-08211-02.mp3
01-08223-01,./Audio/01-08223-01.mp3,अध्यापक कर्मचारियों के वेतन भत्ते एरियल का भुगतान हर हाल में समय आरोप हो जाए यदि वेतन मैं देरी हुई तो सम्बंधित,Accent_unknown,Adult,Female,Music,,,,,1J4dw6zrycRfotrw_p9jiNWeFOnBAZThd,01-08223-01.mp3
01-08231-02,./Audio/01-08231-02.mp3,विरोध करेगी पुरे बिहार में लगभग पेंतीस हजार तथा मुंगेर में साथ हजार प्रशिक्षु एक्ट अपरेंटिस युवक रेलवे ऐसी प्रशिक्षण प्राप्त कर नियुक्ति के आश में बैठे है,Accent_unknown,Adult,Female,Music,,,,,1yGJlp8_ikXSj0igIiB_bXuGYdFu-TsEX,01-08231-02.mp3
01-08235-01,./Audio/01-08235-01.mp3,दिल्ली ऐसी श्री लंका और दक्षिण अफ्रीका के बीच खेले गए दो टेस्ट मैचों की सीरीज में का जो हाल हुआ उसके बाद इस टीम ने शायद ही कभी सोचा होगा दक्षिण अफ्रीका को दोनो ही टेस्ट मैचों में मेजबानी टीम के हाथों बारे अंतर ऐसी हार का सामना कराना पारा,Accent_unknown,Adult,Female,Music,,,,inaudible,19KUlNHC5HhbkRwMWQjmsNeDEdShlUhbU,01-08235-01.mp3
01-08242-02,./Audio/01-08242-02.mp3,देखिये मुझे रुक जाइए न मेरे लिए इतना तो कर ही सकते है मुझे और स्नेहा को बहुत अच्छा लगेगा अगर आप आयेंगे,Accent_unknown,Adult,Male,Music,Happy,,,,1ohKKfmP4Wm4B_pBLtuE11muDUqp75vGD,01-08242-02.mp3
01-08246-01,./Audio/01-08246-01.mp3,हमसे दूर हो जाए बेटा अरे केशव शादी तो हो ही जाएगी और अब तो हर रहू का काम तमाम होने वाला है और हर विपरीत गुण मिलने वाले है,Accent_unknown,Adult,Female,Music,Sad,,,laugh,1Gc7euhkzXRVVi0y6ijjWL3M0VQdFF3BP,01-08246-01.mp3
01-08247-02,./Audio/01-08247-02.mp3,नमस्कार स्रोताओं मोबाइल वाणी आपके लिए लेकर आया है दूरदर्शन और ओल इंडिया रेडियो की लोकप्रिय धारावाहिक मई कुछ भी कर सकती हूँ तो आइये सुनते है आज की कारी,Accent_unknown,Adult,Female,Music,,,,,1TCkc3qxTTUGpMHgtQ1dtnH2yRdf-MEeR,01-08247-02.mp3
01-08249-01,./Audio/01-08249-01.mp3,ये छोटी ऊँगली में नीलम का पत्थर पहनी है न हर्ल हमको दीजिये यही रंग उतरेगा उठो उठो यहाँ ऐसी अरे पहले तुम हमारा,Accent_unknown,Adult,Female,Music,Angry,,,,19sz9x5VUG_vOB_y29B9eWFrCIJisUJpz,01-08249-01.mp3
01-08249-02,./Audio/01-08249-02.mp3,फिर वो गान सुनाने वाली मशीन ले गए और अब इस नीलम आरोप निगाह है तुम्हारी उठो निकालो यहाँ ऐसी अरे हम तो बस आपको,Accent_unknown,Adult,Female,Music,Angry,,,,1mJhccfwm3m_twN-8iuWBu2BdbmRRmkFW,01-08249-02.mp3
01-08249-03,./Audio/01-08249-03.mp3,हम कोई लालची संदेह नहीं है आज तक एक कोड़ी लिए है आपसे अये है है जब मुर्गी सोने के अंडे दे रही हो न पंडित जी तो कोई मुर्गी को एक ही बार में हलाल नही करता कुछ नम्बर स्नेहा के,Accent_unknown,Adult,Female,Music,Angry,,,,1f2PI5st_1lH0vhmFO9VHKKsYxEqbz0J_,01-08249-03.mp3
01-08273-03,./Audio/01-08273-03.mp3,पट्टी आरोप काले अक्षरों ऐसी लिखा जाएगा जिसे यात्रियों को उसे पढ़ना और याद रखेगा क्यूँकी पीले रंग की ऑटो आरोप लाल रंग आसानी इसके आलावा यातायात पुलिस,Accent_unknown,Adult,Female,Music,Serious,,,,1YsoMH0KAwb6dyhHzrld2UnLOwITsehvn,01-08273-03.mp3
01-08279-02,./Audio/01-08279-02.mp3,खबर है नई दिल्ली ऐसी जी एस टी रिटर्न की प्रक्रिया सरल बनाकर कारोबारियो को राहत देने की घोषणा की करने के बाद सरकार एक ऐसो उपाय करने जा रही है,Accent_unknown,Adult,Female,,,,,audio_jump,1Ljdb8Asiy7T2vjkW42cE4nqI8e8BJy37,01-08279-02.mp3
01-08288-01,./Audio/01-08288-01.mp3,मेरा नाम सोनी देवी है घर घर सेवी जिला नालंदा इस्लामपुर प्रखंड का भवानी जीवका संस्था का स्ववेषा कोसा अध्यक्ष हूँ पार्वती जी,Accent_unknown,Adult,Female,,,,,,1SJnjIeNwNOiqPoP57Lbv4hNFNLkxJ0rX,01-08288-01.mp3
01-08296-02,./Audio/01-08296-02.mp3,मई है धन्यवाद,,,,,,,,,10HbpvYclTkDeLlcixOPmkLinMMwYn5ig,01-08296-02.mp3
01-08298-02,./Audio/01-08298-02.mp3,की सरकार को जुड़ा की मांग को लेकर चर्चा करनी थे लेकिन सरकार ने जुड़ा और पैरा मेडिकल को अत्यावश्यक घोस हुए एस्मा लगा दिया की सरकार मांगो को लेकर बात नहीं कर,,,,,,,,,12kU4GbhiA_VMzOAUXh-7P__Wnc29Sn9A,01-08298-02.mp3
01-08299-02,./Audio/01-08299-02.mp3,सातवे मिनट में गोल श्रोताओं अब मुझे आज्ञा दीजिये मैं फिर आऊँगी कुछ नेक्क धन्यवाद,Accent_unknown,Adult,Female,Music,Serious,,,,1GXVlrpBSINuoSzxdYv-yr42CvQpJa3yP,01-08299-02.mp3
01-08338-02,./Audio/01-08338-02.mp3,गबन की खबर प्रकाशित तो मनरेगा ए पि ओ ने दी धमकी,,Adult,Female,,,,,,1RnvmtpT_aSAk79PXcVN3xC73kaFpwEcF,01-08338-02.mp3
01-08358-03,./Audio/01-08358-03.mp3,नमस्कार आदाब श्रोताओं मैं श्वेता बिहार मोबाइल वाणी पर पेश की सुर्खियाँ बंगाल में बारह हज़ार करोड़ का निवेश कर,Accent_unknown,Adult,Female,Music,,,,,1fuaArEbIXsCiZzSoKP7v_QKZWuFVm7IT,01-08358-03.mp3
01-08359-03,./Audio/01-08359-03.mp3,अब यातायात नियमों को तोड़ना पड़ेगा और महँगा सरकार ला रही है कठोर क़ानून अब सड़क पर शराब पीकर वाहन चलाये या ड्राइविंग करते समय मोबाइल,,Child,Female,Noise,,,,,1-kTZKxqtj4vkS9gifmToDV7JGrU_D0Q6,01-08359-03.mp3
01-08367-03,./Audio/01-08367-03.mp3,प्रभा दीदी खनन घर रहा है,Bihari,Adult,Female,,,,Bihar,inaudible,1Dhbdnx-4RX2a21Mt1OdD_KADRzt8ehv1,01-08367-03.mp3
01-08378-01,./Audio/01-08378-01.mp3,होगी सभी पंचायतो में समिदा आरोप एक एक कार्यपालक सहाए की नियुक्ति होगी,Accent_unknown,Adult,Female,,,,,,1PZ28-Jq_kzrmJ8oCsp2hH5zsY6hO7pYk,01-08378-01.mp3
01-08382-03,./Audio/01-08382-03.mp3,सचिव एच हरिंदर प्रसाद अखिल भारतीय स्टाफ पेंशनर फेडरेशन के उपाध्यक्ष श्री राम लाखन साहब वगैरह सभी वक्ताओं ने पेंशनर ऐसी सम्बंधित समस्याओं के दौरान अपना कार्यक्रम पचहतर वर्षीय वरिष्ट पेंशन,,Child,Female,,,,,,1DA3d1uwx7ithrZ3tthxTXYorWeiazhvL,01-08382-03.mp3
01-08383-02,./Audio/01-08383-02.mp3,अभियान चलाया इस दौरान सौ ऐसी अधिक वाहन आरोप चलानी कार्यवाही वहीँ सात व् चालक,,Child,Female,,,,,,1MnKox3ajq-pSS77NZs_1y2fJOBxHE-he,01-08383-02.mp3
01-08404-01,./Audio/01-08404-01.mp3,समय ड्राइविंग करना आपके लिए महंगा साबित हो सकता है सड़क हादसों आरोप लगाम लगने के लिए सरकार अब सख्त कदम उठाने उठाने जा रही है इसके आलावा परिवहन और यातायात विभाग में प्रसस्त,,,Male,,,,Madhya_pradesh,,1qqj6VIVGSR703Wrj4obS4opelba3Dg_E,01-08404-01.mp3
01-08404-03,./Audio/01-08404-03.mp3,#incomplete हो चूका है राष्ट्रपति की मंजूरी के बाद यह क़ानून सरकारी स्कूलों में बच्चों को पढ़ाएँगे यातायात सुरक्षा का पाठ ख़बर है भोपाल से,,,Male,Noise,,,Madhya_pradesh,,17EkHu2VfWxjBr75VHiMQvF-iE3pRnaN_,01-08404-03.mp3
01-08405-01,./Audio/01-08405-01.mp3,से प्रदेश के सरकारी स्कूलों में पढ़ने वाले विद्यार्थी के दौरान ही यातायात सुरक्षा का पाठ पढ़ाया जायेगा इस,,,Male,,,,Madhya_pradesh,,1iEcRii8PZ3edhlvIZx3_DFFNrbjDc3od,01-08405-01.mp3
01-08405-03,./Audio/01-08405-03.mp3,इस सम्बन्ध में लोक शिक्षनाल्या ने जिला शिक्षा अधिकारी को निर्देश जारी कर दिया है,,,Male,Noise,,,Madhya_pradesh,,1Ogq0kF6SPUYdwtJghBKjGLAcqAxD2LcB,01-08405-03.mp3
01-08414-03,./Audio/01-08414-03.mp3,किसानो को वित्तीय वर्ष दो हजार अठारह की अंतर्गत खड़ी पता रबी फसलों में अल्पवृष्टि की और सुखाड़ जैसा कारण डीजल चलित पान सेन्टर ऐसी पथ बंद करना का लिया,Accent_unknown,Adult,Female,,,,,,1aH7eeLyagLmJX3se204IhkSmrX-KrmyS,01-08414-03.mp3
01-08420-01,./Audio/01-08420-01.mp3,उप विषय परितंत्र एवं परितंत्र सेवाए स्वास्थ स्वच्छता एवं साफ़ सफाई व्यवस्था कचड़े ऐसी समृधि समाज समृद्धि आवास आजीविका एवं पारंपरिक ज्ञान प्रणाली रखा गया था,Bihari,Adult,Female,,,,Bihar,,1eO9bD0eDVKzSOMGjKmQc9lb_5rQfSg43,01-08420-01.mp3
01-08428-01,./Audio/01-08428-01.mp3,प्रदेश के खंडवा जिले में नर्मदा नदी आरोप भारत का सबसे बड़ा बंद इन्द्र सागर बंद बनाया गया है इसके पानी भराव की अधिकतम क्षमता नों हज़ार सात सो चालीस जिसकी तुलना में वर्तमान में,Accent_unknown,Adult,Female,,,,,audio_jump,1aMjQho8ZA6AAeM58BKeuLAgvrg4yc5uj,01-08428-01.mp3
01-08433-02,./Audio/01-08433-02.mp3,जमी इजाफा होने की मुख्या कारण हैं विवाह ऐसी प्रेरित होकर पलायन करना साथ ही वर्ष दो हजारी ग्यारह के JANDITH जन गणना के एक विशलेषण ऐसी यह बात सामने आयी,Accent_unknown,Adult,Female,,Serious,,,,1zvjQ1SQcc5ff_zP3lcdT8WjdX17bwBfe,01-08433-02.mp3
01-08435-02,./Audio/01-08435-02.mp3,मिलने वाले बेहतर बुनियादी ढांचे और लिंक अनुकूल सेवा वितरण का अधिकार सुनिश्चित करना चाहेंगे तो दोस्तों की कुछ खास खबरें,Accent_unknown,Adult,Female,Music,,,,speaker_change,1xFo3wnT8sYMDfXdn4FMUWGQdIkhSoHO6,01-08435-02.mp3
01-08448-02,./Audio/01-08448-02.mp3,ऐसी तीन लाख अठारह हजार इकसठ परिवारों में एक भी महिला नहीं है सामाजिक आर्थिक सर्वेक्षण दवा,Accent_unknown,Adult,Gender_unknown,,,,,,1biKS_bBh1eFoviv2IvLFTDxeBJRe7lgJ,01-08448-02.mp3
01-08448-01,./Audio/01-08448-01.mp3,झारखण्ड के तीन लाख उज्जवाला परिवार में महिला नहीं खबर है रांची ऐसी प्रधानमंत्री उज्जवाला योजना के लिए सूचीबद्ध लाख तिरपन हजार नौ सौ छह परिवार,Accent_unknown,Adult,Gender_unknown,,,,,inaudible,1WpQnBaU3IqQEktgCKSKe5fD3vFMohK7m,01-08448-01.mp3
01-08472-01,./Audio/01-08472-01.mp3,ज़मीन मालिक को सुर जिले रेश्यो यानि निर्माण योग्य क्षेत्र देगी जिसका उपयोग वेह किसी अन्य जगह आरोप कर सकता है सी बी एस इ ने मानी,,Adult,Female,Noise,,,,,1TS6jbP43yvmyYg2QRPZg99mb4IzBMvIq,01-08472-01.mp3
01-08474-02,./Audio/01-08474-02.mp3,इंडिया के सलामी बल्लेबाज शिखर धवन मैच की तीसरी गेंद आरोप ही अपना विकेट गवाह बैठे धन्यवाद,Accent_unknown,Adult,Female,Music,,,,audio_jump,154vfo9gb7Z7ZDcaMbPmst8qBQuVFm7fT,01-08474-02.mp3
01-08476-02,./Audio/01-08476-02.mp3,कि धान की सीधी बुआई से उत्पादन लागत में कमी आएगी और ग्लोबल वार्मिंग का भी ख़तरा कम होगा उन्होंने कहा कि इसकी सीधी बुआई से मीथेन गैस के उत्सर्जन से बावन दशमलव सात से लेकर,Accent_unknown,Adult,Female,,,,,"audio_jump,inaudible",11YB-IvfdoMgxa2pa2QCJ-1xMCmT2tsdD,01-08476-02.mp3
01-08485-01,./Audio/01-08485-01.mp3,के तहत करवाया की जाएगी बदलाव मौसम गर्जन के साथ झमा झम बारिश खबर है धनबाद ऐसी बंगाल की खड़ी में बने लॉ प्रेशर,Accent_unknown,Adult,Female,,,,,audio_break,1p2ckq4PCBz70Il4ZdaB1KjnkQ0VRQcMN,01-08485-01.mp3
01-08527-01,./Audio/01-08527-01.mp3,की गयी हैं और प्रारंभिक जाँच रिपोर्ट में जिन बातों का उल्लेख किया हैं उसका मतलब यही हैं कि इसमें भारी पैमाने पर अनियमिता बरती गयी हैं ज़िला अधिकारी द्वारा अतिथि शिक्षकों का वेतन रोका जाना भी,Accent_unknown,,Female,Music,Serious,,,inaudible,18tC7ny1-DtUo4WQMQfBDYO1d2EanHUes,01-08527-01.mp3
01-08567-02,./Audio/01-08567-02.mp3,खिलाड़ियों के मानसिक और बौद्धिक विकास के लिए बेहद ज़रूरी उन्होंने कहा की युवा पीढ़ी को खेल के पड़ती रहने की आवश्यकता है खेल कूद ऐसी जहाँ उनके समय का सदुपयोग वही उनमे नेतृत्व की,,Age_unknown,Male,,,,,inaudible,1Lpn9jDTn1a6Xa9RPogD9I8IwukZW0hK_,01-08567-02.mp3
01-08583-01,./Audio/01-08583-01.mp3,देर किस बात की जल्दी ऐसी उठाये अपना फ़ोन और नों तीन दबाकर जनता के रिपोर्ट का सुपरस्टार बनाने का मौका,Bihari,Adult,Female,,,,Bihar,,1WHmZSQVk0nkXpbXgbu82_HWlRjpyHu46,01-08583-01.mp3
01-08597-01,./Audio/01-08597-01.mp3,पहुच चुकी है तो श्रोताओ मिलते है कुछ देर धनबाद,,Adult,Female,,,,,,1B_TaKlvYmv6yQP6PYba9P3cV4AIzpU3x,01-08597-01.mp3
01-08636-03,./Audio/01-08636-03.mp3,इस तरह से मैंने रंग नारा लगवाई बहु बेटियाँ बाहर न जाए घर घर में शौचालय बनवाए इस तरह से मैंने कई नारों से,,,,,,,,,1Sc9FomV5KTCHAAJBcIaKysbKjpi9Rept,01-08636-03.mp3
01-08652-01,./Audio/01-08652-01.mp3,प्रधान मंत्री जीवन ज्योति बीमा योजना योजना पेंशन योजना सुकन समृद्धि योजना के बारे में विस्तार ऐसी जानकारी दी उनतीस हजार विद्यालय में,Bihari,Adult,Female,,,,Bihar,,1pzjROfZs62UansiQxAL2lmh09PTuXNR5,01-08652-01.mp3
01-08652-02,./Audio/01-08652-02.mp3,बिहार के उनहत्तर हजार विद्यालय में नामांकित लाखों बच्चों को साप्ताहिक में तीन दिन इस आशय का पत्र शुक्रवार को मध्य योजना समेत,Bihari,Adult,Female,,,,Bihar,audio_jump,1ntq2WQ9zvV-94wotxnl6ZS7aLwPfyqNb,01-08652-02.mp3
01-08656-02,./Audio/01-08656-02.mp3,मुंगेर को ग्यारह लाख रुपया दिया गया हैं भागलपुर को ग्यारह लाख औ बाका को सतराह लाख रुपया दिया गया हैं काँवरियों की सुविधा के लाई के बीस योजनाओं की शुरुआत की हैं,Bihari,Adult,Female,,,,Bihar,,1ZV0upuqHRRLD77nF_nijz8GgsYIG5z_a,01-08656-02.mp3
01-08678-03,./Audio/01-08678-03.mp3,चौरासी दशमलव सात मिली मीटर बारिश दर्ज़ की गई है मौसम विभाग के अनुसार बिहार में बारिश की कमी का स्तर उनचास प्रतिशत है,Accent_unknown,Adult,Male,,,,,,19jYkIwXJ8yckt3qQjGzbVVOA7lEqzfda,01-08678-03.mp3
01-08697-03,./Audio/01-08697-03.mp3,अवधि में साथ सौ संतान्वे दशमलव उनासी लाख है खरिफा फसलों का छेह सौ इकतीस,Accent_unknown,Adult,Female,,,,,,1Fln9OobGsh-w06sxDZK-m2TuwN4kgisx,01-08697-03.mp3
01-08723-03,./Audio/01-08723-03.mp3,हाल ही में मुंबई ऐसी मिली धोखाधरी के मामले आधार सहित जाली दस्तावेज हिंदुस्तान टाइम्स की रिपोर्ट कई ऐसे मामले देखे जहाँ व्यक्ति पहचान पत्र के रूप अपने आधार कार्ड का उपयोग कर,Accent_unknown,Adult,Female,,,,,audio_jump,1BgcoZnw3DLeJ0DN84KOuQp_rZcpJPsAU,01-08723-03.mp3
01-08756-02,./Audio/01-08756-02.mp3,नमस्कार आदाब श्रोताओ मई बसंती आपके लाई ले कर आई हूँ मुंगेर मोबाइलवाणी आरोप आए दिन भर के ख़बरों का सारांश समाचार,,Adult,Female,,,,,,1Kqha3s7h7TEgMHzcj4l3rJP4DVrm9ywN,01-08756-02.mp3
01-08761-01,./Audio/01-08761-01.mp3,हेलो मई ऐसी बोल रहा हूँ जी आपका गाना आना चाहिए और इसका गण सना सुनाने के बाद बहुत अच्छा लगा हे गाना प्रस्तुति करो,Accent_unknown,Adult,Male,,,,Maharashtra,,1seHL6yHT3bDjQ6_QrNXtx6q-D9EtAEGC,01-08761-01.mp3
01-08761-02,./Audio/01-08761-02.mp3,नमस्कार मई प्रखंड ऐसी आज दिनांक अट्ठाईस साथ दो हजार अठारह को प्रखंड के अंतर्गत झिबुली पंचायत,Bihari,Adult,Male,,,Buldhana,Bihar,,1VPBKQ29f8tRFkeA_nwYMZXsk-V5wom0c,01-08761-02.mp3
01-08767-03,./Audio/01-08767-03.mp3,से परीक्षा का केंद्र नज़दीक करने की माँग की है रेलवे के असिस्टेंट लोको पायलट की बहाली छबीस हज़ार पाँच सौ पदों पर किया गया है जिसके लिए आवेदकों की कुल संख्या सैंतालीस लाख लगभग,Bihari,Adult,Male,,,,Bihar,audio_jump,18RQBe2bIYThoFIhBCqvxL1mb7sGuF-VF,01-08767-03.mp3
01-08781-03,./Audio/01-08781-03.mp3,खुशियों की पाठशाला,Accent_unknown,Adult,Female,,,,,,1E8BcAbGOjLHBP02h-95rZeqCiA_y0Wn0,01-08781-03.mp3
01-08786-02,./Audio/01-08786-02.mp3,तो लाखों लोगो को रोजगार मिल सकता के धन्यवाद तो श्रोताओं कैसी लगी आपको सकारात्मक बदलाव की यह कहानी दोस्तों इनकी तरह आप भी अपने क्षेत्र में आये,Bihari,Adult,Male,Music,,,Bihar,,15RUl2JiyCaZnAmli8wAhr2L0QntvNpFq,01-08786-02.mp3
01-08791-01,./Audio/01-08791-01.mp3,लगी थी सूचना मिलते ही जनता मजदूर कुन्तिगुथ वह युवा बेरोजगार मंच के असंग,Accent_unknown,Adult,Gender_unknown,,,,,,1kKuOqFqRhnhXVvw2oS709Jl8SNBxKHLg,01-08791-01.mp3
01-08791-02,./Audio/01-08791-02.mp3,#incomplete है सैकड़ों मजदूरों के समक्ष से ज़िला प्रशासन व कुसुंडा प्रबंधन ने एक सौ बत्तीस गाड़ी का अल्टीमेटम भी कर दिया विवाद के चलते एक बार फिर अल्टीमेटम,Accent_unknown,Adult,Gender_unknown,,,,,,1kxGqthX9zYn3_RIHYCk7RW9rB3I8Iijl,01-08791-02.mp3
01-08791-03,./Audio/01-08791-03.mp3,है सूत्रों की माने तो मोदी सरकार अठारह हज़ार के वजाय छबीस हज़ार की है पंद्रह अगस्त को केंद्रीय कर्मचारियों को सातवे वेतन आयोग का फायदा दे,Accent_unknown,Adult,Gender_unknown,,,,,inaudible,1YwvYsSEVGF3HbvMcHT_lhBe5oEYuNkMX,01-08791-03.mp3
01-08798-02,./Audio/01-08798-02.mp3,नॉन सिमेट वाले विद्द्यार्थियों ऐसी भी दूसरी काउंसलिंग में आवेदन बुलवाए गए इसके चलते दूसरी सूची में सिमेट देने वाले छात्रों ने बहुत ही कम रजिस्ट्रेशन,Accent_unknown,Adult,Female,No_speaking,,,,inaudible,1_wfpxXFH8HuJGsOhcqVXh6TVvGaDXn7f,01-08798-02.mp3
01-08822-03,./Audio/01-08822-03.mp3,राज्य सरकार सबसे बेहतर पुनर्वास निति लेकर आई है इस पर जल्द ही कैबिनेट की मंजूरी ली जाएगी,Accent_unknown,Adult,Male,,,,,,1zLABVve_twaUvbXeIBn7cJgAuqUr61fD,01-08822-03.mp3
01-08831-01,./Audio/01-08831-01.mp3,नमस्कार श्रोताओ मई सुनिधि लेकर आई हूँ बिहार मोबाइल वाणी आरोप दोपहर की सुर्खिया,Bihari,Adult,Female,Music,,,Bihar,,1L95uGI86OdoNNM9vJAN9rduRkm7ggYO3,01-08831-01.mp3
01-08839-02,./Audio/01-08839-02.mp3,अपने व्यक्तिगत व्यक्तिगत स्तर आरोप पानी को शुद्ध करने के लिए क्या क्या उपाय अपनाते हैं हैं सात ही दोस्तों हमारे सरकारों ने जन जन तक स्वस्थ स्वस्थ सेवाएँ पहुँचाने के लिए,,,,,,,,,15aCcqj1I1pM6Ay4Zf7MDW5ju1SDwfTbv,01-08839-02.mp3
01-08842-01,./Audio/01-08842-01.mp3,ट्रैफिक पुलिस न लोहाये का पूल आरोप दोनों और ऐसी यातायात बंद कर दिया गया था लेकिन पूल ऐसी रेलवे यातायात भाल कर दिया गया है,Normal_hindi,Adult,Female,,,,,,1iDiWTFVQnJgrR7PuG217d_wbBl_GNuuY,01-08842-01.mp3
01-08842-02,./Audio/01-08842-02.mp3,पहले पूल आरोप यातायात रोक न का कारण सताईस पसेंजेर ट्रेन रद्द कर दे गयी थी और सात ट्रेनों का रूट,Normal_hindi,Adult,Female,,,,,,1q7T60ZgBzJxOY_yV9C3rgJFDTl29XZ6_,01-08842-02.mp3
01-08842-03,./Audio/01-08842-03.mp3,तो फिर सदस्यों की संख्या भ बढ़ाएगी साथ,Normal_hindi,Adult,Female,,,,,,1uWUQlcNgUK9OVLi6BGEAEyXmz0rJP9gk,01-08842-03.mp3
01-08868-01,./Audio/01-08868-01.mp3,पंचयात और प्रखंड में स्वस्थ केंद्र खोल कार रखा हैं तो इन स्वस्थ केंद्र में आपको क्या क्या सुविधाएं मोहनिया होती हैं और जैसा की आप जानते की बरसात के दिनों में,Accent_unknown,Adult,Female,Music,,,,audio_jump,1DVWQB1whJJXgbvA-Kival76eBc4bWjy8,01-08868-01.mp3
01-08869-02,./Audio/01-08869-02.mp3,की प्यास बुझाएगा खबर है कटिहार ऐसी गंगा को महा नदी ऐसी घेरा,Accent_unknown,Adult,Female,,,,,,1ptCHFZh9uh4eNj8IBlVOR9oVL3Jz4mdi,01-08869-02.mp3
01-08898-01,./Audio/01-08898-01.mp3,थी एक है इसका एक कारण दो वर्ष की आयु तक की सब खान्या शिशु का सम्पूर्ण ठिक्का कारण नही कार्य जाना जनम ऐसी चौबीस महा का अंदर ठिक्का कारण कार्य जाना ऐसी की जानलेवा बीमारियाँ,Accent_unknown,Adult,Male,,,,,,1TwvhNH4mrpD5qPXD3qs3TmKHWHnaa-WO,01-08898-01.mp3
01-08901-02,./Audio/01-08901-02.mp3,एसे पाल जिन्होने हर मुश्किल रस्ते आरोप मुझे चलाना सिखाया मेरे अन्दर आतमा विश्वास भरा ताकि में बेहिचक कह सकू,Accent_unknown,Adult,Female,,,,,,1lnZ0HEJtDK2brBFMmxnZhhYlInPYF0-F,01-08901-02.mp3
01-08910-02,./Audio/01-08910-02.mp3,चोर दीजिये और बस एक बार एक बार आँखे बंद कीजिए लेकिन क्यूँ बाबूजी एक बार आँखे बंद कीजिए न अच्छा लो सच बताइए बाबूजी,Accent_unknown,Adult,Male,,,,,speaker_change,1mwaQKLz0-4LesEWtFefLCr9PSCzgvu5R,01-08910-02.mp3
01-08920-01,./Audio/01-08920-01.mp3,राशी स्वीकृत करने के लिए काम करता आ रहा है और अब समाचार खेल ऐसी विराट कोहली के पास दुनिया के नंबर एक बैट्समैन बनने का मौका भारतीय कप्तान विराट कोहली के खिलाफ पांच मैचों में,Accent_unknown,Adult,Male,,Serious,,,,13t3W7eUWRAuy2PAwHeLlQOQzNuT0RLjl,01-08920-01.mp3
01-08923-02,./Audio/01-08923-02.mp3,आयुष्मान भारत के अमल में भी होगी टी एस सी की भागीदारी देश के पचास करोड़ लोगो को स्वस्थ सेवाओं की दाने वाली राष्ट्रीय स्वस्थ,Accent_unknown,Adult,Female,,Serious,,,,1HVYCNt0vuinJqe5JU3CIIIiSZE1Nrc_X,01-08923-02.mp3
01-08941-03,./Audio/01-08941-03.mp3,पिलाना चाहिए बच्चे को और बच्चे को खाली फिर पानी में भागने नहीं देना चाहिए और पानी को गरम कर के हल खाना चाहिए सरकारी स्वस्थ केंद्र के वहाँ भी ब्लीचिंग पाउडर भी,Bihari,Adult,Male,,Serious,,Bihar,audio_jump,1PgATi4U-GfsXJGdYLxsQb7Y07HtLcHPD,01-08941-03.mp3
01-08946-02,./Audio/01-08946-02.mp3,श्रोता की आवाज़ हम सुनायेंगे जनता की रिपोर्ट कार्यक्रम की आने वाली कड़ी में यह सिलसिला अब रुकने वाला नहीं है क्यूँकी हम ऐसे लोगो की सराहना करना चाहते,Accent_unknown,Adult,Female,Music,,,,,1vrv_nsG9AFkVXRAtGz7wkqA-g2JDiHdq,01-08946-02.mp3
01-08949-02,./Audio/01-08949-02.mp3,समझ नहीं पा रहे है की वो अध्यात्म है क्या यहीं हमें जीत के अभाव में आज हम सभी अज्ञानी हो गए है ज्ञान नाम की चीज़,Bihari,Adult,Male,,Serious,,Bihar,inaudible,1Aw-JuadfuNKUBqAkgCNCDH6UsyhYa2-Q,01-08949-02.mp3
01-08962-01,./Audio/01-08962-01.mp3,जाएगी पुस्तकालय में एक बड़ा प्रोजेक्टर भी लगेगा के आर्थिक सहयोग ऐसी पुस्तकालय की छठ और दीवारों की मरम्मत एवम रंगों रंग किया जायेगा प्रोजेक्टर के माध्यम ऐसी पुस्तकालय विज्ञान सहित ग्लोबल सूचनाएं प्रदान की जाएगी उपयुक्त सभी विषयों आरोप सहमति बन गयी है,,Adult,Female,,,,,inaudible,1hv7GAzbxfEq2U2s58qbvNDzXGLPyEqKH,01-08962-01.mp3
01-08986-02,./Audio/01-08986-02.mp3,नमस्कार आदाब श्रोताओ मैं श्वेता बिहार मोबाइल वाणी आरोप पेश करती हूँ सुबह की सुर्खिया बिहार में अब तक उनचास प्रखंड कम बारिश मानसून की लगभग दो महीने की सक्रियता के बावजूद बिहार पश्चिम बंगाल और उत्तर परदेश के,,Adult,Female,Music,,,,,1iV9ffH4IyewTEXKDFUNQrycHVMqgWR0q,01-08986-02.mp3
01-08990-01,./Audio/01-08990-01.mp3,भैय्या का नौकरी तो हम लगवा नहीं सकते लेकिन देखो उपाय बता सकते है पैसा को बढ़ाने का बुझे अच्छा तो ऊ कैसे ज़रा इ बताओ ओ तो देखो जैसे की तुम्हारे भैय्या का परिवार है है न,,Adult,Male,Noise,,,,inaudible,1nknmsVAhlRV2MC1eIqat5CHGJMnibFyO,01-08990-01.mp3
01-09017-02,./Audio/01-09017-02.mp3,एप्लीकेशन जारी किया था जिस जिस में सतराह हजार छेह सौ तेहत्तर पद असिस्टेंट लोको पायलट और आठ हजार आठ सौ उनतीस पद तकनीशियन,Accent_unknown,Adult,Female,,,,,,1m-8BI-EJvI_SjxfFtjBZ4ZTuTOmRZyUl,01-09017-02.mp3
01-09040-01,./Audio/01-09040-01.mp3,वा सरकारी हॉस्पिटल में जा कर ऑपरेशन के करवा ली तो ये हमो अच्छा हुआ की एक दीदीजी कारवाई,Accent_unknown,Adult,Female,,,,,,1dYfC89yzVSSI1pCqwyBrblD_6BjoQqVm,01-09040-01.mp3
01-09041-01,./Audio/01-09041-01.mp3,नहीं मई भी ऑपरेशन करा लुंगी क्यूँकी मुझे बहुत परेशानीया होती है और अब बेटा बेटी कोई फर्क नही है जो भी मई दो है,Bihari,Adult,Female,,,,Bihar,,1hn-JYoVnByYwSenWjsMeDkI1rghJZjWS,01-09041-01.mp3
01-09059-02,./Audio/01-09059-02.mp3,और पटरी को थी एक कराया जिसकी वजह ऐसी पुणे इंटरसिटी एक घंटे ऐसी अधिक समय तक रुकी रही वही पतिकल एक्सप्रेस को भी,Bihari,Adult,Female,,,,Bihar,,1TACPK0iLq1lZ6mDwggBmxIW0kQT7cyBA,01-09059-02.mp3
01-09101-02,./Audio/01-09101-02.mp3,ने कहा की फसल बीमा योजना के तहत सरकार ने किसानो को मुआवजा देने की प्रक्रिया को काफ़ी आसान बनाया है किसानो को फसल बीमा योजना के तहत मुआवजा मिलने में देरी न हो इसके लिए अब सरकार ने खास प्रयास शुरू किए है अगर बीमा कंपनियां किसानो के दावे का भुगतान दो महीने की समय सीमा में नहीं करती है तो उन्हें किसानो को बारह फीसदी के दर्ज ऐसी,,Adult,Female,Music,,,,,1pRmLPb9naq3vqU0E9quu5zCbfq85ksHl,01-09101-02.mp3
01-09124-01,./Audio/01-09124-01.mp3,नमस्कार आदाब श्रोताओं मैं श्रोता बिहार मोबाइल वाणी पर सुबह की सुर्खियाँ किसानों को फसल बीमा भुगतान में देरी,Accent_unknown,,Female,Music,Serious,,,,1DyevAPMswct0DcCQYfj_s1RbzQ1iXrqB,01-09124-01.mp3
01-09128-02,./Audio/01-09128-02.mp3,#incomplete आवास स्वीकृति के अंदर यदि आवास बना ले मुख्यमंत्री ग्रामीण आवास एक हज़ार रूपए प्रोत्साहन के रूप जाएँगे नौकरी जाने के,Accent_unknown,Adult,Female,Noise,,,,audio_jump,1Cbr07uZ79S6FDZNZ_sdtsat2DXq2mwCb,01-09128-02.mp3
01-09143-01,./Audio/01-09143-01.mp3,तीन साल के बाद मैंने बोला था कम ऐसी कम पचीस साल तक असर करता है की बड़ी कमजोर हो जाता है पेसेंट में कमजोर हो जाता है परेशानी भी है मीना,Accent_unknown,Adult,Female,,,,,"inaudible,speaker_change",161ckeh1fwhwvDFuCJXBSycJjuIJAGUnF,01-09143-01.mp3
01-09145-01,./Audio/01-09145-01.mp3,तीन साल का बल बच्चा होने के बाद माँ की भी ये सुविधा रहेगा बच्चा भी उसका शरीर भी अच्छा रहेगा जबकि बीमारी ऐसी ही रोगी,Bihari,Adult,Female,,Serious,,Bihar,"audio_jump,inaudible",1C_KFw9lTaoExH3qLvIqKXe0fbWAJKVds,01-09145-01.mp3
01-09160-01,./Audio/01-09160-01.mp3,जैसा की बाजरा और ज्वार मैं प्रीती आज की आज बात कराने वाली हूँ आर्थिक असमानता बढ़ रही हैं गरीब और गरीब हो रहे हैं गैर सरकारी संगठन,,Adult,Gender_unknown,,,,,speaker_change,1DTeNKMDP7OPhgVh2IHBhxKtw_Pr-lVfM,01-09160-01.mp3
01-09165-02,./Audio/01-09165-02.mp3,ये जिम्मेदार है तो दोस्तों ये थी कुछ खास खबरें अगर आपके आसपास या आपके क्षेत्र जो जरा हटके है तो हमे जरुर बताए,Bihari,Adult,Gender_unknown,Music,,,Bihar,speaker_change,1Cegv4PgU9cYSPsfWgO-7Qbnf6mnOpeCX,01-09165-02.mp3
01-09172-02,./Audio/01-09172-02.mp3,में सडसठ फीसदी कम कमाती है और अंतर को खत्म करने में सबसे अधिक नमस्कार दोस्तों और मैं आज आपको बताने जा रहा हूँ की सिंचाई जल में एक तिहाई की बचत,Accent_unknown,Adult,Female,,,,,speaker_change,1GZSNNvrk3xkpECEGXhfNjbzq2zc3i9aX,01-09172-02.mp3
01-09173-01,./Audio/01-09173-01.mp3,जैसा की बाजरा और ज्वार मई प्रीती आज बात करने वाली हूँ समाज में आर्थिक असमानता बाढ़ रही है गरीब और गरीब हो रहे है गैर सरकारी संगठन,Bihari,Adult,Gender_unknown,,,,Bihar,speaker_change,1DkQakTFWSrhf-JkQFzzK0dNbdRTqIjBD,01-09173-01.mp3
01-09177-02,./Audio/01-09177-02.mp3,यह जिम्मेदार हैं तो दोस्तों यह कुछ खास खबरें अगर आपके आस पास यह आपके क्षेत्र जरा हटके हैं तो हमें जरूर बतायें,,Adult,Gender_unknown,Music,,,,speaker_change,114WpmDi60cEWruTnpVm06rZhZN1D2FYM,01-09177-02.mp3
01-09214-01,./Audio/01-09214-01.mp3,के आधा दर्जन जिले अभी भी प्यासे एक हफ्ते बाद बरसात भोपाल जिले में बरसात के सीजन का अहम् माह जुलाई मंगलवार को समाप्त हो गया वर्तमान में प्रदेश के आधा दर्जन जिलों में,Accent_unknown,Adult,Female,,,,,audio_jump,10hWRoXYdcngVAcQergOY1wWGMAnMwd2F,01-09214-01.mp3
01-09216-02,./Audio/01-09216-02.mp3,सतरंगाची हावड़ा के लिए रवाना होगी अठारह कोच की फुल ए सी ट्रेन को दौड़ाने का निर्णय पश्चिम मध्य रेलवे ने दो दिन के,,Child,Female,,,,Madhya_pradesh,,1DVuok71GUppxgIG6bog3DN5Kg1CIJKEN,01-09216-02.mp3
01-09216-01,./Audio/01-09216-01.mp3,इस सिस्टम उपरे में सक्रीय होने ऐसी आज ऐसी दौड़ेगी जबलपुर की पहली हमसफ़र ट्रेन जबलपुर की पहली हमसफ़ बुधवार की सुबह ग्यारह बजे जबलपुर ऐसी,,Child,Female,,,,Madhya_pradesh,,1DN4QHGQcx8mOK_686eEcmbR2mFQ2aJHy,01-09216-01.mp3
01-09228-01,./Audio/01-09228-01.mp3,ऐसी करे आवेदन केंद्रीय माध्यमिक शिक्षा बोर्ड सी बी एस इ पात्रता परीक्षा के लिए ग्यारहवें संस्करण के ऑनलाइन आवेदन एक अगस्त ऐसी शुरू,,Child,Female,,,,Madhya_pradesh,,1IRjpsFV3IIOg3aqyzUGh3LZp4qNWugDO,01-09228-01.mp3
01-09250-02,./Audio/01-09250-02.mp3,अधिकारीयों को लगातार सफाई व्यवस्था आरोप निगरानी रखने के लिए जिससे की यात्रियों को सफ़र के दौरान साफ़ सुथरा वातावरण मिल सके भारत को मिले पहले सफलता आश्विन ने किया कुका ऐसी खबर है नई डेल्ही ऐसी,,Child,Female,,,,,,1JLL835kV2Dg92tBz6rQdR9i98LOGBxBm,01-09250-02.mp3
01-09283-02,./Audio/01-09283-02.mp3,जिसमे आर्थिक असमानता समानता शहरी संत द आरोप बोझ बोझ ग्रामीण आबादी का लगातार घटना जैसे,Bihari,,Male,,,,Bihar,,17L21NUodOvCzbfyEiQzhQWNTxAY99zBk,01-09283-02.mp3
01-09302-02,./Audio/01-09302-02.mp3,पहुँचाता हैं दिशा निर्दोष के मुताबिक मुल्यांकन के उनके पहले का प्रदर्शन की जाए तो इससे उनके विकास और सीखने की जरूरतों के बारे में सदर पायेगा,Accent_unknown,Adult,Male,Music,Serious,,,,1amez0bKgz5lN2nsZrvJixMBayfa4BDS2,01-09302-02.mp3
01-09337-01,./Audio/01-09337-01.mp3,रामानंद सिंह मोबाइल वाणी मधुबनी मधुबनी जिला प्रसाशन,Accent_unknown,Adult,Male,,,,,,1y0PsNPRsVUoDLyjNJRc-B7Edk6GVlxdV,01-09337-01.mp3
01-09341-02,./Audio/01-09341-02.mp3,पंचायत जैसा रूपए दिया गया था वो आज तक अधूरा का अधूरा पारा हुआ है और लोग परेशान हो रहे है,Accent_unknown,Adult,Male,,,,,,1hYo5IwtsrHe0sjBc90VvQB7i8Cw_jzVs,01-09341-02.mp3
01-09377-02,./Audio/01-09377-02.mp3,श्रम मंत्रालय निवेश आरोप मौजूदा कैप को हटाने के लिए नीति बना रहा है ऐसा होने आरोप पि एफ खाता धारको को ज्यादा रिटर्न पाने का मौका मिल सकता है,,Child,Female,,,,,,12-Lvu_YEjpzfjJcDDeusBJNbbEYJslQH,01-09377-02.mp3
01-09378-01,./Audio/01-09378-01.mp3,मिल सकता हैं के वरिष्ट अधिकारी ने बताया की खाताधारकों को अपनी उच्च रिटर्न हासिल करने की किए पी जी एफ फण्ड का ज्यादा हिस्सा शेयर मार्केट में,,Adult,Female,,,,,,1wnuRe9PBVlBWHcz11RxudOI3sulqOIIh,01-09378-01.mp3
01-09381-01,./Audio/01-09381-01.mp3,में सफल रहा धन्यवाद,Accent_unknown,Adult,Female,Music,,,,,1SUJMzFglx1c8GhRO7ScZTFLYetY1-pqs,01-09381-01.mp3
01-09381-02,./Audio/01-09381-02.mp3,नमस्कार आदाब आपका साथी आपका दोस्त संतोष नालंदा जिले ऐसी साथियों आज बताते चालू की जो दीदी और भैया जीविका मोबाइल वाणी सुन रहे है सभी दीदी और भैया ऐसी आग्रह करता हर्ल की आप,Accent_unknown,Adult,Male,,,,,,1AeZVy612Osj3mrqzFvUUDRnhK67IefBN,01-09381-02.mp3
01-09382-01,./Audio/01-09382-01.mp3,#incomplete दोस्तों बरसात हमारे लिए लाभदायक है की हानिकारक चलो आज इस मुद्दे पर बात करते है कँहा तक बरसात हमारे लिए लाभदायक है और कँहा तक हमारे लिए नुकसानदायक,Accent_unknown,Adult,Male,,,,,,1IVTNudvS0oQT6UTGbmYdFS6pSfjO_u64,01-09382-01.mp3
01-09348-02,./Audio/01-09348-02.mp3,बस संचालकों को मॉल ले जाने और इधर बस संचालकों को यात्री किराया के साथ है गवालिअर ऐसी भोपाल जबलपुर विलासपुर आदि,Accent_unknown,Adult,Male,,,,,,1CHSk79FJ_la8WRXakXt8yenKtka64Kcf,01-09348-02.mp3
01-09401-02,./Audio/01-09401-02.mp3,बेहतरी के लिए बनाए गयी मिटटी की जानकारी दी अधिवक्ता दिनेश द्विवेदी के बाद सरकार का पक्ष दुसरे अधिवक्ता राकेश द्विवेदी ने रखा शहर के इस अस्पताल में विशेष नवजात की यह,Accent_unknown,Adult,Female,Music,Serious,,,,17jlYAL_dk01V7fkQ_so5ORo_Rkh1LoH0,01-09401-02.mp3
01-09406-01,./Audio/01-09406-01.mp3,पहली पारी में इंग्लैंड की टीम दो सौ सताईस रन बना कर सिमट गयी भारतीय गेंदबाजों के दमदार प्रदर्शन के चलते इंग्लैंड के टीम का पहली पारी में बारह स्कोर बनाने का सपना टूट गया इंग्लैंड ने पहले दिन के खेल में,Bihari,Adult,Female,,,,Bihar,,10gOdrRJ-T7nDJIaFsFQGSskayXdJ1qwa,01-09406-01.mp3
01-09412-02,./Audio/01-09412-02.mp3,दसवे गेंद आरोप समिति ने सम्कुरण को कार्तिक के हाथों कैच आउट करवा कर इंग्लैंड मिलते है कुछ नई और खास खबरों के साथ टीबी तक बने रहे बिहार मोबाइल पानी आरोप,Bihari,Adult,Female,,,,Bihar,,1kFQ0uvcM2QC1fnPy5xB8wSRbscVF6yO-,01-09412-02.mp3
01-09428-01,./Audio/01-09428-01.mp3,नहीं हो सकी अदालत ने गुरूवार को राज्य सरकार का पक्ष सुना समान कार्य समान वेतन के मसले आरोप कोर्ट फिलहाल राज्य सरकार का पक्ष,,Child,Female,,,,,,15jTCIWKo5OCgi8IjAgekn2qARVoAcykS,01-09428-01.mp3
01-09441-02,./Audio/01-09441-02.mp3,अब समाचार खेल जगत ऐसी है महिला हॉकी विश्व कप भारत का सपना टुटा आयरलैंड ऐसी लगातार दूसरी बार हर भारत का चौवालीस सालों के बाद महिला हॉकी,Bihari,Adult,Male,Music,,,Bihar,,1b1P3QJv2jJUc8VxtGoDa4n2b-6LGr9bN,01-09441-02.mp3
01-09465-01,./Audio/01-09465-01.mp3,नमस्कार आदाब श्रोताओ मैं सरस सरस्वती बिहार मोबाइल वाणी आरोप लेकर आए हूँ दोपहर की सु ट्रेनों में भी अब थैला लेकर आयेंगे कैट,Accent_unknown,Adult,Female,Music,,,,,1TSuKTe_XG8gY_6Xqqsken5lA-IU7F865,01-09465-01.mp3
01-09471-02,./Audio/01-09471-02.mp3,उसकी सेवा ले सकेंगे गुरूवार को इस सेवा का उद्घाटन स्टेशन डायरेक्टर डॉक्टर निलेश कुमार और सी आई टी शैलेन्द्र कुमार ने किया स्टेशन डायरेक्टर ने कहा की अब स्टेशन,,Child,Female,,,,,,1s3Jf0ipxx0lmz8YQJkfXpxVoNxTXZEdW,01-09471-02.mp3
01-09485-02,./Audio/01-09485-02.mp3,M बी A की डिग्री हो अदालत ने सभी राज्यों के सचिवो को एक समय का निर्देश दिया जो विकास की योजना बनाएगी और अब खबरें खेल जगत की,Bihari,Adult,Female,No_speaking,,,Bihar,inaudible,1LifEJf-g4lQ3RjXgD1Al3KYvA6HqUScv,01-09485-02.mp3
01-09619-01,./Audio/01-09619-01.mp3,नमस्कार आदाब में मधु लेकर आई शोध में नकल तो शिक्षक की जाएगी नौकरी,Accent_unknown,Adult,Female,Noise,,,,,1X46f4tm3_Rcia5LCLbdGSferKoe0i3w7,01-09619-01.mp3
01-09627-01,./Audio/01-09627-01.mp3,वृक्ष आरोप वन्याविभाग की वन्य प्राणी शाखा ने अभ्यारण का क्षेत्र चार सौ तेरह वर्ग किलोमीटर बढ़ाने और इससे राष्ट्रीय उधान बनाने का प्रस्ताव तैयार कर शासन को भेज दिया है,Bihari,Adult,Female,,,,Bihar,,13sRUtnovmrD2G3DhTYCoPk7uH8NW-hP5,01-09627-01.mp3
01-09630-02,./Audio/01-09630-02.mp3,खबर है ऐसी प्राथमिक स्वास्थ केंद्रों में अब पहले वाली बात नहीं रही एक दिन आते है और प्रतिदिन की हाज़री बना लेते है स्वास्थ केंद्रों में अब यह सम्भव नहीं होगा,,,,,,,,inaudible,1CLeoMlQd0InRoG8EPxgFR8SJYMqFWLUY,01-09630-02.mp3
01-09629-02,./Audio/01-09629-02.mp3,आज्ञा दीजिये में फिर आउंगी कुछ,,,,Music,,,,,1W2qihgvELNCE2urThJ5Nh-2Fx8001R93,01-09629-02.mp3
01-09634-01,./Audio/01-09634-01.mp3,शुक्रवार को प्रमण्डलीय आयुक्त आनंद किशोर जिला अधिकारी कुमार रवि सहित अन्य सम्बंधित अधिकारियो के साथ बैठक कर कई निर्देश दिए उन्होंने बताया की,Accent_unknown,Adult,Female,,,,,,1TeRKjUV4FYKKaAVNmrMeSkI-vBhI0fnj,01-09634-01.mp3
01-09658-02,./Audio/01-09658-02.mp3,बारह हजार चार सौ किए गए एक सर्वे सर्वेक्षण के मुताबिक कम ऐसी कम तिरपन फीसदी बच्चों को यों शोषण या एक या एक ऐसी अधिक रूपों का सामना करना पड़ता है,,,,,,,,inaudible,1kkyR0Vg15eM6otU-b7fz5Do0qPAEvSvu,01-09658-02.mp3
01-09671-02,./Audio/01-09671-02.mp3,जिनमें सोशल मीडिया पर पिछले कुछ दिनों में बच्चा चोरी के संदेह में बीस से ज्यादा लोगों को पीट पीट कर हत्या कर दी गई हाल की घटना एक जुलाई को महाराष्ट्र के धुले में हुई एक सुझाव में गृह मंत्रालय ने राज्यों,Bihari,Adult,Male,,Serious,,Bihar,,1VjLf0eGiunkoH7UxvS3HFpReW17BiuuZ,01-09671-02.mp3
01-09698-02,./Audio/01-09698-02.mp3,ऑर्डर पर एक अगस्त तक सी A आर सी सी इ A और राज्यों के उर्जा सचिवो ऐसी राय को लेकर जयादातर में सकारात्मक पक्ष पेश,Bihari,Adult,Female,Music,Serious,,Bihar,,1w-I8qLPshCgLZShwpb5Sg5ihPC4pFYXZ,01-09698-02.mp3
01-09726-02,./Audio/01-09726-02.mp3,सम्भावना नही हो पाती है ऐसे में मंहगी मिलती है इसका सीधा असर उपभोक्ताओ पर भी पड़ता है सभी पक्षों का रोक सकारात्मक मंत्रालय में सत्रह जुलाई को जारी किए गये,Bihari,Adult,Female,Music,Serious,,Bihar,,1tZBYDEc61JsB14YM94VnwxmerFGUZnOv,01-09726-02.mp3
01-09750-01,./Audio/01-09750-01.mp3,सभी को मेरा प्रणाम मेरा नाम इंदु देवी है मैं पहलगांव पहला पंचायत नाराग्नौसा प्रखंड नालंदा जिला की निवासी जीविका में पीएम पद पे काम करती हूँ,Bihari,Adult,Female,,Serious,,Bihar,,1YX_r5-dV8Jbe1MZe8tsbOlUtU5JDc6GI,01-09750-01.mp3
01-09752-01,./Audio/01-09752-01.mp3,को मोबाइल नंबर इसी इए सभी सदस्य को मोबाइल नंबर बहुत ही जरुरी हैं क्यूँकी विक्रम सिर ने बोले जिनको जिनको शौचालय शौचालय बना रहा एच कुछ नम्बर सब,Accent_unknown,,Female,,Serious,,,inaudible,1GdtvrvFKmGwJ7P7rzb5al8OqezgokVjv,01-09752-01.mp3
01-09780-02,./Audio/01-09780-02.mp3,सातवाँ वेतन आयोग केंद्र कर्मियों के लिए बुरी खबर आर बी आई के तरफ से आया यह बयां,Bihari,Adult,Female,Music,Serious,,Bihar,,185p8Uv6T1w2GEbZrFyc6EUJWqJqQ9deg,01-09780-02.mp3
01-09785-02,./Audio/01-09785-02.mp3,परमात्मा परमात्मा कर के मई आपने आप में खुश हूँ और मई यही सोच रहा हु की की क्रोध आरोप मई,Accent_unknown,Adult,Male,,,,,inaudible,1dq3V7wIjm5JG2hzTsCqycMVthrgkGbFc,01-09785-02.mp3
01-09802-03,./Audio/01-09802-03.mp3,यह मात्र हजारीबाग रौसनिया में चौमिन बेचने का कम करते है और यह उसी चौमिन को बेच कर आज,Accent_unknown,Adult,Male,,,,,,1bShZ6YPIXUkmOy1s7ESZpTWo64HrRbnf,01-09802-03.mp3
01-09807-02,./Audio/01-09807-02.mp3,मुंगेर चक्र चक्रवात पिछले छह पांच दिनों ऐसी लगातार हो रही बारिश के कारण मुंगेर शहर मई जगह जगह जल बड़ा और गंदगी ऐसी मच्छरों का प्रकोप काफी बढ़ गया है,Bihari,,Male,,Serious,,Bihar,,12yFYBuojZYokslaa4-tGH_SktKnB0unk,01-09807-02.mp3
01-09819-03,./Audio/01-09819-03.mp3,हर्ल और रिकॉर्ड कराए अपनी प्रतिक्रिया पूरे हफ्ते में आये कुछ बेहतरीन प्रतिक्रिया को हम प्रसारित करेंगे रविवार श्याम पाँच बजे,Accent_unknown,Adult,Male,Music,,,,,1PZZlvgF8C4a_1__YVuvbanG_i8ST0nh8,01-09819-03.mp3
01-09832-02,./Audio/01-09832-02.mp3,भूकम्प ऐसी हिला निकोबार द्वीप के खबर है ऐसी निकोबार द्वीप समूह में भूकम्प के झटके महसूस किए गए भूकम्प आज सुबह दस बजे आया,Accent_unknown,Adult,Male,,,,New_delhi,audio_jump,14f2HQjyiKStOYA0VZtnKhM0fVvKcivtQ,01-09832-02.mp3
01-09864-01,./Audio/01-09864-01.mp3,नमस्कार आदाब साथियो साथियो मई मधु ले कर आई हूँ आई हूँ श्याम की अब चाँद आरोप धूम मचाने को तैयार सता आरोप उतरी,Accent_unknown,Adult,Female,Music,,,,"audio_jump,inaudible",1MD0T8S14e1Dncxlexir9VZgaWiyyYGh8,01-09864-01.mp3
01-09878-03,./Audio/01-09878-03.mp3,सरकारी कर्मचारी अपने बैंक बैलेंस बढ़ाने के लिए के सड़क का निर्माण खराब कर देती है सब भुक्त भोगी आम नागरिकों को उठाना पड़ता है ओ लोग ऐसी कई बार बारे बारे हादसे हो जाते है,Jharkhandi,Adult,Male,,,,Jharkhand,,1K6Yv2dRhjWaACGTUPXfY5rIjrPxuQj_3,01-09878-03.mp3
01-09888-02,./Audio/01-09888-02.mp3,नमस्कार आदाब साथियों में मधु लेकर आई हूँ मुंगेर मोबाइल वाणी आरोप आये दिन बार का ख़बरों का सारांश समाचार संध्या में,Accent_unknown,Adult,Female,Music,,,,,1HjtpOVwPaawkRmS-XkBaD4_0dAWF3Gva,01-09888-02.mp3
01-09893-03,./Audio/01-09893-03.mp3,मेरे अन्दर आत्मविश्वास भरा ताकि मैं बेहिचक कह सँकू मैं कुछ भी कर सकती हूँ मैं मिट्ठी को लेकर घर तो आ गयी लेकिन घर में आगे क्या होने वाला था,Accent_unknown,Adult,Female,,Happy,,,,1klu3py-NbAIxbD2VR4fqIruI2R-tYad0,01-09893-03.mp3
01-09893-02,./Audio/01-09893-02.mp3,मई हूँ स्नेहा डॉक्टर स्नेहा माथुर यह मेरी जिंदगी की डायरी के कुछ पन्ने है जिस में कुछ गुज़रे पाल जिन्होने हर मुश्किल रास्ते आरोप मुझे चलना सिखाया है,Accent_unknown,Adult,Female,,Happy,,,audio_jump,1JgkfItkPtZU2wEeFPRtr5rsEl3baEDAY,01-09893-02.mp3
01-09898-01,./Audio/01-09898-01.mp3,तो कभी आपकी यह बेटी डॉक्टर नहीं होती मुंबई नहीं जाती और आपके सामने किसी के हक के लिए लड़ नहीं रही होती आप ही ने हमें शिक्षा दी हमें अपनी सोच दी है और जुबान दी है,Accent_unknown,Adult,Female,,Serious,,,,1W9dBxhBDoLOd-2MaTKbmEUaess2aBLmm,01-09898-01.mp3
01-09905-02,./Audio/01-09905-02.mp3,मई विजय कुमार सिंह सिकंदरा मोबाइल वाणी सिकंदरा जमुई ऐसी हिंदी के सम्मान में ही देश की अखंडता किसी देश में मातृभाषा का विकाश वहाँ के सामाजिक सांस्कृतिक स्थिति को इंगित करता है,Bihari,Adult,Male,,,,Bihar,,1G-WeRGPLUkimy-4zDkQ18Rq0l4CKXvGK,01-09905-02.mp3
01-09918-02,./Audio/01-09918-02.mp3,है जिला निर्वाचन कार्यालय ने प्रतिनिधियों यहाँ साफ़ कह दिया है है कलेक्टर निशांत वर्वाड़े ने बताया की मतदाता सूची इसके लिए जिले के सभी तीन हजार एक सौ नौ,Accent_unknown,Adult,Male,Music,,,,"audio_jump,inaudible",1w-wFA7gxj7L_nNwFB21zw69yOOBVDEVr,01-09918-02.mp3
01-09927-01,./Audio/01-09927-01.mp3,किया है भारत सरकार कूल मंत्रालय अंडरशिप ने कूल इंडिया चेयरमैन को पत्र ले है कूल माइंड ऑफिसर एसोसिएशन कूल इंडिया के पदाधिकारी ओ एन जी सि की तर पर वेतन बढ़ाने की मांग कर रहे है,Accent_unknown,Adult,Male,Music,,,,,1UPczP82f7WWO6N7B5qKc_e1fmSoeGM7Y,01-09927-01.mp3
01-09963-03,./Audio/01-09963-03.mp3,तो श्रोताओं जल्द ही होगी आपसे मुलाकात नए नए समाचारों के साथ धन्यवाद,Accent_unknown,Adult,Female,Music,,,,,15YprehxVc-N-pAgjw5mw4BQxKku7eMM0,01-09963-03.mp3
01-09984-03,./Audio/01-09984-03.mp3,पुरुष हॉकी टीम को ताज़ा विश्व हॉकी,,,,,,,,inaudible,1X-iYUYP9ZlankXDH-f7Xb-REGVFxiMKE,01-09984-03.mp3
01-09990-03,./Audio/01-09990-03.mp3,#incomplete देना चाहते हैं टीबी का जो रोगी हैं उसको तो हम ले जायेंगे हॉस्पिटल और जैसे एक्सरे अथि सब जाँच पड़ताल करके कहा है की टीबी के रोगी दवा खाने के बाद,Accent_unknown,Adult,Male,,Serious,,,,1R_wxVv-rYEk8RoB5bjd1uoB0y0FIxQvZ,01-09990-03.mp3
01-09998-02,./Audio/01-09998-02.mp3,सीमा वर्ती क्षेत्र के सभी प्रखंडों में बनेगा एल मॉडल विलेज सूबे की सीमा वर्ती सात जिलों सभी एक सौ दस प्रखंड में एक एक गाँव को मॉडल गाँव के रूपए में,Accent_unknown,Adult,Female,,,,,,1Q_AZr-GPsga3j1x7UwCxlgX2qK6dCD7O,01-09998-02.mp3
01-10016-01,./Audio/01-10016-01.mp3,और हजारो करोड़ो रूपए पैदा करने मैं भी मदद शुक्रिया राजीव जी मैं मधु आज इस हूँ वो है जहाँ गूगल अपनी अगली योजना के भारत मैं हर किसी को ऑनलाइन लाना चाहता हैं,Accent_unknown,,Female,Music,Serious,,,,1SG0xYQ_ejJ4vrqLXItxfh-_9quSZsZqB,01-10016-01.mp3
01-10016-03,./Audio/01-10016-03.mp3,एक छोटा लेकिन बढ़ता हुआ बाजार हैं हैं इस लिए अपने नए महत्वपूर्ण प्लान मैं भारत भारत के सभी लोगो को ऑनलाइन जोड़ने का और इस दिशा मैं वो कार्य कर रहा हैं इसी उद्देश्य ऐसी एक,,,,,,,,inaudible,1CIi68dV6wDgXCW0fXdkGmr6QQCit9Fz6,01-10016-03.mp3
01-10021-03,./Audio/01-10021-03.mp3,नमस्कार आदाब श्रोताओं मोबाइल वाणी के बेहद लोकप्रिय और खास कार्यक्रम,Accent_unknown,Adult,Male,Music,,,,,1wJGSWjL5368Zsf-niEe07I-QTQzT1WNC,01-10021-03.mp3
01-10029-03,./Audio/01-10029-03.mp3,तो दोस्तों ये थी पिछले दिनों की कुछ खास खबरें,Bihari,Adult,Female,Music,Serious,,Bihar,audio_jump,1pl7GS4m1QtyvsEmeZDghwVEQOI0p0wdk,01-10029-03.mp3
01-10057-01,./Audio/01-10057-01.mp3,खतरा में पद गयी हैं सी बी एस इ की हल्या निर्देश आरोप गोर करे तो जिले के चार हज़ार,Accent_unknown,Adult,Male,,,,,inaudible,1o7v-xFoz_uykN8OpWNDbvgm6xGx4frvq,01-10057-01.mp3
01-10060-02,./Audio/01-10060-02.mp3,ग्रेड डी जिले के विभिन स्कूल के खाद्यान कर अनुसूचित जाती की सूचित जन जातिओं पि सि के छात्र वर्ग को जिला स्टार को मैट्रिक में हुई जिला परिषद उपायक मनोज कुमार ने आदेश,Bihari,Adult,Male,,Serious,,Bihar,audio_jump,1iSERJbJTN_JkYhqAhUNCk0i_kFpKO0CN,01-10060-02.mp3
01-10063-01,./Audio/01-10063-01.mp3,नमस्कार श्रोताओ मई सुनिधि लेकर आई हूँ बिहार मोबाइल वाणी आरोप सुबह,Bihari,Adult,Female,Music,,,Bihar,,12MVR9TOWd4itopy2o2T_84tmlCw1RLTX,01-10063-01.mp3
01-10073-01,./Audio/01-10073-01.mp3,स्कूल के पहन में बचे खेल रहे है अभी तक टीचर का कोई आता पता नहीं है जबकि दो दिन पहले भी इस बारे में मोबाइल वाणी को जानकारी दी थी,Accent_unknown,Adult,Male,,,,,audio_jump,18IrJe8qYOy3cwLXOJd8-cv_vyGUD03cU,01-10073-01.mp3
01-10094-01,./Audio/01-10094-01.mp3,के अपने आस पास पड़ोस में भी सभी को बतानी है और अगर आप हमें कुछ बताना चाहते है तो अपने फ़ोन में दबाएँ नंबर तीन और रिकॉर्ड करें अपनी बात धन्यवाद,Accent_unknown,Adult,Male,,,,,,12l9uNQEq4XMrL-pPKwHV5dfc5_cIc75q,01-10094-01.mp3
01-10105-01,./Audio/01-10105-01.mp3,में उज्जवाला योजना से रसोई गैस तथा हर गाँव में बिजली पहुँचाने का काम किया है इससे गरीबों के जीवनस्तर में सुधार देश के लाखों रेल कर्मियों के लिए खुशखबरी अस्थाई कर्मियों को भी मिलेगा बीमा का लाभ,Bhojpuri,Adult,Female,Music,,,,,1Kx8ZUmthnD5lflzJdrJgs5yntNIaCzRr,01-10105-01.mp3
01-10106-01,./Audio/01-10106-01.mp3,सफाई कर्मचारियों और कैटरिंग कर्मचारियों सहित ठेकेदार के निचे काम करने वाले अन्य मजदूरों को बीमा योजना का लाभ मिलना चाहिए सभी जोन को एक नोडल ऑफिसर और अब खबर खेल जगत ऐसी,Bhojpuri,Adult,Female,,,,,inaudible,1qvJIzXB743h-qTKcRSSwWZ3VufW4LIed,01-10106-01.mp3
01-10128-02,./Audio/01-10128-02.mp3,साथी छात्राएं तीन छह की संख्या मई नुक्कड़ दुकान कर पहुँच कर सभीके आपने दुकान महाविद्यालय प्रधान चार्य डॉक्टर युवन के,Accent_unknown,Adult,Female,,,,,inaudible,1ZkW6cI1_wFVmWy67-D8SXcWKnFRlhtp_,01-10128-02.mp3
01-10134-01,./Audio/01-10134-01.mp3,धन्यवाद आदाब श्रोताओं में दीपक जयसवाल,Accent_unknown,Adult,Male,Music,,,,,1cQivxY58zs27zvenSU3-sgymYXfbmW72,01-10134-01.mp3
01-10153-01,./Audio/01-10153-01.mp3,शर्मा ने बताया की कार्यक्रम चलाया जायेगा शौचालय निर्माण करने वालों को प्रोत्साहन लाभ दिया जाए गा,Accent_unknown,Adult,Male,,,,,inaudible,1wDTnXdFLbVewe2KOJ5QWIJoSqJmoVvpe,01-10153-01.mp3
01-10152-01,./Audio/01-10152-01.mp3,अब साथियो कैसे है आप सब बरसात के मौसम का आनंद चाय पकोड़ा के साथ ले रहे है न ह्म्म्म गरमा गरम प्याज बैंगन,Accent_unknown,Adult,Female,,,,,,1ij9xA8f0ux3-BEir1fPeKenMXX_gJTpH,01-10152-01.mp3
01-10157-01,./Audio/01-10157-01.mp3,मरीज ऐसी बात करते है जिन्हें जो इलाज चाहिए उसके लिए परेशान है क्या नाम है आपका कहा जा रहा है औ आप कितनी बजे अये यहाँ इलाज कराने के लिए अस्पताल में,Accent_unknown,Adult,Male,No_speaking,,,,,1Nr9cJBaWHefHLhbQ4Hkdx4LEFKFCaAzN,01-10157-01.mp3
01-10165-01,./Audio/01-10165-01.mp3,दोस्तों आपको यह समाचार कैसा लगा आप अपनी प्रतिक्रिया में तीन नंबर दबा के साझा कर सकते हैं हमे आपकी प्रतिक्रिया का इंतज़ार रहेगा सिकंदरा मोबाइल वाणी से धन्यवाद,Accent_unknown,Adult,Male,,,,,inaudible,1JM006Xszqq36uh0uJqAy1ZsFmw_b4qIl,01-10165-01.mp3
01-10164-02,./Audio/01-10164-02.mp3,अमित शाह के राजनितिक कौशल का परिणाम है नारायण सिंह को राज्य सभा का उप सभापति बनने पर,Accent_unknown,Adult,Gender_unknown,,,,,inaudible,1-mhL1VeVv-NfrWvjl_M2fPR0Ez85fF5-,01-10164-02.mp3
01-10164-03,./Audio/01-10164-03.mp3,अब पड़ोस के टिकट घर में पंद्रह मिनट पहले तत्काल खबर है धनबाद से रेलवे के आरक्षण केंद्रों में वाई टी एस के यानि यात्री टी,Accent_unknown,Adult,Gender_unknown,,,,,,1pxWhDoxk5PgBCWz8te5WjltIHIIXJSBN,01-10164-03.mp3
01-10183-01,./Audio/01-10183-01.mp3,वही केरल मई भरी बारिश ने बढ़ जैसा हाल बेहतर शिक्षा के लिए राउंड टेबल एक एक परियार खबर है इंडोर ऐसी,Accent_unknown,Adult,Male,,,,,,18O2iXsN_yqyWyhpUzLF7amBGN8vab4h5,01-10183-01.mp3
01-10190-02,./Audio/01-10190-02.mp3,कितना बदल गया रिवाज के गुलाबी के आज काला गुराया ऐसा इसके खातिर कम इतना काज के,Accent_unknown,Adult,Male,Music,,,,"inaudible,speaker_change",1QzGuDjNyWhp4wSy3iaSIFq7tuOWTwQP0,01-10190-02.mp3
01-10229-02,./Audio/01-10229-02.mp3,परन्तु ग्रामीण इलाको की सड़को की हालत अब भी बदहाल है गिधौर प्रखंड के हर गाँव की मुख्या सड़क ऐसी जो भी,Bihari,,Male,,,,Bihar,,1Va-_dIzU7swCaIyq5noN66xuTkZVbOBf,01-10229-02.mp3
01-10229-03,./Audio/01-10229-03.mp3,सड़क आती है गिद्धौर बाजार के लिए हर सड़क का वही हाल है ऐसे में दोपहिया साइकिल सवार व ऑटो,Bihari,,Male,,,,Bihar,,19L_mbZtB9lIY-JxTiHx8cUzYYrcUadx9,01-10229-03.mp3
01-10228-03,./Audio/01-10228-03.mp3,ग्रामीणों में इस बात का रोष है की अक्सर पदाधिकारी व पंचायत प्रतिनिधि उस रास्ते से गुजरते है पर इसे नज़रअंदाज किया जाता है,Bihari,Adult,Male,,Sad,,Bihar,,1ellDt674nI8MS8IQHr3dK984A0DWI2oH,01-10228-03.mp3
01-10234-02,./Audio/01-10234-02.mp3,आदाब श्रोताओ में अंजलि बिहार मोबाइल वाणी आरोप ले कर आई हूँ सुबह की सुर्खिया,Bihari,Adult,Female,,,,Bihar,,1uyJnd2PgS3qaX5WZUYlzeuArjcVAAsKz,01-10234-02.mp3
01-10239-03,./Audio/01-10239-03.mp3,के है तकनीकी समस्याओं को देखते हुए विद्द्यार्थियों के लिए की गयी है अगर चौबीस अगस्त तक परीक्षा फॉर्म भरे गए लेकिन शुल्क जमा नहीं किए जा सके,,,Male,,,,Madhya_pradesh,,1cE3Z7LyogFhYRukaSR_GWYMo7ovqYbV-,01-10239-03.mp3
01-10274-02,./Audio/01-10274-02.mp3,मुताबिक जी पी में एक हजार तक की आबादी के साथ एक वाईफाई हॉटस्पॉट तैनात किया जाएगा जी पी में दो हजार पाँच सौ की आबादी के साथ तेईस हजार जनसँख्या के लिए,Bhojpuri,Adult,Female,,,,,audio_jump,15nJUq2pNUDntXRH6XlKInYuQWGnbqp1R,01-10274-02.mp3
01-10276-02,./Audio/01-10276-02.mp3,रखा गया है परियोजना में दो दशमलव तीन लाख जीबी अवर किए जाने का अनुमान है इस योजना को वर्ष के अंत तक शुरू हो जाने की सम्भावना है,Accent_unknown,Adult,Female,,,,,,1S29kHLXgraNG-rVSjc697MEDNOWj1T37,01-10276-02.mp3
01-10294-01,./Audio/01-10294-01.mp3,आरोप पश्चिम बंगाल में एक सौ सत्तर केरल में एक सौ अठत्तर और महाराष्ट्र में अब तक एक,Bihari,Adult,Gender_unknown,,,,Bihar,,1XebLqcgXEnKmoWKT5BB9busjQT46d7py,01-10294-01.mp3
01-10294-02,./Audio/01-10294-02.mp3,भी इसका असर पड़ा है वही इसका केरल में पिछले पचास साल में पहली बार बारिश ऐसी प्रवेश के बढ़ भी नहीं मिली है प्रधान मंत्री,Bihari,Adult,Gender_unknown,,,,Bihar,inaudible,1O6u8enwlm3bZTlXHLmE3p1J9AtM5zUGX,01-10294-02.mp3
01-10294-03,./Audio/01-10294-03.mp3,खबर है देवघर ऐसी देवघर शहरी क्षेत्र में प्रधान मंत्री आवास योजना में गृहप्रवेश के बाद भी लाभकों को पूरी रहा,Bihari,Adult,Gender_unknown,,,,Bihar,,1dFsM1GvvvkVV-ATIFwQVxcd-UDhBRU9L,01-10294-03.mp3
01-10298-01,./Audio/01-10298-01.mp3,का कार्य करते हुए दस वर्ष ऐसी ज्यादा हो,Accent_unknown,,Female,Music,Serious,,,,1BCff8QT0six78BF8iEqZMzeM9Jts-VHR,01-10298-01.mp3
01-10305-03,./Audio/01-10305-03.mp3,है गृहमंत्रालय ने बताया है की सात राज्यों में बाढ़ और बारिश से जुड़ी है राष्ट्रीय आपदा प्रतिक्रिया केंद्र के अनुसार उत्तर प्रदेश में एक सौ इकहत्तर पश्चिम बंगाल में एक सौ,Bhojpuri,Adult,Male,,,,,inaudible,1y5508cyWSRDoOmmBly4Uv0rVz64MeiKw,01-10305-03.mp3
01-10308-03,./Audio/01-10308-03.mp3,हैं असम में ग्यारह दशमलव पैतालीस लाख लोग बारिश और बाद में है वहीं सताईस हजार पाँच सौ बावन हेक्टेयर असर पड़ा है केरल में पिछले पचास सालों में पहली बार बारिश ऐसी,Bihari,Adult,Male,Music,,,Bihar,,1aQqJkE9HYHywlF9C5p7upJzdKZCgKvVW,01-10308-03.mp3
01-10326-02,./Audio/01-10326-02.mp3,खेती मेरा व्यवसाय है और हम पैसा बचत बैंक में करते है और जो पैसे के बारे में बताया गया इनको जो कंप्यूटर द्वारा ये तो अच्छा लगा की जिनसे की ग्रामीण को लाभ मिलता है,,,Male,,,,,,1lcrCxriQBAuSDOjPYuZdVgj9RsqHrXr9,01-10326-02.mp3
01-10349-03,./Audio/01-10349-03.mp3,तो जमीन तो भरना इधर लोग के दौरान मजदूर थाना अध्यक्ष प्रमोद कुमार को कड़ी फटकार लगते हुए पीड़िता को इन्साफ दिलाने का निर्देश दिया,Bihari,Adult,Male,,,,Bihar,inaudible,125E5drKT6einGZdSUVNPgueAVv7aglsQ,01-10349-03.mp3
01-10353-02,./Audio/01-10353-02.mp3,हालाकि साथ में मेला शुरू होने ऐसी पहले सरकार ने गड्ढें सब पर रोक लगने की कहा गया था लेकिन अब आँख बंद किए बैठा है बताया गया की काँवरियों,Accent_unknown,Adult,Male,,,,,,1vl1-wBApQE4DTbbqnN3k1XhAqlOeO29-,01-10353-02.mp3
01-10388-02,./Audio/01-10388-02.mp3,चलने के बाद पांच हजार रूपए दूसरा चरम पन्द्रह अगस्त को पूरा होने जा रहा है सूत्रों के मुताबिक यो जना के लिए अब नये LUCLUJAN के लिए साल दो हजार चोदाह में मोदी सरकार,,Adult,Male,,,,,,1Cn-Kgr_V4EHw3kcqvy3imgzkKVPzsL88,01-10388-02.mp3
01-10397-02,./Audio/01-10397-02.mp3,हें यही देख देख के तो आपका दिमगवा बच्चा जैसन बन गया है अरे तुमसे कभी बच्चा बन के देखो हें सब अच्छा लगने लगेगा,Bihari,Adult,Female,Music,Angry,,Bihar,"laugh,speaker_change",18glIJGCAdwsGswu8a6kPl2WChv2cyH6o,01-10397-02.mp3
01-10397-03,./Audio/01-10397-03.mp3,ई भोले भोले ढेर नौटंकी मत दिखाइए आसानी हमारा दिमाग गरमाया हुआ है हाँ तो इसमें कौन सा बड़ा,Bihari,Adult,Female,Music,Angry,,Bihar,speaker_change,1P3_na37gP6Po6xBEyGgcSgsJM4_WEg0_,01-10397-03.mp3
01-10399-01,./Audio/01-10399-01.mp3,बड़ा बात है का बोले का बोले फिर से बोलियेगा त एक बार अरे बोल रहे हैं की काहे खिस्याई हुई हो अजी जानते हैं सुने है की वो मिश्राइन बैंक में उ,Bihari,Adult,Female,Music,,,Bihar,speaker_change,1jzl1zwGIiLwKTxBwowhDnOpGBCMpexux,01-10399-01.mp3
01-10402-01,./Audio/01-10402-01.mp3,की जैसे पाकिटवा में भर का खजाना रखते हैं पाने हैं पैसा गायब हो रहा है इनका पॉकेट ऐसी बताएँ हम खजाना,Bihari,Adult,Female,Music,Angry,,Bihar,,1At03I-M-GAxDjdYMLZ4PEaADmRA6B-_P,01-10402-01.mp3
01-10438-02,./Audio/01-10438-02.mp3,ऐसी शहर के मुख्यमार्ग ऐसी लेकर वार्ड में बिज़नेस करने वाले लोग जिन्होने पान की दुकान ऐसी लेकर बड़े बड़े फर्म चलाते हैं और निगम ऐसी,Accent_unknown,Adult,Female,,,,,,1m6t_ggJizgTGB9k7CEFSlt1ZPT24PhDh,01-10438-02.mp3
01-10441-02,./Audio/01-10441-02.mp3,सूची बना ली है ट्रेड लाइसेंस द्वारा शाखा द्वारा सभी को नोटिस भेजने की तैयारी कर रही है निगम अस्पताल बिज़नेस करने वाले दुकान दारो को नोटिस नोटिस की था सभा को,Accent_unknown,Adult,Female,Music,,,,,1AMFgXrAUX-DROzFuHxfyn0JDjTPeLDO7,01-10441-02.mp3
01-10453-01,./Audio/01-10453-01.mp3,झीलों तथा नदियों के बरसात के अभाव में सिंचाई किए जाते है धान गेँहू के अलावा जीविका,Bihari,,Male,,Serious,,Bihar,audio_jump,1izYUn68zCYocDdaBz-2-VuHA2cdWWZ5A,01-10453-01.mp3
01-10463-03,./Audio/01-10463-03.mp3,लेकिन वहाँ कम नहीं करती जो जनता समझ पाती है जनता अगर समझती नहीं तो फिर योजना का लाभ पहुंची इस आरोप,Accent_unknown,Adult,Male,,,,,inaudible,15GRIjHdNBZvnp1-v7yJUFucqygNcyv2o,01-10463-03.mp3
01-10472-01,./Audio/01-10472-01.mp3,बिहार राज्य के मुंगेर जिला ऐसी दीपक कुमार अरे ने मोबाइल वाणी के माध्यम ऐसी खास बातचीत की चटर ने बताया के उनका नाम संतोष है,Accent_unknown,Adult,Female,,,,,,19nRZk48jd8aQBN_9Uau-2XT5NAzmawg4,01-10472-01.mp3
01-10481-02,./Audio/01-10481-02.mp3,वो ज्यादा दिन हमारे साथ स्नेहा ऐसी भी मैंने' यहाँ रुकने की बात कहीं आरोप अब तो मंगनी भी हो रही है तो कोई सवाल ही नही उठाता है में चाहता हूँ इस अस्पताल की बागडोर तुम ले लो लेकिन सिर,Accent_unknown,Adult,Male,,,,,,1sPZaCag1LmUJNnOtivvklxxVkSV05Bgo,01-10481-02.mp3
01-10494-03,./Audio/01-10494-03.mp3,करने की धमकिया भी मिलने लगी है टी N ब्रह्मर्षि मधुबनी मोबाइल वाणी ऐसी धन्यवाद,Accent_unknown,Adult,Male,,Sad,,,,1m5FLPW6Di5O8MOISpxKDmJjHbpu46h6I,01-10494-03.mp3
01-10497-02,./Audio/01-10497-02.mp3,इस कार्यक्रम के तहत तेरह अगस्त ऐसी सताईस अगस्त,,,,,,,,,1mYpWK8k3WkqVnHYeRfO6pSLohyFyJjIp,01-10497-02.mp3
01-10525-03,./Audio/01-10525-03.mp3,देश मोबाइल वाणी आरोप लेकर आई शहर में पैतालीस मिनट छब्बीस दशमलव तीन मिलीलीटर हुई बारिश शहर में सोमवार तो,Accent_unknown,Adult,Female,Music,,,,,1nvCLRPt808i5vPxK-6aTyVjPJgyD5z2m,01-10525-03.mp3
01-10526-02,./Audio/01-10526-02.mp3,से लोगो को गर्मी से काफ़ी हद तक गर्मी से निजात मिल गयी शहर में सोमवार सुबह की शुरुआत दोपहर बारह बजे कई बार असमान में दोपहर तीन बज कर पन्द्रह मिनट,Accent_unknown,Adult,Female,,,,,,1L4KcjT0JcaXJuHtKsWUBKxypPMOR0JEf,01-10526-02.mp3
01-10531-02,./Audio/01-10531-02.mp3,धन्यवाद श्रोताओं मैं शिल्पी लेकर आयी हूँ दोपहर की सुर्खियाँ,Accent_unknown,Adult,Female,Music,Serious,,,,17nqAe_JWm28U5-KW562ZSCQFoqvD61Uw,01-10531-02.mp3
01-10538-03,./Audio/01-10538-03.mp3,कदम आगे बढ़ाते हुए कई प्रोजेक्ट को हरी झंडे दी गयी हैं इन प्रोजेक्ट के ज़रिए बहत्तर दसमलव बहत्तर करोड़ रूपए का निवेश होगा और प्रत्यक्ष रूप ऐसी सात सौ थे तेईस लोगों को रोज़गार मिलेगा,Accent_unknown,Adult,Male,Music,Serious,,,,1HLJvD20km5tkc4Jnc_9axNgE5eTeaFje,01-10538-03.mp3
01-10543-03,./Audio/01-10543-03.mp3,नमस्कार श्रोताओ मैं सुनिधि लेकर आई हूँ बिहार मोबाइल वाणी पर शाम की सुर्खियाँ,,Adult,Female,,,,,,1xuTCIXkWjdPStv1MKMGZs3qgYXemOlK9,01-10543-03.mp3
01-10562-03,./Audio/01-10562-03.mp3,रेकरिंग वे का हम मंथली का डालते रहते हैं जिससे हमको अखरता नहीं है एक मुश्त एक हमको दो साल पांच साल दस साल का जो टारगेट होता है उस हिसाब ऐसी हमें,Accent_unknown,Adult,Male,,,,,,1V0IW6qYJPbWG9zvpZ6bDpMkbvT1RceQt,01-10562-03.mp3
01-10569-01,./Audio/01-10569-01.mp3,सभी लोग परिवार का नाम हटाने के लिए पंद्रह अगस्त दू हज़ार अठारह तक ग्राम सभा आयोजित की है आज चौदह अगस्त दो हज़ार सोलह अठारह है अभी तक पंचायत की कोई सूचना इसमें नहीं दी गयी है,Bihari,,Male,,Sad,,Bihar,,1F1DEeNN6q66SCsA_0H4de4EwPMv-gLsF,01-10569-01.mp3
01-10599-02,./Audio/01-10599-02.mp3,प्रधानमंत्री नरेंद्र मोदी आज स्वतंत्रता दिवस के मौके पर कुछ राज्यों में प्रायोगिक तौर पर आयुष्मान भारतीय राष्ट्रीय स्वास्थ्य का शुभारम्भ करने की घोषणा सूत्रों ने यह जानकारी देते हुए बताया की,Bhojpuri,Adult,Female,,,,,audio_jump,1mc-N2-ZXFY0B64eZn8nFchXu0y_9sdCE,01-10599-02.mp3
01-10601-01,./Audio/01-10601-01.mp3,हैं इस योजना ऐसी दस करोड़ ऐसी अधिक परिवार लाभान्वित होंगे और अब खबर खेल जगत ऐसी तीसरे टेस्ट ऐसी इंग्लैंड की टीम में शामिल किए गए भी स्टॉक्स खबर है लन्दन ऐसी,Bhojpuri,Adult,Female,,,,,,1UH-uc2ehfgMJym6pxr3muukt6Xvt0-fo,01-10601-01.mp3
01-10612-02,./Audio/01-10612-02.mp3,हम लोग सुरक्षा दे रहे हैं आज के भ्रष्ट नेताओं और भ्रष्ट ऑफिसर के नीति और नियत में इनके खोट हैं जिससे हम सभी भ्रष्टाचार,Bhojpuri,Adult,Male,,Serious,,,inaudible,15uY8y9mlYgOlAvhy72xwfLBH75Olz16p,01-10612-02.mp3
01-10618-02,./Audio/01-10618-02.mp3,मगर यह देख कर दुःख होता है की यही गंदे शाम में या अगले दिन रास्तों पर बिछे मिलते हैं उसे उठाने की ज़हमत भी कोई नहीं करता,Bhojpuri,Adult,Male,,,,,inaudible,1AKanHvt0ttfPb26Ru_zzbPtWhdmYL-by,01-10618-02.mp3
01-10630-03,./Audio/01-10630-03.mp3,मई अंजलि आज खबर लेकर आई हूँ इ कचड़ा पैदा करने वाले दुनिया के पाँच श्रेष्ट देश दुनिया में सबसे ज्यादा इलेक्ट्रॉनिक पैदा करने वाले श्रेष्ट पाँच भारत का नाम भी शुमार है,Accent_unknown,Adult,Female,,,,,audio_jump,1eQ__iD8fwqcRvaEOWPJXNRNCAoVvq_6t,01-10630-03.mp3
01-10633-01,./Audio/01-10633-01.mp3,इसके अलावा अमेरिका जापान और जर्मनी भी है भारत में इ कार्य महाराष्ट्र का है वह सिर्फ सैंतालिस हजार आठ सौ दस कचड़े को सालाना रीसायकल,Accent_unknown,Adult,Female,,,,,inaudible,10l9IbRgAj9IyhsGFWu3pECFvhzVqVOU3,01-10633-01.mp3
01-10639-01,./Audio/01-10639-01.mp3,हैं वैसे मुद्दों के बारे में जिससे आपकी जिंदगी जिंदगी का सीधा सरोकार है वैसी खबरें की आपा धापी में हैं खबरें नमस्कार आदाब श्रोताओं,Bhojpuri,Adult,Female,Music,,,,audio_jump,1rneMvfvSquZrmCsmcJFBgPTHmGeseDpC,01-10639-01.mp3
01-10648-02,./Audio/01-10648-02.mp3,अचानक साथ को बंद सभी और तीन सौ बयालीस सरकार द्वारा महिलाओं को आर्थिक,,Age_unknown,Female,,,,,audio_jump,1snDTDSPGNTvDONlfsO-DckAdgJ60esB0,01-10648-02.mp3
01-10648-03,./Audio/01-10648-03.mp3,तो दोस्तों खास खबरें अगर आपके आसपास यह आपके जो हटके है तो हमे ज़रूर बतायें अपने मोबाइल में,,Age_unknown,Female,Music,,,,audio_jump,1hFhMpnlMHuZ-rm0rH2QvJc_lUEk3E7V0,01-10648-03.mp3
01-10678-02,./Audio/01-10678-02.mp3,संस्थानों पे तरह तरह की झाँकियाँ प्रभात टोली में दिखाया गया,,Adult,Male,,,,,,1VOxlG6R1N_BXjqk4DQr2_DnNFCVUuouJ,01-10678-02.mp3
01-10693-03,./Audio/01-10693-03.mp3,मुख्य सचिव की अध्यक्षता में गठित उच्च स्तरीय नवी संविदा कर्मियों के हित में यह अनुसंशा बिहार सरकार से की थी सरकार ने इस घोषणा से राज्य सरकार के खजाने पर,Accent_unknown,Adult,Male,,,,,,1s4O9pnFTcrLDARNjMxw35wDgRhUFqbp9,01-10693-03.mp3
01-10721-01,./Audio/01-10721-01.mp3,मेरा नाम ज्योति कुमारी,,Adult,Female,,,,,,16rjWrBGWEetYtj5iwRMMlQ62Wl5IsktY,01-10721-01.mp3
01-10724-02,./Audio/01-10724-02.mp3,पता चला है की अब शीघ्र ही इसका टेंडर होने वाला है और ये लगा दिया जायेगा आपको मालूम हो दोस्तों की यहाँ वर्ग छह से लेकर बारह तक की पढ़ाई होती है और यहाँ बालकों के लिए आठ व बालिकाओं के लिए दो छात्रावास है,,Adult,Male,,,,,,1blHRc8JUdTMOON8QCZGTRM_AONmelqHM,01-10724-02.mp3
01-10725-03,./Audio/01-10725-03.mp3,#incomplete तो केंद्र व राज्य में सरकार बनाने का दिवा सपना देखना बंद कर दे जिला कहना है की आई सी डी एस के तहत आंगनबाड़ी केंद्र दो अक्टूबर उन्नीस सौ पचहतर,,Age_unknown,Female,Music,,,,,1b6358guugYdJl1_D7sky7PJnBfJrxjIV,01-10725-03.mp3
01-10726-02,./Audio/01-10726-02.mp3,संचालित हैं करीब छ्यान्वे हजार आंगनबाड़ी केंद्र हैं इसी आंगनबाड़ी केंद्र मैं बाल बोगी भी संचालित हैं दोहरी कर्तव्य निर्वाह करने वाली सेविका सहायिका को मैं कार्यरत कर्मियों को,,,,,,,,inaudible,1_uSXHGBc-ZsgESRArH6hmwZOxamHMNhJ,01-10726-02.mp3
01-10727-01,./Audio/01-10727-01.mp3,की सरकार अपनी और ऐसी तीन हजार दे कर अठारह हजार रूपए मन दे कर,Accent_unknown,,Female,Music,Serious,,,inaudible,1sBpe6t2R0dA1IaA3GkklWtCR5ylHT1SD,01-10727-01.mp3
01-10732-01,./Audio/01-10732-01.mp3,एक्स एल आर गारी एडमिशन प्रक्रिया में बदलाव खबर है जमशेद ऐसी एक्स एल आर गारी में एडमिशन के लिए होने वाले एक्स A टी ज़ेवियर अप्तितुद टेस्ट,Accent_unknown,Adult,Female,Music,,,,,1qE_Jeb29p3J-r6fUcZ4X4YQJG0UYI8vO,01-10732-01.mp3
01-10736-02,./Audio/01-10736-02.mp3,नमस्कार आदाब बैंकों में तैनात सुरक्षाकर्मी आतंकियों को देंगे मुहतोड़ जवाब खबर श्रीनगर ऐसी,Accent_unknown,Adult,Male,Music,,,,,1HOdthTyeONNlLaix-KMH7ImsoWT1GF9o,01-10736-02.mp3
01-10204-01,./Audio/01-10204-01.mp3,हर दिन घर परिवार के लिए गरीबी,,,,,,,,,1RKQ2Olsa5H2NceZ1qJe8wkMtS6RjtWD_,01-10204-01.mp3
01-10766-01,./Audio/01-10766-01.mp3,मतलब ऐसा हो ये कोई ज़रूरी नहीं है,Accent_unknown,Adult,Male,,,,,,1sAjhC0SGKzIb583WUu3tZSGeU7i9XR-c,01-10766-01.mp3
01-10776-02,./Audio/01-10776-02.mp3,ही पी जी पीएम' मोदी ने केरल में बात को लेकर सी पीएम' ऐसी बात की सुल्तानगढ़ हादसा सिख समाज ने राहत कार्य में लगे लोगो के लिए लगाया लंगर,Accent_unknown,Adult,Male,Noise,,,,,1ENGIVPJrASK2hd3znPuRgMwMqJGpw-WZ,01-10776-02.mp3
01-10780-02,./Audio/01-10780-02.mp3,डी इ डी ओ डी एस गारी को पत्र ज़ारी कर इसे प्रभावी तरीके ऐसी लागू करने का निर्देश दिया है इसकी,,Adult,Female,,,,,,1SBU-PznymDff8hlTFLUvHwmRbdSjoGw3,01-10780-02.mp3
01-10802-02,./Audio/01-10802-02.mp3,आरोप क्या हम अपने जीवन में इन आदर्शो का सम्मान कर प्रकार रहे हैं,Bhojpuri,Adult,Female,,Serious,,,,1e0wWEONBs1Ctn-ggJbndrIegNQ4TLW_G,01-10802-02.mp3
01-10800-02,./Audio/01-10800-02.mp3,जैसे कितने ही भिन्न क्यूँ न हो आरोप देश सो हम ऐसी इस देश आरोप गर्व हम सब को है देश के एक नागरिक टाटा अपने समुदाय के एक ऐसी एक सदस्य होने के नाते,,Age_unknown,Female,Music,,,,audio_jump,1WUQKCYOcLdTe7SnT902AIrEhxMjTMrdf,01-10800-02.mp3
01-10808-01,./Audio/01-10808-01.mp3,इस देश को विश्व के किस स्थान पर देखना और ये स्थान हासिल करने के लिए हमें क्या क्या करना पड़ेगा आप ज़रा सोच कर देखो,Accent_unknown,Adult,Female,,,,,audio_jump,1EnLpigsSjN5XHWkblJEGyNRfhWNGDTKs,01-10808-01.mp3
01-10832-03,./Audio/01-10832-03.mp3,नमस्कार श्रोताओं मैं प्रीति मध्य प्रदेश मोबाइल वाणी आरोप लेकर आई हूँ सुबह सुबह की सुर्खियाँ,Accent_unknown,Adult,Female,Music,,,,audio_jump,17NvFjFRHr3olUnH_KHMaGqU_YOxKpZlf,01-10832-03.mp3
01-10833-03,./Audio/01-10833-03.mp3,की सीटें भी आबंटित कर दी निजी कॉलेज डेंटल कॉलेजों की कुल एक हजार एक सौ बाईस सीटो छह सौ एकानवे सीटें खाली रह गयी नहीं रहे अटल बिहारी वाजपेयी,Accent_unknown,Adult,Female,Music,,,,,13DtvD-DVfcQVT446Qcamt2H5hpMQdeoV,01-10833-03.mp3
01-10838-03,./Audio/01-10838-03.mp3,इसी प्रकार बीस दशमलव एक प्रतिशत परिवारों ने पेंशन योजना ली है की इसके मुकाबले अठारह दशमलव नौ प्रतिशत गर कृषक परिवारों के पास,Accent_unknown,Adult,Female,,,,,,12AQwRNeO0d_zL1tl6__iNZ32sGYj7spQ,01-10838-03.mp3
01-10843-01,./Audio/01-10843-01.mp3,टीम के मौजूदा अंको मैं अंक जोड़े है गेट चैंपियन फिलहाल अगले महीने बंग्लादेश धन्यवाद,Accent_unknown,Adult,Female,Noise,,,,audio_jump,1ht-7GzwvPxBTQDvsdVfWVsnE85ObKa3V,01-10843-01.mp3
01-10852-02,./Audio/01-10852-02.mp3,और अब समाचार खेल से भारत ने फीफा रैंकिंग में छियान्वा स्थान हासिल किया,Accent_unknown,Adult,Female,Music,,,,,1qA3kzOmhUvS0ln1aplywLMGiwY9cpI7n,01-10852-02.mp3
01-10858-01,./Audio/01-10858-01.mp3,#incomplete कहा की आर्थिक संसाधन उपलब्धि अभियान के तहत,Accent_unknown,Adult,Female,,,,,,1ilohWJl2ug6DovFjgJ4j7YMMDy2jB1rE,01-10858-01.mp3
01-10868-02,./Audio/01-10868-02.mp3,उन्हें कोई मतलब नहीं है जानकारी के अनुसार प्रत्येक आंगनबाड़ी केंद्र ऐसी प्रतिमाह तीन हजार रुपया अवैध राशि वसूलना ही उनका एकमात्र काम रही गया है,Accent_unknown,Adult,Female,,,,,,1xw05dORAjlMe67EkY-gWiWYOyf2WIdip,01-10868-02.mp3
01-10885-02,./Audio/01-10885-02.mp3,राज्य में बाद ऐसी अभी तक तीन सौ चौबीस लोगों की देर गो चुकी है हजारो एकड़ में फसले तबाह हो चुकी है राज्य के बुनियादी ढांचा को भी,Accent_unknown,Adult,Female,,,,,inaudible,1IbAhEvGdsxtJ7kVDy3ojBhkyTkqRyh3g,01-10885-02.mp3
01-10898-01,./Audio/01-10898-01.mp3,आज ऐसी भोपाल ऐसी होकर हैदराबाद जयपुर के बीच ट्रेन खबर है भोपाल ऐसी हैदराबाद ऐसी जयपुर के बीच रेलवे ने एक स्पेशल ट्रेन,Accent_unknown,Adult,Male,Noise,,,,audio_jump,1hRd9X7BAxGK08yBSHZoBLJXh4Y_Q6l3X,01-10898-01.mp3
01-10925-02,./Audio/01-10925-02.mp3,में सीधे अपने बैंक अकाउंट से भुगतान कर हेल्थ पॉलिसी में कवर होगी मानसिक बीमारी ईडा ने दिए बीमा कंपनियों को आदेश खबर,,Adult,Female,Noise,,,,,1xoU8quNZk2B5IBOjSpQnQo4QL9q3byLb,01-10925-02.mp3
01-10937-03,./Audio/01-10937-03.mp3,की जी हाँ सुप्रीम कोर्ट ने अघारा तीन सौ सतहत्तर मामले में सुनवाई करते हुए कहा की,Bihari,Adult,Male,,,,Bihar,,18mZvftUqZRdW2qYq3hxiW8qvmngBdc4z,01-10937-03.mp3
01-10962-03,./Audio/01-10962-03.mp3,तो दोस्तों की कुछ खास खबरें अगर आपके आस पास या आपके क्षेत्र जो जरा हटके हैं तो हमे जरुर बताए आपने मोबाइल मैं,Accent_unknown,Adult,Male,Music,,,,,1fZ_3n3weASNCQNNwsHlp9UWWEUGuri2r,01-10962-03.mp3
01-10969-02,./Audio/01-10969-02.mp3,इस बार की बैठक में कर के सालाना बोनस का मुद्दा उठा यूनियन के कमिटी मेम्बर्स ने बेहतर बोनस कराने की मांग रखी अब खबर खेल जगत से,,Adult,Female,Noise,,,,audio_jump,1O_LjlOd8_HQP94J2Omdrb1MJGv2IB7ye,01-10969-02.mp3
01-10977-02,./Audio/01-10977-02.mp3,स्पेशल ट्रेन चलाने की घोषणा की है गाड़ी संख्या शुन्य तीन तीन एक कोलकाता गोरखपुर ट्रेन कोलकाता ऐसी ऐसी उन्नीस अगस्त को प्रस्थान करेगी,Bhojpuri,Adult,Female,,,,,,1det5mVnDM9Oh4W_TtKpe2GnP6ZmFgl0l,01-10977-02.mp3
01-10977-03,./Audio/01-10977-03.mp3,करेगी और वर्तमान दुर्गापुर आसनसोल चितरंजन मधुपुर जसीडीह झारौनी शाहपुर पटोरी हाजीपुर छपरा सिवान भटनी,Bhojpuri,Adult,Female,,,,,"audio_jump,inaudible",1r6EwI44h_F-jxn5IbVwvsQ6nOFbSA9vc,01-10977-03.mp3
01-10990-02,./Audio/01-10990-02.mp3,बड़ी बात तो ये है की इनकी लड़ाई अपनी मांगों को पूरा करने के लिए कई सालो से चल रही है संगठन के पदाधिकारियों का कहना है की,Accent_unknown,Adult,Female,,,,,,1iO9PGmvH8m_HDkSllD-oWc9DHMLPiHbV,01-10990-02.mp3
01-11005-03,./Audio/01-11005-03.mp3,हेलमेट बहुत ज़रूरी है हेलमेट ऐसी हमारी सुरक्षा बनी रहती है इस लिए चालको को कोई भी इसमें दोषी हो तो उसके खिलाफ कारवाई,Bhojpuri,Adult,Male,,Serious,,,,1DtHuFSRv4KPMu9wtqWs5A3NKcQb3giv4,01-11005-03.mp3
01-11019-01,./Audio/01-11019-01.mp3,सकता हैं और प्वाइंट मैं अपने रेकरिंग डिपाजिट अकाउंट मैं,Accent_unknown,Adult,Male,,,,,,1BssJpgOwNYaauTM2dBsWq_SGnLPZTKHB,01-11019-01.mp3
01-11040-02,./Audio/01-11040-02.mp3,जनता की रिपोर्ट हर शाम पाँच बजे आपकी मोबाइल वाणी आरोप धनबाद,Bihari,Adult,Female,,,,Bihar,,1pemoX5p0P-xiUq_xpygHY9zJ09URhNB3,01-11040-02.mp3
01-11066-03,./Audio/01-11066-03.mp3,जिससे खर का फसल अभी खड़गपुर जिले में,Accent_unknown,Adult,Male,No_speaking,,,,inaudible,1KINI1T3cDpJCiwt8py_R24AzQn0eOfyN,01-11066-03.mp3
01-11067-01,./Audio/01-11067-01.mp3,में पर्याप्त मात्र में पानी है फिर भी सिंचाई विभाग के उदासीनता ऐसी सिंचाई नहीं हो पा रही है,Accent_unknown,Adult,Male,No_speaking,,,,,1ELh4uVmqHe7UFc2h1PQo3xgeTWLr7TDz,01-11067-01.mp3
01-11079-03,./Audio/01-11079-03.mp3,दिया है ये आवेदन इसी भारती के लिए आये है नियुक्ति इन भारतीय के लिए पूरी दुनिया चला रहा है मंत्रालय की और ऐसी पूर्व में जारी विज्ञप्ति के अनुविभागीय,Accent_unknown,Adult,Male,,,,,inaudible,1QhaCF2YjI0_IKhgrVHGjab8WuyXVQNy_,01-11079-03.mp3
01-11080-01,./Audio/01-11080-01.mp3,आरोप देश बल की देश का भी नाम रोशन श्रोताओं यह थी अब तक की सुर्खियाँ इंतेज़ार करें तब तक की लिए धन,Bhojpuri,Adult,Male,,,,,,15x-xJn0PLC_W7_1xWjLkIMH17ouGFjPF,01-11080-01.mp3
01-11080-02,./Audio/01-11080-02.mp3,नमस्कार मैं भीमराज गिद्धौर मोबाइल वाणी से जमुई जिले में बिहार पब्लिक सर्विस कमीशन की परीक्षा में,Bhojpuri,Adult,Male,,,,,inaudible,12KYB9Ejdljezy18TnwaWQnRJE76Gc4U4,01-11080-02.mp3
01-11083-03,./Audio/01-11083-03.mp3,के जवाहर बरनवाल के पुत्र मनीष आनंद ने एक सौ पैंतीसवा रैंक लाकर सफलता पायी वहीँ आपको बता दे,,,,,,,,inaudible,11-9jznUU5GZRCrkCwZbXE_snSn6Z8A3_,01-11083-03.mp3
01-08496-03,./Audio/01-08496-03.mp3,राय मोबइलवाणी मधुबनी मधुबनी जिले के अंतर्गत ऐसी देवराही एक गाँव है जहाँ आज़ादी बहत्तर वर्ष बढ़ भी,Accent_unknown,Adult,Female,Music,,,,"inaudible,speaker_change",1d8ICIjJd5eCwQX4fi-RXTF4Q37fdv93H,01-08496-03.mp3
01-11129-01,./Audio/01-11129-01.mp3,है दोस्तों इसकी वजह ऐसी हम जो है की अपने देश का सम्मान नहीं कर पाते है,Bihari,Adult,Male,,Sad,,Bihar,,1pvDJI5zZ_mFCK_oGK1avpsJBglVRfy9A,01-11129-01.mp3
01-11147-03,./Audio/01-11147-03.mp3,और कैसे उपलब्ध होगा उसकी जानकारी जानकारी दे ताकि हर किसानों को खेत में पानी उपलब्ध करायें जाए जब खेतों में पानी उपलब्ध होगा तब फसल की पैदावार अधिक होगी इससे किसान,Bhojpuri,Adult,Female,,,,,audio_jump,1ZMc7Gjdy_Sm7lbCGehmYnQMSx3olgulT,01-11147-03.mp3
01-11175-01,./Audio/01-11175-01.mp3,इनका मानदेय बढ़ाया जाना चाहिए कम से कम इनका मानदेय सम्मानित किया जाना चाहिए इनकी मानदेय कम ऐसी कम पंद्रह हज़ार रूपए करके,Bihari,Adult,Male,,,,Bihar,inaudible,1Jn-nCpNSlWurKrAl_ETMn8gfoE_U2ZUB,01-11175-01.mp3
01-11185-01,./Audio/01-11185-01.mp3,हर कोई मानसिकत है हर तरह से दिव्यांगों के लिए परेशानी झेलनी पड़ती है व प्रखंडों में कई सुविधा आने पर दिव्यांग लोग को पंचायतों पर,Bihari,Adult,Male,,,,Bihar,,1sDWgEfbPr5Xp2utwNWQfUGNjDELbEnC1,01-11185-01.mp3
01-11217-01,./Audio/01-11217-01.mp3,परिवार नियोजन की जानकारी नहीं है अगर आंगनबाड़ी और आशा इस सन्दर्भ में परिवार नियोजन की बातों को बताई तो शायद यह भी जागरूक,Accent_unknown,Adult,Male,,,,,,1DiRQevxfd9vWRjlrtUxl7OhRpOi7wHma,01-11217-01.mp3
01-11240-01,./Audio/01-11240-01.mp3,भेजा हैं दूरस्थ शिक्षा के निदेशक डॉक्टर अशोक कुमार श्रीवास्तव पिछले आठ महीने से इस वही उप निदेशक आर एन ओझा ने,Accent_unknown,Adult,Female,,,,,,19DzDwO-KtTzilbsF1Rk44DwikkSeKxM2,01-11240-01.mp3
01-11250-03,./Audio/01-11250-03.mp3,नमस्कार दोस्तों मैं दीपक आपके लिए लेकर आया हूँ मधुबनी मोबाइल वाणी पर आये दिनभर की ख़बरों का सारांश समाचार संध्या में बिहार राज्य के मधुबनी जिला से रामानंद सिंह जी,Bhojpuri,Adult,Male,,,,,audio_jump,1hWP8VnFmqS9exgcwwF0JbBo7oBxwT5rT,01-11250-03.mp3
01-11261-02,./Audio/01-11261-02.mp3,बता दे की बाईस को कोर्ट में अवकाश है मंगलवार को शिक्षक शिक्षक संगठनों की और ऐसी अधिवक्ता सी एस सुन्दरम ने अपनी दलील पेश की बता दे की बीती सोलह अगस्त को हुई सुनवाई में,,,,,,,,inaudible,1i3Vuk3oX_S4N_Nr8hVt1J57FhNSEaSSs,01-11261-02.mp3
01-11267-03,./Audio/01-11267-03.mp3,एलिस्टर कुक पवेलियन भेज दिया है खबर लिखे जाने तक इंग्लैंड का स्कोर दो विकेट के नुकसान पर तैंतालीस रन हो गया है इशांत को दिन के पहले ही ओवर में कामयाबी मिली,,,,,,,,,1pESjmjJolgYseqeCupoN_XPfqQ11x3Qx,01-11267-03.mp3
01-11269-01,./Audio/01-11269-01.mp3,नमस्कार आदाब श्रोताओं लेकर आया हूँ मध्य प्रदेश राज्य चुनाव में नोटा के उपयोग आरोप A सी ने लगाई रोक,Accent_unknown,Adult,Male,,,,,audio_jump,1BwFCk6mj4XxUF6jzfIwccpok1BVca_ep,01-11269-01.mp3
01-11270-01,./Audio/01-11270-01.mp3,लिमिटेड के अफसर बिजली तेल और गैस कंपनी देगी कैश बेक खबर है भोपाल से डिजिटल पेमेन्ट को बढ़ावा देने के लिए,Accent_unknown,Adult,Female,Music,,,,,11oE0WNzy6mcWwimTRX9dQNiwpdZXvtN8,01-11270-01.mp3
01-11276-03,./Audio/01-11276-03.mp3,नमस्कार आदाब श्रोताओं मैं श्रोता बिहार मोबाइल वाणी,,,,Music,,,,,1KHjddM-Vx7825rndUjWGhkKJWI86k7jd,01-11276-03.mp3
01-11279-01,./Audio/01-11279-01.mp3,तेज होने के बाद मधेपुरा के आलमनगर आरोप,Accent_unknown,Adult,Female,,Serious,,,,17mfY0D_ayl6JbrFr4ItfT3e5_FFwB_8z,01-11279-01.mp3
01-11288-03,./Audio/01-11288-03.mp3,की गयी थी वहाँ फिर ऐसी काउंसिलिंग इसके लिए विभाग ने जिला ऐसी रिक्तियां तालाब की है पुराने रिक्तियों के आधार आरोप,,,,,,,,inaudible,15C9VVnSzy1KOu0UIXY_9dbC0_mbjRjZi,01-11288-03.mp3
01-11311-01,./Audio/01-11311-01.mp3,इसमें और सुधार के लिए इंजनों में जीपीएस उपकरण लगने का बीड़ा लिया गया है लगभग दस हज़ार ट्रेनों में प्रीमियम ट्रेनों में लागू फ्लेक्सी किराया प्रणाली,Bihari,Adult,Female,,,,Bihar,,1KeS5ZLByfEZ2dY5x6EZDu8D6bCUt9N5a,01-11311-01.mp3
01-11312-03,./Audio/01-11312-03.mp3,इन्हे लगभग पाँच माह से मानदेय नहीं मिला हैं चालू वित्त वर्ष में,,,,,,,,inaudible,1zhCpCnu9eI_X45UT71pyjrGs0dEZArCw,01-11312-03.mp3
01-11321-03,./Audio/01-11321-03.mp3,बिजली कंपनियों को दस हजार चार सौ उन्तीस करोड़ रूपए दे इससे सर्वाधिक फायदा किसानो को मिलेगा इनके हिस्से के लगभग दस हजार करोड़ रूपये,Accent_unknown,Adult,Female,,,,,,1TII9ZmKPS32KstLdS_d4FYEIVhMoJtNx,01-11321-03.mp3
01-11337-02,./Audio/01-11337-02.mp3,की रेडर एक ईमानदार अधिकारी थे जो राजनीतिक दबाव के आगे कभी नही झुकते पर्यावरण और दंडा मंत्रालय के जिन वनों की वे रक्षा करते वे भारत के ग्रीन हाउस गैसों,Accent_unknown,Adult,Female,,,,,,1mMEnD6QD2qlKqIbMoxa9dvHrH14yrv-Y,01-11337-02.mp3
01-11340-03,./Audio/01-11340-03.mp3,जी और मई मधु आज इस विषय भारत मन रंजेरो के लिए दुनिया का सब भारत वर्तमान में मन रंजेरो के लिए दुनिया का पिछले साल ही ले लीजिये बीस फरवरी दो हज़ार सत्रह को रेंज मन अधिसूचित,Accent_unknown,Adult,Female,,,,,audio_jump,1ppqavJMPR6Gz8XsHv1Gzg6OTjRrWZmpn,01-11340-03.mp3
01-11354-02,./Audio/01-11354-02.mp3,पद के विषय मैं रिक्त रहा के लिए दो सौ अस्सी में से एक सौ चालीस पदों पर सीधे नियुक्ति व एक सौ चालीस पदों पर हाई स्कूल मैं कार्यरत शिक्षको टु विद्द्यालय में नियुक्ति के लिए परीक्षा ली गयी थी,,,,,,,,inaudible,1VAqpPNnZK-GVHYV0fDnN8zQnqdQ_-_7k,01-11354-02.mp3
01-11366-02,./Audio/01-11366-02.mp3,समाधान भी इसी प्रकार सम्भव हैं तो दोस्तों कैसा लगा आप को समाचार संध्या का ये अंश हमें जरुर बताये नंबर तीन दबा कर कर और ऐसे ही बड़ी ख़बरों के लिए सुनते रहे,,,,,,,,,1cjCbIKd_UldIxhHNvdZ6ViBhYMAgAf-y,01-11366-02.mp3
01-11381-02,./Audio/01-11381-02.mp3,मायावी प्रखंड के परबनी पंचायत अंतर्गत भावखाध की खेती बड़ी रोज़गार सम्बन्ध के जरिया बनाया हैं शिक्षा के यहाँ समारोह हनी के बावजूद मनाया चार एकड़ भूमि आरोप,Accent_unknown,Adult,Male,,Serious,,,,18Rf4Y1D4NnymlDo73zrSNzJLOk_qGhSY,01-11381-02.mp3
01-11387-02,./Audio/01-11387-02.mp3,ये त्यौहार फुल्लत के इन्द्रहिनिये और तेजेखुरबा के नाम ऐसी भी जाना जाता है,Bihari,,Male,,Happy,,Bihar,,1OiP1bOkL_q7xwt9564SQPCx9cfkQsgQw,01-11387-02.mp3
01-11387-03,./Audio/01-11387-03.mp3,जिस तरह ऐसी ईद उल फितर रमजान महीने मई रोज़े रखने की खुशी मई मनाया जाता है ठीक उसी तरह ऐसी ईद उल अजहा भी हज पूरा करने की खुशी मई मनाया जाता है,Bihari,,Male,,Happy,,Bihar,,1GTuD9LbMo-cBGjJbyxBapCHL-b4nWiGu,01-11387-03.mp3
01-11390-01,./Audio/01-11390-01.mp3,ये देश के लोकतंत्र के लिए गंभीर चिंता की बात है धन्यवाद,Bihari,,Male,,Serious,,Bihar,,1feLHaytenDr0dHNU1kUCps7hoGHiM5Fi,01-11390-01.mp3
01-11395-03,./Audio/01-11395-03.mp3,और अब समाचार खेल से आखिर दो टेस्ट के लिए हुए टीम इंडिया का एलान दो नए चेहरों को मिला मौका खबर है नई दिल्ली से भारत और इंग्लैंड के बीच खेले जाने वाले आखिरी दो टेस्ट मैच के लिए,,Adult,Female,Music,,,,,1Ma06vTIoWt_gI0asihn243bnMJ18xa_W,01-11395-03.mp3
01-11417-01,./Audio/01-11417-01.mp3,के अनुरूप बच्चों ऐसी किताब वापस ली गयी बच्चों ऐसी वापस ली गयी किताबें लगभग बारह लाख बच्चों को फिर ऐसी उर्जा सचिव ने कहा दो महीने में झारखण्ड,Accent_unknown,Adult,Male,Music,,,,audio_jump,1IzMC1SlojAECRSo0AQ1RTQjiRBKQIiZw,01-11417-01.mp3
01-11424-03,./Audio/01-11424-03.mp3,और अंत में समाचार खेल जगत से,Accent_unknown,Adult,Female,Music,,,,,15buaKWs9-83iWX-Paq2kCQlXgKKr8P8w,01-11424-03.mp3
01-11510-02,./Audio/01-11510-02.mp3,उपपति उपपति ऐसी ये कहा की युवाओं में जिसका बनाकर काम करने की ज़रुरत है युवा बदलाव ला सकते हैं हम आप सभी के साथ,Bhojpuri,Adult,Male,,,,,"audio_jump,inaudible",1yc1OT4r6N_Hj_rpTWJMLGcLkG2sn6u42,01-11510-02.mp3
01-11520-02,./Audio/01-11520-02.mp3,कुलदीप नायर को जेल जाना पड़ा था प्रधानमंत्री ने ट्विट कर नायर के निधन आरोप गहरा शोक व्यक्त किया,Bhojpuri,Adult,Male,,,,,,1E4FNWaM-6Au2gcuLDWruGMjLV7b_ypPc,01-11520-02.mp3
01-11524-01,./Audio/01-11524-01.mp3,किसानो की है दोगुनी करने के लिए तस्दस्मल्क छह फीसद की स्मृति दर्ज की के जरुरत है सरकार ने इस इस लक्ष्य को पाने के लिए कई योजनायें शुरू की,Accent_unknown,Adult,Female,Music,,,,audio_jump,1ZCHif-jDvras3foKVzOEjo9WCSEHU6iY,01-11524-01.mp3
01-11537-03,./Audio/01-11537-03.mp3,प्रदर्शन जारी है एशियन गेम्स में छठवें दिन भारतीय खिलाड़ियों ने रोइंग मुकाबले में बेहतरीन प्रदर्शन कर गोल्ड और दो ब्रोंज मैडल अपने नाम किए,Accent_unknown,Adult,Male,,,,,,1b-MWeja7aIpsK4v0GXYaweVuw_H8gJRp,01-11537-03.mp3
01-11560-02,./Audio/01-11560-02.mp3,इससे पूर्व केरल में आये भीषण प्राकृतिक जल आपदा में असमय काल कलंवित हुए लोगों को श्रद्धांजलि भी दी इस अवसर पर डॉक्टर सुधीर आचार्य प्रदीप शुक्ला विवेक सिंह,Bihari,Adult,Male,,,,Bihar,inaudible,1bVXLInjJMkcNPvTJmcS8lmZVd_DHhBoJ,01-11560-02.mp3
01-11578-03,./Audio/01-11578-03.mp3,विभाग में राज्य अपीलीय प्राधिकार के लिए सोलह पद सूचित करने और जिला स्तर पर गठित संत ज़ेवियर कॉलेज को प्राइवेट यूनिवर्सिटी का मिल सकता है दर्जा,Bihari,Adult,Female,,,,Bihar,audio_jump,1Peb4Ge3FfmQb2OhPLTwI3kczaUYwZN0V,01-11578-03.mp3
01-11596-02,./Audio/01-11596-02.mp3,और नालंदा जिले ऐसी हमे कई लोगो ने इस मुद्दे ऐसी जुड़े अपने विचार हमे भेजे है तो आइये सुनते की नालंदा जिले ऐसी हमारे साथियों का क्या कहना है,,Adult,Male,,,Nalanda,Bihar,,1WA0OuiP9cfFfMKcGGBC64vAopD1VrMQU,01-11596-02.mp3
01-11604-01,./Audio/01-11604-01.mp3,नमस्ते आदाब साथियों बच्चों को जीवन रक्षक घोल यानि की ओ आर एस का घोल पिलाना है बहुत जरुरी,Bihari,Adult,Male,,,,Bihar,,11r7Cpy6TdyOp5cMM8722SOMi_xFITYUG,01-11604-01.mp3
01-11616-03,./Audio/01-11616-03.mp3,निरक्षण का जिले में मध्यान भोजन निरक्षण अभियान चलाया जाएगा जिसके तहत मुदुसाथ के आदेश आरोप विभिन आरोप अधिकारियो द्वारा निरिक्षण का काम,Accent_unknown,Adult,Male,,Serious,,,,14L6EgAdHD6CqVlvWQBjHofuKfSWM5mwm,01-11616-03.mp3
01-11647-02,./Audio/01-11647-02.mp3,सीमित पहूँ यह कोई पहुँच नहीं है दो हजार ग्यारह पी जी एच एफ गारी अध्ययन इसके अलावा पिछले दो दशकों सार्वजनिक में मुफ्त दवाओं की उप,,Age_unknown,Female,,,,,audio_jump,17BQCv4BoNwIWodu5499Ius-z3r9l20cQ,01-11647-02.mp3
01-11647-03,./Audio/01-11647-03.mp3,की उपलब्धता में रोगी दो दसमलव हज़ार आठवी सदी यह पाया गया की भारत में स्वास्थ्य वही दोनो के मामले में,,Age_unknown,Female,,,,,audio_jump,1c-SRdoKQ-X2Pdtd9LPMHhaDqcVj5n9-h,01-11647-03.mp3
01-11663-01,./Audio/01-11663-01.mp3,जिस स्टेशन आरोप डॉक्टर की सुविधा मौजूद हो मरीज़ का इलाज किया जाता हैं इस,Accent_unknown,Adult,Female,Music,Serious,,,,1HmanHR4K0jYMP7fEGdCQ4Z7n6UsDe4d7,01-11663-01.mp3
01-11610-01,./Audio/01-11610-01.mp3,नगर निगम में स्तर उपभोक्ताओं का वाटर यूजर चार्ज किया माफ़ मिली राहत खबर है रांची ऐसी,Accent_unknown,Adult,Female,,,,,,1EiGeESvIIBv4z7vYrHztC7aPuWQuL8Yt,01-11610-01.mp3
01-11688-01,./Audio/01-11688-01.mp3,ने पुरुष युगल में आठ साल बाद स्वर्ण पदक,Accent_unknown,Adult,Female,Music,,,,,1Ld_6gIZcz-v3EHKF4c2fbUqQHIIW8pMm,01-11688-01.mp3
01-11778-01,./Audio/01-11778-01.mp3,उसका अपना है माँ की साथ के लिए वह बेटी है जिसने उनका घर और भाई के लिए वही बहन जो बेशक लड़की होगी लेकिन,Bihari,,Male,,,,Bihar,,1spuhSx0fXZLElawrU30VSBIqwb5CpLH6,01-11778-01.mp3
01-11783-02,./Audio/01-11783-02.mp3,स्थापित करने की आदेश हरी किया है इसमे केंद्र के संचालन ऐसी जुड़े तमाम जानकारी एच,Accent_unknown,Adult,,,,,,,1BKg0wOSJ2lgsubbGMXJ7iSJXgvCaLMhU,01-11783-02.mp3
01-11796-02,./Audio/01-11796-02.mp3,दी बधाई रक्षाबंधन का त्योहार रविवार को देश भर में हर्षों उल्लास के साथ मनाया जा रहा है इस खास दिन पर सभी बहने आपने भाइयो की कलाई और कामना करती है और अपनी रक्षा का वचन,Accent_unknown,Adult,Female,,,,,inaudible,1GcptqKGMMAeeWmo7EFwIxVLGPDMAw1EI,01-11796-02.mp3
01-11822-02,./Audio/01-11822-02.mp3,प्रथम सूची में नौ लाख इकासी हजार दो साओ पचासी क्षेत्र का चयन किया गया था बोर्ड का मानना है की प्रथम सूची के आधार पर इंटर में आठ लाख क्षेत्र का नामांकन होगा,,Adult,Male,,,,,,1hnWH_RxaCgrZnv6ZtGPgyoc4x-uHHFnu,01-11822-02.mp3
01-11851-01,./Audio/01-11851-01.mp3,मई मधु लेकर आई हूँ सुबह की ईद मिनिस्टर' के कहा सोशल मीडिया प्लेटफार्म प्लेटफार्म को चुनाव प्रभावित करने खबर है 'नई डेल्ही ऐसी,Accent_unknown,Adult,Female,Music,,,,,1-_9iSljZCC34UD08K_oBC9wR-5O4SH1Y,01-11851-01.mp3
01-11852-02,./Audio/01-11852-02.mp3,ता है और भारत वादा करता है की यदि किसी ने देश मई चुनाव को की तो उसकी पहचान करके उसे दण्डित किया जाएगा प्रसाद ने अर्जेंटीना के साथ,Accent_unknown,Adult,Female,,,,,inaudible,1BK_82iNjETRwOo6E7sQuNcnr9ZVv5VNS,01-11852-02.mp3
01-11866-01,./Audio/01-11866-01.mp3,जारी की गयी छह सौ करोड़ रूपए की राशी केवल अग्रिम,Accent_unknown,Adult,Female,Music,,,,,1d14CdoxV4CLFAPUOSpTqSZuyJCbqXYP9,01-11866-01.mp3
01-11894-01,./Audio/01-11894-01.mp3,मई राधोरा मोबाइल मीडिया मोहोदा झारखण्ड ऐसी सताईस अगस्त आरोप जाने माने गायक सताईस अगस्त दो हज़ार अठारह को हमारे बीच नहीं,Accent_unknown,Adult,Male,,,,,inaudible,1dyJnVOTb3BXwpz3U2QN7VcxzXh1RJusA,01-11894-01.mp3
01-11909-02,./Audio/01-11909-02.mp3,घर में अनाज का एक दना नहीं था तीन दिनों तक भूखा रहने के बढ़ जब बच्चों के रोने की आवाज़ सुनाई दी तो पडोसी ने कुछ खाने को दिया तब लोगो ने भूख की इस कहानी को जाना,Bihari,Adult,Male,,Sad,,Bihar,,1y_lt4lONwSys7Sg6ZfFza3TQE_w-LTL7,01-11909-02.mp3
01-11916-01,./Audio/01-11916-01.mp3,जिंदगी की आपाधापी में हमसे छुट जाती है या खबरों की सुर्खियाँ नहीं बन पाती तो आइये सुनते हैं खबरें जरा हट के,Accent_unknown,Adult,Male,Music,,,,audio_jump,1WFccFTEiH9_9xB0_ExRjEhHXE0O67r-9,01-11916-01.mp3
01-11930-01,./Audio/01-11930-01.mp3,में आहाते में पीने का पानी मुहैया नहीं है चौरासी फीसदी ग्रामीण घरो में पाइप ऐसी पानी नहीं पहुँच पता है देश में करीब स्तर फीसदी पीने लायक नहीं है,Accent_unknown,Adult,Female,Music,,,,,1gYa5sV1bq4Zx6nVBIBO6eBo2HyMZJrNc,01-11930-01.mp3
01-11932-02,./Audio/01-11932-02.mp3,कोश ऐसी अतिरिक्त राशी जारी की जाएगी,Accent_unknown,Adult,Female,Music,Sad,,,,1YbxLIh3NKe3BTIUKh6b_pfaJgY4-71MJ,01-11932-02.mp3
01-11957-01,./Audio/01-11957-01.mp3,हम आते के तैयार हो कर बुआ जी जी परेशान मत होइए प्रतापपुर में ऐसा कोई पैदा नहीं हुआ जो आपकी शादी दे आ जाएगी पांच मिनट में अरे स्नेहा बेटी,Accent_unknown,Adult,Female,,Happy,,,audio_jump,1NfGvbKnm0RiDTnsuVMTgkyXLU8uNC3Yl,01-11957-01.mp3
01-11969-01,./Audio/01-11969-01.mp3,आरे माधो ओ सब आइये आइये जी जी नमस्ते माथुर साहब नमस्ते अर्जुन जी कहा के वो बा माथुर साहब अर्जुन बेटा बेटा अर्जुन नहीं आया,Accent_unknown,Adult,Female,Music,Happy,,,,1qaFa5YkJc-hvXIPUnMxwUy_RifCQGMQz,01-11969-01.mp3
01-11968-02,./Audio/01-11968-02.mp3,तो श्रोताओ कैसी लगी आज की कारी क्या आपके पास इस धारावाहिक के बारे में कोई विचार या सुझाव है तो दो दबाएँ नंबर तीन और हम तक पहुँचाए अपनी राय धन्यवाद,Accent_unknown,Adult,Female,Music,Happy,,,,111TKS8wle_C1r9R9NYL3nQgOASe9QIAq,01-11968-02.mp3
01-11986-02,./Audio/01-11986-02.mp3,लाखों की संख्या में लोग जाते है तो सरकार कितना क्या करेगी अपने पर ही निर्भर होना आपकी भलाई तो सबकी भलाई सबकी भलाई तो आपकी भलाई तो मेरा मानना है,Accent_unknown,Adult,Male,,,,,,1p8LEFblFBoqJcAZGDzHU8thSstBMa2-K,01-11986-02.mp3
01-11990-02,./Audio/01-11990-02.mp3,उच्च स्तर पर पहुच गये है पेट्रोल भी अठत्तर रुपया पड़ती लीटर,Bihari,Adult,Female,Music,Serious,,Bihar,,1_IjvUJHQ6UTh3FfUlNmX9WkumCDacUCU,01-11990-02.mp3
01-11999-01,./Audio/01-11999-01.mp3,ले' गय सितम्बर मई प्रथम इंदौर मई चलने वाले टाटा मोटरबस तैयार कर 'सकेंगे',Accent_unknown,Adult,Male,,,,,,1l1jD_0STCEvyli47srx0T0Rjj8PoyqGC,01-11999-01.mp3
01-12008-02,./Audio/01-12008-02.mp3,सकती है इसी सोच के तहत झारखंड की पहली आठ लेन सड़क का नामांकरण उनके नाम पर करने का निर्णय लिया गया है करोड़ो खर्च कर बनाये अत्याधुनिक वासरी,Accent_unknown,Adult,Female,Music,,,,,1Pcn0WfVn1UoVJ3-d7u9wjB5jX55n9ezu,01-12008-02.mp3
01-12020-01,./Audio/01-12020-01.mp3,हिंदी ने जंकों अपनाया है तू क्या हमारा फादर नही बनता,Accent_unknown,Adult,Male,,,,,inaudible,1elYHyOC8Ewmo_DHZwwzpLirhiu8uMKpo,01-12020-01.mp3
01-12066-01,./Audio/01-12066-01.mp3,जिस ऊपर स्पेसिअली अस्पताल का कम रविवार ऐसी प्रारंभ हो गया नगर निगम पार्क के समीप बनाने वाला अस्पताल का औपचारिक शिलान्यास सितम्बर के प्रथम,Accent_unknown,Adult,Female,Music,,,,,1wpTyCA_fCTZr4c1DMaHpHl3KC17xS7X4,01-12066-01.mp3
01-12089-02,./Audio/01-12089-02.mp3,में सामने आया की वे बोगस नहीं बल्कि डुप्लीकेट वोटर थे बकोल रावत चुनाव आयोग मल्टिपल वोटर्स के नाम हटाने का काम कर रहा है,Bihari,Adult,Female,,,,Bihar,,18b1ew3KNBtjfzkZPKukF8tjlTLOokyvO,01-12089-02.mp3
01-12094-01,./Audio/01-12094-01.mp3,करते है चाहे वो किसी भी प्रकार की समुदाय की हो किसी भी प्रकार का टॉपिक हो उससे हम बात करके अगर मोबाइल वाणी,Bihari,Adult,Gender_unknown,,,,Bihar,,1W-pOlXwnBV_1i0TPjjydnu4CBsPBRUXr,01-12094-01.mp3
01-12094-02,./Audio/01-12094-02.mp3,है तो दोस्तों में आप सबसे यही निवेदन करूँगी मोबाइल वाणी के जीतने,Bihari,Adult,Gender_unknown,,,,Bihar,,1zXaiNc6N6nMLSF_XKYKyvSy9umx54Q0C,01-12094-02.mp3
01-12108-01,./Audio/01-12108-01.mp3,अंचल अधिकारी पूरे कराया कॉलेजों में अब नए पैटर्न पर अब इंडक्शन क्लास खबरें अब धनबाद ऐसी विश्वविद्द्यालय और कॉलेजों में अब,Accent_unknown,Adult,Female,Music,,,,,1T4_yEjb_FTS3xvO73snqV4fJVMM0wz9x,01-12108-01.mp3
01-12139-01,./Audio/01-12139-01.mp3,तक ताल दिया गया इसरो ने बताया की मार्च दो हजार उन्नीस में उन्नीस स्पेस मिसाइल लांच किए जायेंगे एक और रिकॉर्ड बनने के असर,Accent_unknown,Adult,Male,Music,,,,,1Sztt8g-x7uAtHwT-pFioZwMn7GeImFcd,01-12139-01.mp3
01-12160-01,./Audio/01-12160-01.mp3,पक्ष में भारत में उड़ते वाले धूल कान के कारण डेल्ही भरी मात्र में वायु पर्दुषण का सामना जैसा की सीपीसी बे के आकड़ो खराब वायु गुणवत्ता सर्दियों और मौसम की घटनाओं,Accent_unknown,Adult,Male,,,,,,1YlddK9TRWQqOdfaI3IwhgXBKDgyKJrxg,01-12160-01.mp3
01-12163-02,./Audio/01-12163-02.mp3,शुक्रिया राजीव जी और मैं मधु आज जिस विषय को लेकर है दो हजार बीस तक है कई शहरों का ग्राउंड वाटर हाल ही में सामने आई निति आयोग की रिपोर्ट,Accent_unknown,Adult,Female,Music,,,,,1hYdZGPlG9FaMnyAOm6Tcoj8LS0qCyaof,01-12163-02.mp3
01-12170-02,./Audio/01-12170-02.mp3,नमस्कार स्रोताओं मैं सुनिधि ले कर आई हूँ बिहार मोबइलवाणी पर दोपहर की सुर्खिया,Bihari,Adult,Female,Music,Serious,,Bihar,,1F5tR3ve5N8TQr0dulaOKKDG65n1VNczk,01-12170-02.mp3
01-12210-01,./Audio/01-12210-01.mp3,बेटी घर आंगन की रौनक हीरा है बेटा तू मोती है बेटी दो दो घरो,Accent_unknown,Adult,Female,,,,,,1xatnF9oHBRX9zAOQ7ih8v9YzBEDk4VWD,01-12210-01.mp3
02-12236-02,./Audio/02-12236-02.mp3,और अंत मई समाचार खेल जगत ऐसी रोमांच मच मई,Accent_unknown,Adult,Male,,,,,,1TXTfU6cLOpea4B4RcuAn04HogYkAo8gD,02-12236-02.mp3
02-12237-01,./Audio/02-12237-01.mp3,राज्य के बाईस थर्मल पॉवर प्लांटो में पर्यावरण स्वास्थ और सुरक्षा की व्यवस्था जाँचेगी कमिटी खबर है राँची से राज्य के बाईस थर्मल पॉवर प्लांटो में इंडियन कौंसिल ऑफ़ मेडिकल,Accent_unknown,Adult,Gender_unknown,,,,,,1wvwWPe6L8FEiMPduPdV4u1WeYuSyx3Xp,02-12237-01.mp3
02-12237-02,./Audio/02-12237-02.mp3,के आधार आरोप पर्यावरण सुरक्षित रखने कर्मियों की स्वास्थ और सुरक्षा सम्बंधित उपाय किए गए है यही नहीं इसकी जा,Accent_unknown,Adult,Gender_unknown,,,,,,1aLoYmn4oqor81UOTew-B6qxp55gXyuR6,02-12237-02.mp3
02-12275-02,./Audio/02-12275-02.mp3,संतोष पाण्डेय संजय पाण्डेय चन्दन लाल जवाहर ठाकुर,Accent_unknown,Adult,Male,,,,,,1YtskVGmldNgiBQVlWDkXDMQ1HIdJqsgL,02-12275-02.mp3
02-12391-01,./Audio/02-12391-01.mp3,अब अनंतकाल तक उनका सरकार चले और जो भी नीतियाँ है वो कहते है दो हज़ार बाईस तक दो हज़ार चौबीस तक इस तरीके का ये है,Accent_unknown,Adult,Male,Noise,,,,inaudible,1Cg-xX0iFAG_I68NV-FoHUXizpI7LX8A-,02-12391-01.mp3
02-12396-01,./Audio/02-12396-01.mp3,तो कुल मिला के हम ये देखते है की आज की ये रैली बहुत कामयाब रैली रही है सरकार तक ये बात पहुँचाने के लिए जो मौजूदा सरकार है उनतक ये पहुँचाने के लिए,Accent_unknown,Adult,Male,,,,,,15hLYFT79SPGvp8rn8o1CnY7n6CxwZC-Q,02-12396-01.mp3
02-12448-01,./Audio/02-12448-01.mp3,निर्माण कार्य के लिए प्रोत्साहित किया इस दौरान उपस्थित लोगो को सम्बोधित करते हुई खा की तमाम कोशिश के बाद भी अबतक पश्चिमी चंपारण जिले के,Accent_unknown,Adult,Female,Music,,,,,1wormT5PDxt2MjrjWd6xBTHiRqIGuc9t4,02-12448-01.mp3
02-12479-01,./Audio/02-12479-01.mp3,दो हजार बारह मई पांच स्कूल आरोप तय की या गया था सभी विषय मिलाकर सता वगैरह बावन फीसदी अंक लाने अभियार्थियो परीक्षा में पास हो जाते थे नई शिक,Accent_unknown,Adult,Female,Music,,,,inaudible,1jsQd8eFryoUdjn2aJXRlt7yv-dIQI_yq,02-12479-01.mp3
02-12500-02,./Audio/02-12500-02.mp3,चौदह साल जेल की साझा ऐसी लेकर आजीवन कारावास टाका प्रावधान रहा है फैसला सुनाते हुए मुख्य न्यायधीश ने टिप की किसी को कुछ नम्बर,Accent_unknown,Adult,Male,,,,,inaudible,1QG95qCs1q_bzU9AA3PrGKK8FQj-W8GvJ,02-12500-02.mp3
02-12524-02,./Audio/02-12524-02.mp3,अपनी स्थिति देख सकते हैं इसके अलावा बोर्ड ने सभी आवेदको को एस एम एस के माध्यम ऐसी भी सन्देश भेजा है बोर्ड ने सभी छात्रों को निर्देश दिया है,Accent_unknown,Adult,Male,,,,,,14RoI8naHyN_3pOlj5P1fRrtLyJHnorWl,02-12524-02.mp3
02-12549-01,./Audio/02-12549-01.mp3,जन्म भी नहीं हुआ था लेकिन अब इस बीस वर्षीय खिलाड़ी के पास एक कदम आगे बढ़ाते हुए पहली बार ग्रैंड स्लैम फाइनल में जगह बनाने का मौका,Accent_unknown,Adult,Gender_unknown,,,,,,1xp-8vzkiggkM4vtaVmsgSxye4IMDEXI7,02-12549-01.mp3
02-12548-02,./Audio/02-12548-02.mp3,में सीधे सेटों में छह एक छह एक से जीत दर्ज की जापान की किमोका जेट ने उन्नीस सौ छ्यान्वे में जबविमंडलन सेमीफाइनल में जगह,Accent_unknown,Adult,Female,,,,,,10KS9V29ZG2HN4y4CTBgdLZkZAON762-T,02-12548-02.mp3
02-12549-02,./Audio/02-12549-02.mp3,बाद में पुरुष एकल में जापान के भी तीसरी बार अमेरिका ओपन के सेमी फाइनल,Accent_unknown,Adult,Gender_unknown,,,,,inaudible,1bs1K0MmfmMWSw72WrTnGttCtJigSk2Vx,02-12549-02.mp3
02-12572-02,./Audio/02-12572-02.mp3,अगर हमें कुम्हार के समस्या का समाधान करना है तो जनता को महत्वा बताना होगा की मिटटी की बर्तन का क्या महताब है फिर अगर जनता समझ जाएगी तो कुम्हार को समस्या नी आयेगी,Accent_unknown,Adult,Male,,,,,,1Hex7xn3sw1Dg_XL69RkvkPQ__kVt95H6,02-12572-02.mp3
02-12600-01,./Audio/02-12600-01.mp3,"विभिन्न मांगो को लेकर सरकार के खिलाफ बुधवार यानि की पाँच सितम्बर दो हज़ार अठारह ['को', 'दिल्ली'] में किसान और मजदूर प्रदर्शन किए",Accent_unknown,Adult,Female,Music,,,,,13vD5cNFKtQLNFGGF6LYDUY4sr6BAxV6A,02-12600-01.mp3
02-12606-01,./Audio/02-12606-01.mp3,नमस्कार आदाब दोस्तों स्वागत है आपका जनता की रिपोर्ट चर्चा मंच आरोप,Accent_unknown,Adult,Female,,,,,audio_jump,1TlXgxTiJlbJsstsjEiwn6I-e_ZB6HA9B,02-12606-01.mp3
02-12621-01,./Audio/02-12621-01.mp3,ऐसी किसी झाड़ने या प्रदर्शन में भाग लिया है कैसा था आपका अनुभव हम सभी एक समृद्ध और सुख भी,Accent_unknown,Adult,Female,Music,,,,,1S8F9x_-Q8hnP_SIJUe1rUsimw72_cqhi,02-12621-01.mp3
02-12641-01,./Audio/02-12641-01.mp3,होस्से हैं आपके हिसाब ऐसी वो कौन सी एक बिंदु है जिस आरोप सु,Bihari,Adult,Female,Music,,,Bihar,,1VyAtaElOVpJ5gSIUvWsbuA0mHfikweGs,02-12641-01.mp3
02-12649-02,./Audio/02-12649-02.mp3,दोस्तों जनता की रिपोर्ट चर्चा के मंच पर लगातार हम अलग अलग मुद्दों पर चर्चा करते आ रहे है मुद्दे जो हमारी जिंदगी से जुड़ी हुई है,Accent_unknown,Adult,Female,Music,,,,,1Hk5rljlLnYmbVRnG3_F4xpu-_JAA5F27,02-12649-02.mp3
02-12656-02,./Audio/02-12656-02.mp3,जिससे दुसरे लोग अपने परिजनों के पास कम समय में पहुँच जाते हैं जाते हैं वो मजदूर जिनके मेहनत से टीवी और एयर कंडीशनर जैसे साधन बनते हैं,Accent_unknown,Adult,Female,Music,,,,audio_jump,1s8Ub7tne0KQ2r4qF9fzRZB0LzIUujgHE,02-12656-02.mp3
02-12664-01,./Audio/02-12664-01.mp3,ऐसे किसी धरने या प्रदर्शन में भाग लिया है कैसा था आपका अनुभव हम सभी एक समृध और सु:ख दुःख,Accent_unknown,Adult,Female,Music,,,,,1Z8I0NPijk_NxaJ4Np4MhhYP1ruEuY7K7,02-12664-01.mp3
02-12680-02,./Audio/02-12680-02.mp3,इसके लिए बहुत सारे प्रोडक्ट हैं हमारे पास में जैसे,Bhojpuri,Adult,Male,,,,,inaudible,1ByvBJvXeQg3J5LnVt2n93U2NXANRXH72,02-12680-02.mp3
02-12681-02,./Audio/02-12681-02.mp3,सेवन सेवन सिक्स फोर जीरो फोर जीरो सेवन आठ नाइन पर संपर्क करें अधिक जानकारी ले सकते हैं धन्यवाद,Bhojpuri,Adult,Male,,,,,inaudible,1fPYdIa8oEVbGWaEoIOAr5uRzXJzxGicT,02-12681-02.mp3
02-12727-01,./Audio/02-12727-01.mp3,नमस्ते आदाब श्रोताओ एक बार फिरसे हम आकाश स्वागत करते है आपका जीविका मोबाइल वाणी में साथियों,Accent_unknown,Adult,Male,Music,,,,audio_jump,1B78RIy_YAzYBvMGg0uZ0Ykr3KCkBxF0_,02-12727-01.mp3
02-12789-02,./Audio/02-12789-02.mp3,लेकिन कचड़े का बदल हटा ही नहीं तब चीकू हो गई बहुत दुखी इसके बाद चीकू ने बाला को देखा सड़क आरोप केले का श्रोता फेकते हुए चीकू को गुस्सा आ गया,Accent_unknown,Adult,Female,,,,,audio_jump,17dy_8io8lBu5Y7dUyBxJ1TLvTNDgicVT,02-12789-02.mp3
02-12807-02,./Audio/02-12807-02.mp3,कचड़ा फैलने ऐसी कैसे रोकें,Bhojpuri,Adult,Female,,Serious,,,,1u6bq-i7mMhd8wTaBWZ5Va-jIPUQ1WaB9,02-12807-02.mp3
02-12811-01,./Audio/02-12811-01.mp3,इ हैं बड़का प्रेम पत्र लिखने वाले बने है हमको अरे कहो तो लिख दिन आज देखिएजी ढेर यहाँ नौटंकी मत दिखाइये,Bhojpuri,Adult,Female,Music,,,,laugh,1sruu_uzv4sQaiNtwkyK60DA2PHbFFuCu,02-12811-01.mp3
02-12812-01,./Audio/02-12812-01.mp3,हम भी घर में बहुत सारा कागज जमा कर लिए हैं अरे मेरी भोली चिरई वो कागज को न किसान बिकास पत्र,Bhojpuri,Adult,Female,,,,,laugh,1RHMeIybTqEustiE9fPyXD-U51wcohYsv,02-12812-01.mp3
02-12827-01,./Audio/02-12827-01.mp3,#incomplete छत्तीसगढ़ और झारखण्ड के अंदरूनी इलाको में पचीस से तीस किलोमीटर प्रति घंटे से लेकर पैतालीस किलोमीटर प्रति घंटे और अब खबर खेल जगत अच्छी शुरुआत के बाद लडखडाई इंग्लैंड की पारी,Bhojpuri,Adult,Female,,,,,,1fGVV0LpYNmvvm8uSKAHvdD9emqqmtEIf,02-12827-01.mp3
02-12828-01,./Audio/02-12828-01.mp3,जोश बतला एक ग्यारह और आदिल रशीद छह रन बनाकर क्रीज़ आरोप हैं तो श्रोताओं मिलते हैं कुछ नई कुछ नई और खास ख़बरों के साथ तब तक बने रहे बिहार मोबाइल वाणी के साथ धन्यवाद,Bhojpuri,Adult,Female,,,,,,14-U5Gg-GunT_FnmvJrBNuGYrz00K8QVg,02-12828-01.mp3
02-12838-02,./Audio/02-12838-02.mp3,में कुछ बदलाव भी किया है अब योजना की खातों का दुर्घटना वीमा एक आरोप रिटायरमेंट के बाद एक हज़ार रूपए ऐसी पांच हज़ार,Accent_unknown,Adult,Male,,,,,"audio_jump,inaudible",1b8PUl_zwo2CNHfzfZ662T3fICRGWf-0m,02-12838-02.mp3
02-12841-02,./Audio/02-12841-02.mp3,खबरें ज़रा हटके में आपका स्वागत है इसमें हम बात करते हैं वैसे मुद्दों के बारे में जिससे आपके जिंदगी का सीधा सरोकार है वैसी खबरें,Bhojpuri,Adult,Male,,,,,,1t5OvKekb9ovM7Wsnzlq0NG79FwzAK6Wc,02-12841-02.mp3
02-12855-01,./Audio/02-12855-01.mp3,जिंदगी की आपा धापी में हम सब छूट जाते हैं ख़बरों की सुर्खियाँ सुर्खियाँ नहीं बन पाती तो आइये सुनते हैं खबरें ज़रा हटके,Bhojpuri,Adult,Male,Music,,,,,12TAhGKWprOravzqbUgMtIGsAloRgBRr7,02-12855-01.mp3
02-12889-01,./Audio/02-12889-01.mp3,में ऐसी एक बलाधाम आज सितम्बर को मंदिर रिज़र्व बैंक ऑफ़ इंडिया में किए जाने का बीड़ा लिया है,Bhojpuri,Adult,Male,,,,,inaudible,1cNidFoQa-i-U-ktGijaefq60tCrKXMD-,02-12889-01.mp3
02-12901-01,./Audio/02-12901-01.mp3,ऐसी पिता नाराज होकर दिल्ली की रुख बदल दिया और दिल्ली की ओर प्लान करके दिल्ली चले गए जब दिल्ली गया तो पिताजी को,Bhojpuri,Adult,Male,,Serious,,,,1_IZ0NqZSJEw3VlAm7Qcwl8WWUtxXjsI0,02-12901-01.mp3
02-12932-01,./Audio/02-12932-01.mp3,का रिजल्ट जारी किया गया है और अब समाचार खेल जगत ऐसी भारत को को चौथा झटका शुन्य आरोप आउट इंग्लैंड के खिलाफ पांचवे टेस्ट,Bhojpuri,Adult,Female,,,,,inaudible,1aroD5jNbFGHhrpxLK2Y7x5evwc-1TmUx,02-12932-01.mp3
02-12932-02,./Audio/02-12932-02.mp3,के दुसरे दिन अपनी पहली पारी में इंडिया चार विकेट के नुकसान आरोप बना लिया है ओपनर शिखर धवन राहुल,Bhojpuri,Adult,Female,,,,,inaudible,19c9ClNoSF0YEnExwRNe6A_poVShjmIoI,02-12932-02.mp3
02-12937-02,./Audio/02-12937-02.mp3,गोदी में खेलती है इसकी हज़ारों नदियाँ गोदी में खेलती है,Bhojpuri,Child,Female,Music,,,,,1OwFFpC39FkyHsv_0r6DE-9EQhkDKR3M1,02-12937-02.mp3
02-12963-02,./Audio/02-12963-02.mp3,गर्भवती महिला को बहुत लाभदायक इसका लाभ हम हम ले चुकी बहुत अच्छा फायदा हुआ क्यूँकी बड़ा ऑपरेशन तो बच्चा होने बाला था घी खाने ऐसी दूध और घी खाने ऐसी,Bhojpuri,Adult,Female,,,,,"audio_jump,inaudible",1bwagLOlTBD0SroXNzVD6yemRjSPmx3wA,02-12963-02.mp3
02-12968-01,./Audio/02-12968-01.mp3,तो आइये सुनते हैं की नालंदा जिले ऐसी हमारे साथियों का क्या कहना है नाकार गाँव ऐसी बोल रहा हूँ काम करती हूँ,Bhojpuri,Adult,Male,,,,,inaudible,1yBTmGBwx76IY0q4VlfdLrq4Aw5fwds05,02-12968-01.mp3
02-12970-01,./Audio/02-12970-01.mp3,इस ऐसी बच्चे शारीरिक रूप ऐसी भी स्वस्थ रहते हैं और मानसिक रूप ऐसी भी वो अच्छा बच्चा का शरीर स्वस्थ रहता है,Bhojpuri,Adult,Female,,,,,inaudible,1mwpAeU7Cnslr5QiSci0zRpGz4l3niToQ,02-12970-01.mp3
02-12982-01,./Audio/02-12982-01.mp3,आउट किया आउट हनी ऐसी पहले कोहली ने अंतर्राष्ट्रीय क्रिकेट में सात,Accent_unknown,Adult,Female,,,,,,1veM_iw-yaLQ-1QDI0FHM3CuJW4tEDY0f,02-12982-01.mp3
02-12982-02,./Audio/02-12982-02.mp3,तो दोस्तों मिलते है कुछ खास और नए खबरों के साथ तब तक के लिए धन्यवाद,Accent_unknown,Adult,Female,Music,,,,,1gdMfNU2Wappu3b6pxN_ZNBP-IUsIKa1Q,02-12982-02.mp3
02-12992-02,./Audio/02-12992-02.mp3,श्रोताओं अब मुझे आज्ञा दीजिये मैं फिर आउंगी कुछ नई ख़बरों के साथ,Accent_unknown,Adult,Female,Music,Serious,,,,1lDuQGlbRzl8YXtN0PxdPYEFdnk1aijTf,02-12992-02.mp3
02-12997-01,./Audio/02-12997-01.mp3,दस सितम्बर को पेट्रोल और एल पी जी जी के बढ़ते मूलियों के विरोध में बंद को लेकर पूर्व गामी बैठक राजद कार्यालय में आयोजित की गयी की गयी बैठक के अध्यक्षता,Bhojpuri,Adult,Female,,,,,,13qRi_Z9aNO6-ScngSoumSNB8mKWHbIy6,02-12997-01.mp3
02-13024-01,./Audio/02-13024-01.mp3,दबाना हुआ वहीं विद्यालय के प्रधान अध्यक्ष सीताराम रजत ने बताया की अष्टम तक रोजगार के तहत,Bhojpuri,Adult,Male,,,,,inaudible,1xg3daZPnmnd7P_RK5P_fSeTbusHtPcUZ,02-13024-01.mp3
02-13057-02,./Audio/02-13057-02.mp3,कुम्हारों को सरकार द्वारा आर्थिक सहयोग प्रशिक्षण वगैरह प्रोत्साहन मिले,Accent_unknown,Adult,Male,,,,,,1gODEEdLEpzib8kCpyH1YzhgnFFcSfR3P,02-13057-02.mp3
02-13104-01,./Audio/02-13104-01.mp3,जी सिर उतना हो जाता है हम लोग का जैसे हम लोग के पास और किसान के पास कोई चारा भी नहीं है किसान और कर भी क्या सकता है वो तो अपना खेत में ही कुछ करेगा सिर,Bhojpuri,Adult,Male,,Serious,,,,1tPmnMM7p8MvIlGtyCbDcZFJiP2xr5SE6,02-13104-01.mp3
02-13112-02,./Audio/02-13112-02.mp3,तक की थी हालाँकि कुछ किसानों को एक लाख रूपए तक का भी लोन दिया गया है करीब दस हजार किसानों के बीच,Bihari,Adult,Female,Music,,,Bihar,,1Jc1dhiXvJU1J44WWfcSo12dntUnGA28C,02-13112-02.mp3
02-13117-02,./Audio/02-13117-02.mp3,तो दोस्तों मिलते है कुछ खास और नई ख़बरों के साथ साथ तब तक के लिए धन्यवाद,Bihari,Adult,Female,Music,,,Bihar,,1VK61LXKT1UgzQTqcMR0PmsL_lpUDMcSU,02-13117-02.mp3
02-13121-01,./Audio/02-13121-01.mp3,दुसरे टिके चार महीने में आयरन की गोली चौथे माह खाने का नियम रात में खाना खाने के बाद सोने ऐसी आधे घंटे पहले आयरन की गोली,Bhojpuri,Adult,Female,,Serious,,,,1QOsDJJRdPg1rbLepGl2W5IGE5-F5f-U6,02-13121-01.mp3
02-13163-02,./Audio/02-13163-02.mp3,मैं रजनी कुमार सिंह जमुई से डीजल व पेट्रोल के दामों में हो रहे लगातार वृद्धि को लेकर कांग्रेस सहित विभिन्न दलों द्वारा आहूत भारत बंद को जिले के पार्टी कार्यकर्ता,Bhojpuri,Adult,Male,,,,,inaudible,19gNJnT79fw1-ao80zWJZFfsMlFCeF35Q,02-13163-02.mp3
02-13212-02,./Audio/02-13212-02.mp3,मिलेगा नमस्कार श्रोताओं मैं बीरबल माथुर बाघमारा प्रखंड मोड़ा धनबाद किसानों को फसल का उचित मूल एवम बात हैं मजदूर हो यह किसान,Accent_unknown,Adult,Male,,Serious,,,,1PubtwiyZOc329aA4XLSx5n_s5qx2L-hw,02-13212-02.mp3
02-13218-02,./Audio/02-13218-02.mp3,सोम निरंजन ने कहा की देश में बत्तीस,Bihari,Adult,Male,,,,Bihar,,1e4ixFPIgLKfZE_uvLK0cpU39omgZds7n,02-13218-02.mp3
02-13241-01,./Audio/02-13241-01.mp3,कुम्हार के जीने की जगह ज्यादा बिक्री है जिस कारण कुम्हारों में अपने मिटटी के काला के प्रति थोड़ी रही है और उनका रोज़गार भी समाप्त होते,Bhojpuri,Adult,Male,,Serious,,,inaudible,1QWslH5pXapfaoMzS1xwu6_95WTCkyCr1,02-13241-01.mp3
02-13360-02,./Audio/02-13360-02.mp3,में निवेश की जाती है और जब बेटियाँ अठारह वर्ष की हो जाती है तो पूरी राशि बेटी के नाम ऐसी उपलब्ध करा दी जाती है,,Child,Male,,,,,,1MgShlDG0gBxDiCr4nvaKG2rEEjnnmD00,02-13360-02.mp3
02-13386-01,./Audio/02-13386-01.mp3,इसपे आये तेरा नाम इसुबा है सबसे तेरी शाम,Bihari,Adult,Gender_unknown,Music,,,Bihar,inaudible,1tGmlTsrEXZ3KYuLDYMmN8Xx_jLnBBhHc,02-13386-01.mp3
02-13386-02,./Audio/02-13386-02.mp3,तुझपे दिल कुर्बान तू ही मेरी आरजू तू आबरू तू ही में,Bihari,Adult,Gender_unknown,Music,,,Bihar,,1QXLCiLqA3lm0j_KN1xZpcw12jXaZYTD_,02-13386-02.mp3
02-13398-01,./Audio/02-13398-01.mp3,नमस्कार श्रोताओं मैं प्रीती मध्य प्रदेश मोबाइल वाणी पर लेकर आई हूँ दोपहर की सुर्खिया आज पेट्रोल डीजल हुआ और महंगा,Accent_unknown,Adult,Female,Music,,,,,1_lvECc6dJaEh4vkqwvZpH93YG9cEiU-v,02-13398-01.mp3
02-13435-02,./Audio/02-13435-02.mp3,नमस्कार दोस्तों मैं मनोज आपके लिए लेकर आया हूँ मुंगेर मोबाइल वाणी पर ख़बरों का सारांश समाचार संध्या में,Accent_unknown,Adult,Male,,,,,,17SodCF4aZuqJJO9QjrT-ArHNIwmWFP_x,02-13435-02.mp3
02-13468-02,./Audio/02-13468-02.mp3,आप को ध्यान रखना चाहिए प्रेम ही हमारी जीवन की पूंजी है मरने बाद प्रेम ही दुनिया में अमर रहता है,Accent_unknown,Adult,Male,,,,,inaudible,1S_2vd_tRhxCHnLyBzX9TvTzcHuNkyyE2,02-13468-02.mp3
02-13470-02,./Audio/02-13470-02.mp3,आधार पर है और वह हमको लाल कार्ड के द्वारा वो लाभ मिल रहा है वह व्यक्ति हज़ारों भी देख रहा है यह भी लिंक किया हुआ है,Accent_unknown,Adult,Male,,,,,inaudible,1nUOxDTBlKB9lEXu8B-tEUzu-zLoNrnnc,02-13470-02.mp3
02-13475-01,./Audio/02-13475-01.mp3,मैन्स परीक्षा के लिए देना अनिवार्य हैं इसे लिखकर जाती परमान पत्र बनाने के लिए अभियार्थियो ओ ने ऑनलाइन,Accent_unknown,Adult,Male,,,,,inaudible,1eWIYJxSv-ZliFeqbmlsS1bNeNiJHo_H9,02-13475-01.mp3
02-13541-01,./Audio/02-13541-01.mp3,सुझाव ओ की बात शुरू इस मैं एक लाख ऐसी जयादा सुझाव आये हैं राची मैं बनेंगे सात नए खबर हैं राची ऐसी,Accent_unknown,Adult,Female,Music,,,,inaudible,1-C0yHLxGVPi7NhlnQx68SD_AxhBYcj7s,02-13541-01.mp3
02-13553-02,./Audio/02-13553-02.mp3,सरकार जमीन ऐसी अतिक्रमण हटायेंगे हटायेंगे खबर है भागलपुर भागलपुर पुर ऐसी जिला पढ़ा अधिकारी प्रणव कुमार ने सरकार ने जमीन,Accent_unknown,Adult,Female,Music,,,,,1_pSbsHb71pPOpkTsmo5wL3LqmJiJxY6Q,02-13553-02.mp3
02-13562-02,./Audio/02-13562-02.mp3,और दो ने बच्चा का अंतराल तीन साल होने चाहिए क्यूंकि यदि तीन साल के पहले बच्चा जन्म लेता है तो माँ के शरीर मई खून नई बन पाता खतरा बना रहता है,Accent_unknown,Adult,Female,,,,,inaudible,1hTxNcLeSugKf3Kd6zsqe8H2f82jbAgYP,02-13562-02.mp3
02-13567-01,./Audio/02-13567-01.mp3,वही मुंगेर ऐसी एक बड़ी खबर आ रही है की मुंगेर में दो भूकम्प के हल्के झटके महसूस किया गए भूकम्प सुबह दस बजकर पचीस मिनट पर आया लोग अपने घरो में बैठे थाई के पहला झटका लगा,Accent_unknown,Adult,Male,,,,,,1nVsDRrEMFCKpO8_a7MRHbueDhI-HV8l2,02-13567-01.mp3
02-13582-01,./Audio/02-13582-01.mp3,सभी ऐसी स्वच्छता ही सेवाओं आंदोलन का हिस्सा बनने और स्वच्छ भारत बनने के प्रयासों को मजबूत करने का अघारा किया है मोदी ने अपने ट्विट में पन्द्रह सितम्बर को सुबह साढ़े नौ बजे स्वच्छता ही आंदोलन की शुरुआत,Accent_unknown,Adult,Male,,,,,audio_jump,1nfAuxmEvvX1-TGqDUuBV2eJ0y_3YKePo,02-13582-01.mp3
02-13583-02,./Audio/02-13583-02.mp3,भर्ती और इंग्लैंड की बीच खेली जा रही मैच ओवल के मैदान पर खेला जा रहा है एशिया कप दो हजार अठारह का आज पंद्रह सितम्बर ऐसी होने जा रहा है पांच टीमें हिस्सा ले रही है श्रीलंका बंग्लादेश और,,Adult,Male,,,,,,1xDvp-EsSwR7p5ZPiCgrKttilYO5rF3tj,02-13583-02.mp3
02-13619-01,./Audio/02-13619-01.mp3,आपका अपना पसंदीदा कार्यक्रम खबरें जरा डेवलपमेंट के,Accent_unknown,Adult,Male,Music,,,,,1V9mGas5zI6Cq8Mk1XuSPT_YldykoMC_H,02-13619-01.mp3
02-13621-02,./Audio/02-13621-02.mp3,एक सौ पचासवी जयंती के अवसर आरोप उन्हें सच्ची श्रद्धांजलि बताया प्रधान प्रधानमंत्री ने अपने विडियो सन्देश में सब स्वच्छता ही सेवाओं आंदोलन और स्वच्छ भारत बनाने के प्रयासों को मजबूत,Accent_unknown,Adult,Female,,,,,inaudible,16UTGyYlrvuArWa3WBQGmzfzl40h3DSfu,02-13621-02.mp3
02-13625-02,./Audio/02-13625-02.mp3,जाँच रिपोर्ट में यह तथ्य सामने आया की सैंपल के लिए गए विद्द्यालयों में से दो सौ पचास स्कूलों का पानी पीने योग्य नहीं है जाँच में पटोरी विद्यापति नगर,,Child,Female,,,,,,122F0S6kpQ1rbOkFU1WB4qMjWXIa5sMik,02-13625-02.mp3
02-13627-02,./Audio/02-13627-02.mp3,ट्रीटमेंट प्लांट दिसम्बर दो हज़ार अठारह तक बनकर तैयार कर लिया जायेगा कई की प्रगति को देखकर टीम बेयोर में सिवेरेज पाइपलाइन के एक सौ अस्सी किलोमीटर में अब तक सडसठ किलोमीटर का कार्य पूरा हो गया है,,Child,Female,,,,,,1k0l9eMdCoNF6ybEM6Z7YbmsbjP6yhTiW,02-13627-02.mp3
02-13632-02,./Audio/02-13632-02.mp3,श्रद्धांजलि बताया प्रधान मंत्री ने अपने विडियो सन्देश में सभी को स्वच्छता ही सेवा आंदोलन का हिस्सा बनने और स्वच्छ भारत बनाने के प्रयासों को,,Child,Male,,,,,,1yrVHvFzUEamiLmU325hcSJ1Pe97zZgxO,02-13632-02.mp3
02-13705-01,./Audio/02-13705-01.mp3,किसी कार्यालय पर धरना शुरू जिले में मनरेगा के खबर है रांची से झारखण्ड राज्य मनरेगा कर्मचारी संघ के अह्वाहन पर,Accent_unknown,Adult,Female,,,,,inaudible,1BNOXNadA6fyAi8vw6xHSBNudI1ugV8dH,02-13705-01.mp3
02-13722-01,./Audio/02-13722-01.mp3,अंडे हो का ई यह,Accent_unknown,Child,Gender_unknown,Music,,,,inaudible,19Y7l1tguqAKwYqaAz8yGdqO6_BwAwhA2,02-13722-01.mp3
02-13722-02,./Audio/02-13722-02.mp3,दे हो का ई यह,Accent_unknown,Child,Gender_unknown,Music,,,,inaudible,1SHryN3ev_AIs6m9DpMiG7rib1L1BoQJ6,02-13722-02.mp3
02-13726-02,./Audio/02-13726-02.mp3,डीसी का अर्थ दवा की एक खुराक में दो या उससे अधिक दवाइयों का एक तय अनुपात में मिश्रण होता है दरअसल केंद्र मसले को दवा निर्माताओं ने है,Accent_unknown,Adult,Male,Music,,,,,12l3mB-4F69d-_2K-8WFfBR0G31FIy5eI,02-13726-02.mp3
02-13748-02,./Audio/02-13748-02.mp3,वहीं बाकि के तीन सौ उनतीस मामलों की जाँच सरकार की सभी योजनायें जैसे की कृषि ऋण ऋण माफ़ी किसानों को मुआवजा और न्यूनतम समर्थन मूल्य असफल साबित हुई है,Accent_unknown,Adult,Female,,,,,audio_jump,1aXZHieEbvtWD-fC4zmtSOxATKYBDXQNR,02-13748-02.mp3
02-13757-02,./Audio/02-13757-02.mp3,भारत में सार्वजनिक निति सामान्य रूप ऐसी विवाह टूटने का अनुभव करने वाली महिलाएँ और युवा लडकियाँ को उनके मूल अधिकार प्रदान नी कर पाती और निति में उनकी आर्थिक,Accent_unknown,Adult,Female,,,,,,1iNtQ_Ea_YM_6SygaQ6HncInd8EqPC5Rw,02-13757-02.mp3
02-13842-01,./Audio/02-13842-01.mp3,पेटी एस में एक किला दाल देगी मध्य प्रदेश सरकार बाजार से कम रहेंगे भाव खबर हैं भोपाल से चुनावी साल में मध्य प्रदेश में सार्वजनिक सरकार एक किलो,Bihari,Adult,Male,,,,Bihar,audio_jump,1463Yccm8RSq6_d-UtukI3ClN9lHRfPMx,02-13842-01.mp3
02-13868-01,./Audio/02-13868-01.mp3,ढंग से सजाना सवारना किया जा रहा हैं गणेश पूजा को लेकर उत्सव का माहौल बना हुआ है तो दोस्तों कैसा लगा आपको समाचार का ये अंश हमको जरुर बताए नंबर तीन दबा कर,Accent_unknown,Adult,Male,,,,,,1Ovbw5CRVonTRm40SR0AiQ3HcwePRH4Vj,02-13868-01.mp3
02-13941-01,./Audio/02-13941-01.mp3,कर तीन मैचों की वन डे सीरीज में दो शून्य अजय बढ़त हासिल कर ली हैं,Bihari,Adult,Female,,,,Bihar,,1DZ7VnB0RgmC4ckuCMiIPY6lVa4866fwS,02-13941-01.mp3
02-13960-01,./Audio/02-13960-01.mp3,हर जल तय रहे ये,Accent_unknown,Adult,Male,,Happy,,,inaudible,1Ya3_3lqarKWFDzqrz_M7bX52jDKcdVkH,02-13960-01.mp3
02-13962-01,./Audio/02-13962-01.mp3,चाहत के दिए तेरे लिए तेरे लिए तेरे लिए हम,Accent_unknown,Adult,Male,,Happy,,,,14U2Cdkx4T5pb4mo4r3Pb6TxqYZ6vaZr-,02-13962-01.mp3
02-13965-01,./Audio/02-13965-01.mp3,दिल में मगर जलते रहे चाहत के दिए तेरे लिए,Accent_unknown,Adult,Male,,Happy,,,inaudible,1BxTPYWJhYX0dLP3clsMabDY6AcjOcFUj,02-13965-01.mp3
02-13985-01,./Audio/02-13985-01.mp3,कहा जाता हैं हम पराये नहीं हैं इसलिए हमें यहाँ बात बोल कर हमें आपने माता पिता ऐसी अलग माता करिए धन्यवाद,Accent_unknown,Adult,Female,,,,,,1XFPoy4yNQ3X2mQofjzDmw7LJsRv58FYK,02-13985-01.mp3
02-13988-01,./Audio/02-13988-01.mp3,नमस्ते आदाब दोस्तों आज मई एक बार फिर ऐसी हाजिर हूँ जनता की रिपोर्ट चर्चा मंच आरोप एक एक और नए विषय वस्तु के साथ,Accent_unknown,Adult,Female,,,,,,1A-PdvkTFCEyb7s0cNKogyU-qCkjyg9_b,02-13988-01.mp3
02-14003-01,./Audio/02-14003-01.mp3,वैसे ही चाहे घर घर दूध देने के लिए बाइक हो या फिर बच्चों को स्कूल पहुचाने और कूद के कूद के कार्यक्षेत्र मई जाने के लिए स्कूटर हो,Accent_unknown,Adult,Female,Music,,,,,1GHHpZIkmaO_MQQ_pPT90bB8vCjUtYt-6,02-14003-01.mp3
02-14006-01,./Audio/02-14006-01.mp3,की और क्या बिना पेट्रोल डीजल या कोयल का इस्तेमाल की हमारी जिंदगी गी चल हर जिम्मेदार माता पिता आपने संतान के लिए सुन्दर और स्वच्छ दुनिया छोड़कर जन,Accent_unknown,Adult,Female,Music,,,,,1eJiknB0wnFTta2dSukO0fvq7EQew4cTr,02-14006-01.mp3
02-14069-01,./Audio/02-14069-01.mp3,स्मार्ट सिटी बाइसिकल चोरी सुविधा हैं ताकि हर चौराहें आरोप साइकिल इस महीने के अंत तक या शुरू हो जाएगी खास बात या होगी की जहाँ ऐसी साइकिल लेंगे,Accent_unknown,Adult,Female,Music,Serious,,,,122Jtm5R5IyebUF7NUtyIWOkbmzSPVwJN,02-14069-01.mp3
02-14071-01,./Audio/02-14071-01.mp3,उसे वहीं छोड़ना अनिवार्य नहीं होगा स्मार्ट सिटी द्वारा इसके लिए बनायें जा रहे किसी भी स्टैंड में उसे शहर के पब्लिक ट्रांसपोर्ट स्मार्ट सिटी बाइसिकल,Accent_unknown,Adult,Female,Music,Serious,,,,1UErVTUWSN_40HknfQmgIIwj5qMht7Uq_,02-14071-01.mp3
02-14074-01,./Audio/02-14074-01.mp3,शीघ्र ही इसका एलान किया जाएगा माना जाता हैं कि संशोधित स्कीम में कुछ कम लोक प्रिय प्रीमियम ट्रेनों को इस स्कीम से पुरी तरह मुक्त,Accent_unknown,Adult,Female,Music,Serious,,,,1Z3KCJMQ8RwoiZkhDRpGyYUFYCETawICm,02-14074-01.mp3
02-14089-01,./Audio/02-14089-01.mp3,की थैली ऐसी तैयार किया जाता है जिससे पेट की बीमारियाँ होती है इससे कैंसर होने की असंका बनी रहती है,Accent_unknown,Adult,Male,,,,,inaudible,1J_t3Xfdza3MaPqwj7WkYVV92CSDwAW8w,02-14089-01.mp3
02-14107-01,./Audio/02-14107-01.mp3,दस हजार की लागत ऐसी नियमित ऐसा हैं इनमें तीन टिकाये प्रखंड जिले के इकतालीस ऑर्डर में ऐसा ही जल संयंत्र शुरू कर दिया जाएगा बिहार कैबिनेट के फैसले पाँच लाख सुविधा कर्मियों को मिली सौगात,Accent_unknown,Adult,Female,Music,Serious,,,,1Dk-prSxBb0UwGRmJNehhMUQwSwLcix-K,02-14107-01.mp3
02-14136-01,./Audio/02-14136-01.mp3,में सबसे एक नंबर पे गिधौर रहा हैं साथ ही आने वाले रवि मौसम की ऊपर भी विस्तार पूर्वक चर्चा किया गया,Bihari,Adult,Male,,,,Bihar,,1UUCvTYfcP6dg55G4c92ytox8efWPa9vF,02-14136-01.mp3
02-14139-01,./Audio/02-14139-01.mp3,नमस्कार आदाब स्रोताओं में मनोज लेकर आया हूँ मध्य प्रदेश मोबइलवाणी आरोप शाम के,Bihari,Adult,Male,Music,,,Bihar,,1AYPkHqAUsDSxJVOCPTgIHffPIWC8-jbD,02-14139-01.mp3
02-14225-01,./Audio/02-14225-01.mp3,कम ऐसी कम हजार रूपए में और अधिक ऐसी अधिक पचास हज़ार रुपयों में खरीद सकते हो वही,Bengali,Adult,Male,,,,West_bengal,,1aeaF5QyE-0-8xmYiwdLZEjQ-jR23poXZ,02-14225-01.mp3
02-14226-01,./Audio/02-14226-01.mp3,में श्रीराम समृद्धि सलाहकार या कोई वो वित्तीय सलाहकार ऐसी इसके बारे में ज्यादा जानकारी ले सकते हो गारी तो खाली मन लो मानलो चलो,Bengali,Adult,Male,,,,West_bengal,speaker_change,18HXbgsxlcpcsS-Wn7GG6Tsbxhn2cdB63,02-14226-01.mp3
02-14227-01,./Audio/02-14227-01.mp3,एक दो किलो जलेबी वो भी अकेले की लल्लन को सुन रहे हैं वो भी जरा बताईए की का,Bhojpuri,Adult,Male,,,,,speaker_change,1r7n3l3ZoKjM4kCzzwL19TTkcU88EYrP-,02-14227-01.mp3
02-14262-01,./Audio/02-14262-01.mp3,डेढ़ गुना से अधिक की वृद्धी की गयी के जिससे बिहार जैसे राज्य के करोड़ो गरीबों व महिलाओं को लाभ मिलेगा ये बाते उप मुख्य मंत्री सुशिल कुमार मोदी ने कही,Accent_unknown,Adult,Female,,,,,audio_jump,1ng_d74k_Vp_9hpWYkL8D5yyzQsSKQ_F5,02-14262-01.mp3
02-14293-01,./Audio/02-14293-01.mp3,बिजली उपलब्ध कराने आरोप भी कार्य किया जा रहा है श्रीदास कल जुडिशल अकादमी धुरवा में ज्ञान सेतु वाई विद्द्यावाहिनी कार्यक्रम में लोगों को सम्बोधित कर रहे थे,Accent_unknown,Adult,Male,,Serious,,,,1TzGgMBR4CzLnVJIWY55vsWSFKGmJSkBU,02-14293-01.mp3
02-14361-01,./Audio/02-14361-01.mp3,श्रेणी होंगी पहली श्रेणी में वो बल होगा जो इस तरह की सुविधा हासिल करने में कुछ समय दूसरा बल जिसे नियोक्ता की और ऐसी सुविधा शेष पचपन करोड़ लोग ऐसे है जिन्हें अब तक स्वास्थ्य और पेंशन,Bihari,Adult,Female,Music,,,Bihar,audio_jump,1E7USKVDLcsv_3gZiKBska-JKIHC-_m8i,02-14361-01.mp3
02-14377-01,./Audio/02-14377-01.mp3,उपभोक्ता घर बैठे जन सके गे सबल योजना मई की खबर हैं मुरैना ऐसी ऐसी सबल योजना के तहत आपने दस्तावेजों के आधार परकरण की,Accent_unknown,Adult,Male,Music,,,,,1eTJRAi7670qm8gYK_mJkJE8ewfpgKfmQ,02-14377-01.mp3
02-14427-01,./Audio/02-14427-01.mp3,युकी भ्रामरी के अनुपस्थिति मई खेल रहे भारत वापसी देने का दारोम दर्ज प्रजनेश आरोप था लेकिन उन्होंने कहीं मौके गवाए और आखिर मई विश्व मई,Accent_unknown,Adult,Female,Music,,,,,16jSplkaxCjt2P1d4ypfzMA1e4ZelVL9S,02-14427-01.mp3
02-14454-01,./Audio/02-14454-01.mp3,एक सौ इकसठ वृत्ति शामिल होंगे परीक्षा के बाद परिणाम जारी नहीं किया जायेगा बहाली का अंतिम परिणाम हाय कोर्ट के दिशा निर्देश जारी होगा प्रधान मंत्री नरेंद्र मोदी इस बार करेंगे पोषण आरोप मन की बात खबर है नई दिल्ली ऐसी,Bihari,Adult,Female,Music,,,Bihar,,1hB1ThfFDY4u68nUHnJzy7wmV6Uuk_UI9,02-14454-01.mp3
02-14565-01,./Audio/02-14565-01.mp3,बच्चों के साथ अपना और परिजनों का जन्मदिन मनाने पहुँचाने लगे हैं और अब समाचार खेल ऐसी मैरिकोम और ज्योति को स्वर्ण,Accent_unknown,Adult,Female,Music,Serious,,,,1nv-6eeuhEm-KZKcVxCJqc_9Se7655vlj,02-14565-01.mp3
02-14568-01,./Audio/02-14568-01.mp3,वो स्वर्ण सरिता ने जीता कांस्य पदक कांस्य पदक खबर है नई दिल्ली ऐसी नई दिल्ली ऐसी पाँच बार की विश्व चैम्पियन,Bihari,Adult,Female,Music,,,Bihar,,1A0CZG2VutlhtgVn3FCigMCnlw6Px4kgf,02-14568-01.mp3
02-14574-01,./Audio/02-14574-01.mp3,और मीना देवी आज पुरे प्रखंड के सभी विद्यालयों को एकल विद्यालय को आचार्यो को देखे देखे ऐसी काम कर रही हैं और साथ ही साथ इन्होने कई प्रोग्राम में एफएम करके,Accent_unknown,Adult,Male,,Serious,,,,1nXgSeI2-rqq-oHi8fhwJkMqVkE3Si4Zu,02-14574-01.mp3
02-14588-01,./Audio/02-14588-01.mp3,इसी लिए इससे जुड़े अपनी बात नालंदा जिले के साथियों ने की हैं साझा हमारे साथ तो आइये सुनते हैं ऐसे ही विचार,Accent_unknown,Adult,Male,Music,Serious,,,,19GbBCcomyFuVxH750Y1OlWNr-pgroQe0,02-14588-01.mp3
02-14643-01,./Audio/02-14643-01.mp3,जहाँ थे थाई मिला था न तब पैसा मिला था लेकिन जब ऐसी खाता के मने सिस्टम हुआ तब ऐसी हमको मालिक को पैसा नहीं मिल रहा है कब ऐसी पैसा नहीं मिल रहा,Accent_unknown,Adult,Female,,,,,speaker_change,156HHVztA2k1Y6O_aw5fbKhavwO2UF81H,02-14643-01.mp3
02-14661-01,./Audio/02-14661-01.mp3,राहत मिल सकती है ऐसी ट्रेनों में बुकिंग में प्रयाप्त रूप ऐसी कमी पायी गयी है बिहार बंगाल और उत्तर प्रदेश की मार्गों आरोप छलनी वाली ट्रेनों में यह राहत मिल सकती है,Accent_unknown,Adult,Female,,,,,,1WR1-T9Rq58eoF32AN-7SdPFcYm3ZFhAM,02-14661-01.mp3
02-14671-01,./Audio/02-14671-01.mp3,झारखण्ड मोबाइल वाणी के लिए मैं रामगढ़ ऐसी मनोज कुमार पंद्रह सितम्बर को छावनी परीक्षा बोर्ड की बैठक थी,Bihari,Adult,Male,,,Ramgarh,Bihar,,1J4dJT_PD61FGWHMqJDGgoQQ_g4LcoPj7,02-14671-01.mp3
02-14684-01,./Audio/02-14684-01.mp3,नमस्कार आदाब श्रोताओं में श्वेता मध्य प्रदेश प्रदेश मोबइलवाणी आरोप पेश कर शाम की सुर परिसर आरोप लगायी झाड़ू,Bihari,Adult,Female,,,,Bihar,audio_jump,1ScEBmqPmil4JNGmdhLXWqYGHJIs4pyiJ,02-14684-01.mp3
02-14686-01,./Audio/02-14686-01.mp3,साकार होगा स्वास्थ्य सुविधा दुनिया की सबसे बड़ी स्वास्थ्य बीमा योजना कही जा रही केंद्र की आयुष्मान भारत मध्य प्रदेश शुरू होने जा रही हैं योजना के तहत प्रदेश के,Bihari,Adult,Female,,,,Bihar,audio_jump,1SV8dZu3hGVKqtXLMYHTdayGhusGihVuy,02-14686-01.mp3
02-14689-01,./Audio/02-14689-01.mp3,प्रीमियम और मासिक सालाना पेंशन जीवन शांति पॉलिसी पचासी आय उम्र की लोग डेढ़ लाख रूपए हैं की सीमा नहीं हैं दशमलव पाँच फीसदी की हिसाब ऐसी मास एक महाबात पेंशनर,Bihari,Adult,Female,,,,Bihar,audio_jump,1WPaq5WD_gn64YpAwF5j3lijjVMvW76tN,02-14689-01.mp3
02-14732-01,./Audio/02-14732-01.mp3,चिने पश्चिमी मानसून को को विस्तार मिले गा एवं उत्तरी इलाकों में बारिश का अतिरिक्त अतिरिक्त दौर देखने को मिल सकता है तूफान का रुखा पश्चिम की और देखते हुए अगले,Accent_unknown,Adult,Female,Music,,,,inaudible,16UQCoE1K1Ynsyww0Wb64jm04a2GZkLne,02-14732-01.mp3
02-14756-01,./Audio/02-14756-01.mp3,लोग बीमार ज्यादा हो रहे हैं तथा मलेरिया के शिकार भी लोग जयादा हो रहे हैं कैसा लगा आपको समाचार संध्या का ये अंक हमें जरुर बताए नंबर तीन दबाकर और सुनते रहिये मुंगेर की आवाज मोबाइल वाणी,Accent_unknown,Adult,Female,,,,,,1lzjp48JzXzbkpzxTvikIHjxeb66TwNsH,02-14756-01.mp3
02-14764-01,./Audio/02-14764-01.mp3,और विपक्ष के द्वारा विरोध के रूप में सामने आया सितम्बर महीने के अंतर्गत दिल्ली मैं पेट्रोल की कीमत अस्सी रूपए प्रति लीटर जो की डीजल की रूपए बेहतर,Accent_unknown,Adult,Male,,,,,,10w6W-hDF543IM4xrvQqpu7yskFWXB4Fp,02-14764-01.mp3
02-15003-01,./Audio/02-15003-01.mp3,जन को करीब नौ दसमलव आठ एकड़ ज़मीन की ज़रुरत है जिला प्रशासन ने गोविंदपुर और टुंडी प्रखंड के,Bihari,Adult,Male,,,,Bihar,,1Q2mSQqN1pjQ9gN2k6sIXD1CkGWfwNhSr,02-15003-01.mp3
02-15066-01,./Audio/02-15066-01.mp3,उतना तो जानकारी नहीं है लेकिन ये जानते है की जैसे रजिस्ट्री होता है या स्पीड पोस्ट होता है या चिट्ठी आना जाना ये सब के बारे में इसके बारे में तो आप प्रारंभ ऐसी ही जानते हैं जब ऐसी पढ़ाई लिखे कर रहे हैं,Accent_unknown,Adult,Male,,,,,speaker_change,1wqcUk5v36mid2FTA-rj7iqY4ztF2nMCh,02-15066-01.mp3
02-15104-01,./Audio/02-15104-01.mp3,की शक्ति का लोहा पूरे दुनिया ने माना है रविवार को इसरो ने अंतरिक्ष में ऊँची छलांग लगाकर भारतीय राकेट श्रीहरिकोटा के,Accent_unknown,Adult,Female,Music,,,,audio_jump,1sDs4jOs4SbnnnME4iWJx5HHoXqsNPaFv,02-15104-01.mp3
02-15204-01,./Audio/02-15204-01.mp3,मुझे निकालना पड़ेगा में अपनी जीप ऐसी निकाल रहा हूँ और यह मेरी गाड़ी की चाबी तुम रखलो स्नेहा मैडम हम आस हम अस्पताल जा रहे हैं अर्जुन प्लीज मेरे साथ अस्पताल चलो इमरजेंसी हैं,Bihari,Adult,Male,,,,Bihar,"audio_jump,speaker_change",1Nt8DHVW25SnMC52L_G9JVzr5RU0D52o-,02-15204-01.mp3
02-15208-01,./Audio/02-15208-01.mp3,आरे कितना गिरा हुआ इंसान था था वो आपने गुंडों के साथ जीप मई बैठे जशन माना रहा था कई सी रही है है,Accent_unknown,Adult,Female,Music,,,,speaker_change,1u7Iecf5iktzvCvHMlx6DdhgVW-IMii7L,02-15208-01.mp3
02-15359-01,./Audio/02-15359-01.mp3,क्षमता का सदुपयोग करें उन्होंने मुखिया जी ऐसी आग्रह A आग्रह करते हुए कहा की आपसी सज्झान को सफल बनाने में जिला प्रसाशन को सकारात्मक सहयोग दे जिला पदाधिकारी श्री धर्मेन्द्र,Bihari,Adult,Male,,,,Bihar,,1A8CAsTi52PW3HzHwpTQvH2KU14yiYmQ9,02-15359-01.mp3
02-15392-01,./Audio/02-15392-01.mp3,गयी है कार्यक्रम के क्रियानवयन के लिए पदाधिकारियों वगैरह कर्मचारियों की प्रति नियुक्ति कर दी गयी है सभी निर्धारित स्थल आरोप प्रतिदिन जनप्रतिनिधियों वगैरह सामाजिक संग,Accent_unknown,Adult,Female,,,,,audio_jump,1WoXUVmQXAN8NBmWfV8sq7jYpmblANuFw,02-15392-01.mp3
02-15396-01,./Audio/02-15396-01.mp3,थान वाँ स्थानीय निवासियों को प्रेरित करते हुआ सुबह दस बजे ऐसी स्वच्छता के लिए श्रेय श्रमदान करेंगे अच्छी खबर खेल जगत ऐसी सरेना को हराकर,Accent_unknown,Adult,Female,Music,,,,,1HwS91e4lnRbSrN89bniOnYZGBcWZRHzu,02-15396-01.mp3
02-15393-01,./Audio/02-15393-01.mp3,ताड़ी सेवाओं कवा कामिनी को इक्कीस पंद्रह इक्कीस तेरह ऐसी हराया,,Adult,Female,,,,,,1OoIrBHsS_W2kyih3juDcFfeasYZm5ad4,02-15393-01.mp3
02-15406-01,./Audio/02-15406-01.mp3,फ़ोन करने आरोप अधिकतम पचीस मिनट के अन्दर सम्बंधित थाने की पुलिस मदद,,Adult,Male,,,,,,1RYKa29oSiktywH4ZVKLWIdFKjPH_LtU5,02-15406-01.mp3
02-15476-01,./Audio/02-15476-01.mp3,#incomplete गाँव में छोटे-छोटे प्रोसेसिंग प्लांट लगने चाहिए और कलेक्शन सेंटर होने चाहिए जिससे किसानो को भी दूध के अच्छे दाम मिल सकेंगे भारत में उपलब्ध दुधारू पशुओ का औसत दूध उत्पादन बेहद कम है,Accent_unknown,Adult,Female,,,,,,1Kd5nAUZ-sQ2VlC6QuEubS99MuUvNiMnS,02-15476-01.mp3
02-15498-01,./Audio/02-15498-01.mp3,और साथ ही इस कार्यक्रम को पसंद करने के लिए अभी दबायें नंबर पाँच तो सुनना ना भूलें हर बुधवार और शनिवार शाम चार बजे,Accent_unknown,Adult,Male,,,,,,1njZMpWHCWHfrdiw69lms5I777luC7fpe,02-15498-01.mp3
02-15511-01,./Audio/02-15511-01.mp3,गाड़ीयो को मधुबनी जिला के अधिकारी सभी,Accent_unknown,Age_unknown,Male,,,,,,1_k_uhEbG2n1TZr9ZkGeG7uyTNn1eh1qZ,02-15511-01.mp3
02-15541-01,./Audio/02-15541-01.mp3,में दो हज़ार चाय के बाद पहली बार मुकाबला हो रहा है धन्यवाद,Accent_unknown,Adult,Female,Music,,,,,1caCVPnoGdM3Q9qBtboKIEUQRfy2Th4NY,02-15541-01.mp3
02-15557-01,./Audio/02-15557-01.mp3,अभ्यर्थी छबीस सितम्बर को शाम पाँच बजे तक रजिस्ट्रेशन करा सकते हैं कैट प्रबंधन ने रजिस्ट्रेशन तिथि में एक सप्ताह का विस्तार किया है,Bihari,Adult,Male,,,,Bihar,inaudible,13RsYTLC-CUQvgNdAjQ6cm-gNagZCMNNk,02-15557-01.mp3
02-15589-01,./Audio/02-15589-01.mp3,नमस्कार आदाब श्रोताओ,Accent_unknown,Adult,Male,Music,,,,,1B-avMlXxjHqFBRM7Kl05xVxr4I2dzbHZ,02-15589-01.mp3
02-15596-01,./Audio/02-15596-01.mp3,इसमें कितना मिलावटी दूध है इस बात की चर्चा नहीं करती है बाजार में दिनों दिन मिलावटी दूध बाढ़ रही है जो स्वास्थ आरोप तो असर डालती ही है ऐसी किसानों का भी नुकसान होता है बरेली स्थित भारतीय पशुपालन ही,Bihari,Adult,Female,Noise,,,Bihar,,12NeQOXOAHY6BretxQGbD0PLRzX5m-zKP,02-15596-01.mp3
02-15697-01,./Audio/02-15697-01.mp3,इस अवसर आरोप छात्राओं की सुरक्षा को लेकर हुए कार्यक्रम में डी गारी जी छात्रों ऐसी रूबरू हुए शशि शर्मा ने मौजूद डी गारी जी का आभार व्यक्त किया साथ ही कॉलेज में छात्राओं को सेल्फ डिफेन्स सीखने का आग्रह किया,Accent_unknown,Adult,Female,,,,,,1Ayz5mO_EeRfne08bZ3RY7xG8QV8PL24F,02-15697-01.mp3
02-15699-01,./Audio/02-15699-01.mp3,बिहार में बिजली विभाग में निकाली बम्पर वेकेंसी जल्दी करें अप्लाई खबर है पटना ऐसी बिहार स्टेट पॉवर होल्डिंग कंपनी कई पदों आरोप आवेदन आमंत्रित किए,Accent_unknown,Adult,Female,Music,,,,,10o83ob258dIJzFVKGnHVWOARojjrWffm,02-15699-01.mp3
02-15769-01,./Audio/02-15769-01.mp3,नमस्कार आदाब श्रोताओं मैं सुनिधि अपने वादे के मुताबिक आपके सामने लेकर हाज़िर हूँ कार्यक्रम खुशियों की पाठशाला,,Child,Female,,,,,,1u5dwzRaLlnU50blSZhC8sAScP6Mm49ri,02-15769-01.mp3
02-15795-01,./Audio/02-15795-01.mp3,करत करत अभ्यास ते जड़मत हॉट सुझान व्यक्ति आवत जत ते यह दोहा उन व्यक्ति जो बादाम के निवासी गिरधारी MA,,Child,Male,,,,,,1F956zprPwUwMTxJK1glj4IcordGU2WQp,02-15795-01.mp3
02-15799-01,./Audio/02-15799-01.mp3,अपने चारो बेटा को पढ़ाने का काम उनकी चारो बेटा फर्स्ट बेटा बी एस एफ के जवान में तैनात है दूसरा बेटा बिशेश्वर नाथ ने,Bihari,Adult,Male,,,,Bihar,,1W4ZvOBakhZ3AmihhTQCHJEFuaJLUYMhY,02-15799-01.mp3
02-15835-01,./Audio/02-15835-01.mp3,आइये इनसे जानते हैं मुंगेर की आवाज़ पे वित्त जागरूकता जो अभियान सदर रही है उसके बारे में बात चीत करते हैं सिर आपका नाम क्या हुआ संजय कुमार सिर क्या करते हैं आप,,Child,Male,,,,,,1JhRuFOBalnf5nl3SgEax0ivb6HJc79HF,02-15835-01.mp3
02-15837-01,./Audio/02-15837-01.mp3,आप यह बताइए की सरकारी और गैर सरकारी जो योजनायें जो चल रही है उसका कुछ लाभ अपने लिया है सरकारी योजना जो अभी,,Child,Male,,,,,,1EAX1_W8QLX2waxCUgIIQVWoWUyNBKntb,02-15837-01.mp3
02-15893-01,./Audio/02-15893-01.mp3,उनका सामना थाईलैंड के सुपाने युग अविहिंसनों ऐसी होगा धन्यवाद,Accent_unknown,Adult,Female,Music,,,,audio_break,1kaHzSgPDq5PnJTCwQMhpej0XheP47fdX,02-15893-01.mp3
02-15928-01,./Audio/02-15928-01.mp3,ऑस्ट्रेलिया में हुए कामनवेल्थ चैंपियनशिप की,,Child,Female,,,,,,1EK67201nxi6OWxTrA9PL-3MOzBUEZTq_,02-15928-01.mp3
02-15950-01,./Audio/02-15950-01.mp3,या फिर जितिया पर्व भी कहते हैं मत्रिम नवमी इस बार तीन अक्टूबर बुधवार के दिन वैसे तो श्राद्ध अपने निवास पे ही करना चाहिए,,Child,Male,,,,,,1WReXwNPkpV6NO5S-yP1ZExLQ9Ri7NX8_,02-15950-01.mp3
02-15954-01,./Audio/02-15954-01.mp3,भोग लगाकर ब्राह्मणों को भोजन कराना चाहिए भोजन के पश्चात दन दक्षिणा भी परिदान चाहिए,,Child,Male,,,,,,1NWCYbH-tNfKMpI5LKvV-UBkjitSNxZrm,02-15954-01.mp3
02-15991-01,./Audio/02-15991-01.mp3,इस मुहर्रम को बड़े धूम धाम ऐसी मनाने मनाने की काम कर रहे हैं साथ ही साथ इंचार्ज दरिया पोकरी पोकरिया दे डेकुली सुने में लोग आज बड़ी धूम धाम ऐसी,Bihari,Adult,Male,,,,Bihar,,1jk24hcV6LCuiRQOgNQ5aJ2_hH_v0sV-H,02-15991-01.mp3
02-16174-01,./Audio/02-16174-01.mp3,का पंचाल की शानदार शतक ऐसी गुजरात एम' एम' चिदबरम स्टेडियम मैं तमिलनाडु को दी जबकि बंगाल ने जमू काश्मीर को,Accent_unknown,Adult,Male,Music,,,,inaudible,1e6_VynIhacmnthGwJ8yb8iq6rMgvz8L8,02-16174-01.mp3
02-16190-01,./Audio/02-16190-01.mp3,सतिश कुमार जिला पंचायती राज अधिकार संतोष कुमार जगी नेता पंकज सिंह समाज सेवी गुरुदास प्रसाद समेत दर्जनों संख्या में लोग उपस्थित हैं,Bihari,Adult,Male,,,,Bihar,,1ZGkVvWYPDSibffeVfxvol_BNndxPtM9B,02-16190-01.mp3
02-16193-01,./Audio/02-16193-01.mp3,उनके रिश्तेदारों को वाहन चोरी होने की चिंता सता रही है ऐसा कई बार हुआ है कि जब यात्री को छोड़ने उसके रिश्तेदार वाहन लेके और छोड़कर वापस लौटते हैं तो वाहन गायब मिलता है,Bihari,Adult,Female,,,,Bihar,audio_jump,17bBkn1KYdRkALDAsJrHpuM1ZJ07lmNty,02-16193-01.mp3
02-16224-01,./Audio/02-16224-01.mp3,नोट बूंदी के बाद कितने काले धन वापस आए रिज़र्व बैंक के सालाना रिपोर्ट मुताबिक नोट बूंदी के दौरान,,Adult,Female,,,,,,1HIXb_pUqg4HM2yPlf0KF4AqFPcL0DUoy,02-16224-01.mp3
02-16236-01,./Audio/02-16236-01.mp3,या फोनपे जैसे पेमेन्ट का इस्तेमाल कर पाते हैं देश के नागरिक होने के नाते हम सभी हर एक फैसले का आकलन करनी चाहिए ताकि कुछ नम्बर फैसले ऐसी,Bihari,Adult,Female,,,,Bihar,,1ARZIdeoZ08IoXKIfnL-TR9KG2rnrZheb,02-16236-01.mp3
02-16269-01,./Audio/02-16269-01.mp3,दूसरों को जागरूक करने का महान काम कर रहे हैं देर किस बात की अपने फ़ोन आरोप जल्दी ऐसी दबाईये नंबर तीन और बन जाईये,Accent_unknown,Adult,Female,Music,Serious,,,,1P1guAeIlSVfuNz3vftlM4-frVuzyn4DG,02-16269-01.mp3
02-16340-01,./Audio/02-16340-01.mp3,सुपर चार की अपनी पहली मैच में बंगला देश ऐसी जुड़ेगा भारत के लिए सबसे बड़ी चिंता टीम के संयोजन की होगी क्यूँकी हार्दिक पंड्या कमर की चोट,Accent_unknown,Adult,Female,Music,Serious,,,,1ZjTKrlipKLKYXHrLE56m-JG1ng4GVfb0,02-16340-01.mp3
02-16349-01,./Audio/02-16349-01.mp3,के गाँव में पानी के समस्या से लोग परेशान है एक तरफ डूबता पानी लोगो की परेशानी का सभा बन गया है,Accent_unknown,Adult,Female,,,,,,1vTJNGcs_VJSPIY16azTuwqu9F9MLW5Bm,02-16349-01.mp3
02-16503-01,./Audio/02-16503-01.mp3,नमस्कार आदाब श्रोताओं मैं अंजलि बिहार मोबाइल वाणी आरोप लेकर आयी हूँ दोपहर की बारिश के बाद राहत आज भी संभावना खबर हैं पटना ऐसी,Accent_unknown,Adult,Female,Music,Serious,,,,1k0BBr-mnXcbW8uHJaKmty27s9uvL92gA,02-16503-01.mp3
02-16513-01,./Audio/02-16513-01.mp3,जी सी बी वगैरह ट्रेक्टर के माध्यम ऐसी कार्य को पूर्ण हनी तक अंजाम दिया गया लेकिन मास्टर रोले आरोप अधिक करता द्वारा मजदूरों का फर्जी वगैरह अंगूठा लगाकर मजदूरों की राशि निकासी कर ली,Accent_unknown,Adult,Female,Music,Serious,,,not_clear,1visLNUo34kg7eDU1od2oHlC5j_tvX6x7,02-16513-01.mp3
02-16523-01,./Audio/02-16523-01.mp3,बंग्लादेश के खिलाफ मैच के दौरान शिखर धवन ने बनाया यह रिकॉर्ड इंग्लैंड के खिलाफ' टेस्ट सीरीज के दौरान बनाए हट के 'टेस्ट' धवन बल्लेबाजी में संघर्ष संघर्ष करते नजर आ रहे थे,Bihari,Adult,Female,,,,Bihar,audio_jump,1WSyjsP908SelGUqNgZeA74I6BAU1mzuV,02-16523-01.mp3
02-16568-01,./Audio/02-16568-01.mp3,आयुष्मान भारत ऐसी अस्सी प्रतिशत लोग जुड़ी खबर हाँ रांची ऐसी,Bihari,Adult,Female,Music,,,Bihar,,1h0JsmTUZunA-XO2Tg7RAhebj-W-hbmKA,02-16568-01.mp3
02-16720-01,./Audio/02-16720-01.mp3,दो महिला को कर्रेंट लगा एक उधर ही दोनो संपर्क में सास बहु,Bihari,Adult,Male,,,,Bihar,,1dMv0IbKqh5DhJapuYDG6Lblm_8rvOoDm,02-16720-01.mp3
02-16744-01,./Audio/02-16744-01.mp3,शिक्षा विभाग में इस सम्बन्ध में और अब समाचार खेल जगत ऐसी एशिया कप में सौ वर्ष बाद एक सतराह की निगाहें आत्मा मुग्धता ऐसी,Accent_unknown,Adult,Female,Music,Serious,,,,16eHWaapkR_GOReDRhSrlv5B9JNQ1VCd8,02-16744-01.mp3
02-16745-01,./Audio/02-16745-01.mp3,नमस्कार धन्यवाद श्रोताओ मोबाइल वाणी आरोप आप सुन रहे है दोपहर की सुर्खिया और मई हूँ आपका अपना दोस्त,,Adult,Male,Music,,,,,1uf25bWiI6YxAgRBnbzMIILrKQJwrB2gH,02-16745-01.mp3
02-16755-01,./Audio/02-16755-01.mp3,तो श्रोताओ ए थे अब तक की सुर्खिया कुछ और सुर्ख़ियों के लिए इंतेज़ार करे तब तक के लिए धन्यवाद नमस्कार,,Adult,Male,Music,,,,,1b2Yb8I66MXptIj5QgU7f9zbvwC9P5w5W,02-16755-01.mp3
02-16785-01,./Audio/02-16785-01.mp3,रेलवे बोर्ड इसके जिम्मेदारी जल्द ही गारी आर सी टी सी को देने का आदेश दिया है इससे खाने की गुणवत्ता और कीमत भी किफायती हो जाएगी गारी आर सी टी सी के सौ रेलवे स्टेशन में कौन कौन ऐसी एरिया में ही खोलने की अनुमति है,Bihari,Adult,Female,Music,,,Bihar,,1vVuptd61bvJ6qSJ_kQN28RiTXCtCA0uk,02-16785-01.mp3
02-16790-01,./Audio/02-16790-01.mp3,के आरबीआई ने यह भी पूछा कि आखिर कितने साल के अंतराल में पेंशन में बदलाव या अपडेट किया जा सके और अब खबर खेल जगत से कुछ ही शुरू होगा मैच खबर है नई दिल्ली से,,Adult,Female,Music,,,,,1-N5ZVJ8LKJNKKgdQM7WyYBwEnulwzQWR,02-16790-01.mp3
02-16795-01,./Audio/02-16795-01.mp3,धन्यवाद श्रोताओं मैं ऋतू झारखण्ड मोबाइल वाणी पानियों के बीच शनिवार को मुंबई में हुई,Accent_unknown,Adult,Female,Music,Serious,,,,1KY7mRzLWftfpBnGHcGnoWfKKNizFBpdm,02-16795-01.mp3
02-16796-01,./Audio/02-16796-01.mp3,स्टील में उषा मार्टिन के स्टील कारोबार के अधिक ग्रहण की घोषणा का तय की स्टील कारोबार को बेचने ऐसी उषा मार्टिन के गज में महत्वा पूर्ण,Accent_unknown,Adult,Female,Music,Serious,,,,1zvFBsehjiyBCj_WZ1_nYvgrXLWeAbkK-,02-16796-01.mp3
02-16840-01,./Audio/02-16840-01.mp3,होगा अन्यथा ठेका मजदूर प्लांट में काम नहीं करेंगे गे श्राप प्रबंधन वगैरह कार्मिक विभाग के अधिकारीयों के बीस,Bihari,Adult,Female,Music,,,Bihar,,1YDbAftmbZjXClLHWPiWpGud3-dsAvnx2,02-16840-01.mp3
02-16918-01,./Audio/02-16918-01.mp3,तन बिहार में दृढ़ता ऐसी होगी लागू खबर है पटना ऐसी ऐसी मुख्या मंत्री नीतिश कुमार ने कहा की आयुष्मान भारत प्रधान मंत्री जन आरोग्य योजना गरीबों के लिए वरदान है,Bihari,Adult,Female,Music,,,Bihar,audio_break,11eDJEXZuIaL8xRbXSvJ2Mcxsj5KXkd-D,02-16918-01.mp3
02-16956-01,./Audio/02-16956-01.mp3,सरकारी विद्यालय के छात्र छात्राएं भग लेंगे इस परीक्षा में किसी व शिक्षको का आकस्मिक अवकाश नी होगा धन्यवाद,Accent_unknown,Adult,Male,,,,,,1-NgCXF-ikPezDn6ral9vG3X3iwmBvYr5,02-16956-01.mp3
02-16957-01,./Audio/02-16957-01.mp3,दोस्तों छोटे छोटे टुकड़ोमें बंटी हमारे भूमि को,Accent_unknown,Adult,Female,Music,,,,,1uUCaIbmwF5tlaWh2K4W84lUG1DzuNx5o,02-16957-01.mp3
02-17022-01,./Audio/02-17022-01.mp3,खाली नहीं करती टी हैं तो हमें आंदोलन कर तो दोस्तों कैसा लगा आपको समाचार का अंश हमें जरुर बताइए नंबर तीन दबाकर और ऐसे ही रहे मधुवनी मोबाइल वाणी धन्यवाद,Accent_unknown,Adult,Male,Music,,,,audio_jump,1FWPpPnhEOrXIMRBrVDCc9uP5lez0zTMW,02-17022-01.mp3
02-17049-01,./Audio/02-17049-01.mp3,अशुभ है घोर अशुभ अरे अर्जुन को भी ये बात बहुत बुरी लगी होगी होगी अरे देखा नहीं है कैसे चेहरा उतर गया था उस बेचारे का हम ऐसा नहीं है दीदी,Accent_unknown,Adult,Female,Music,,,,"audio_jump,speaker_change",1JOvQOX-3ip_j_UNaGVJQGn_3eClomyTh,02-17049-01.mp3
02-17054-01,./Audio/02-17054-01.mp3,जानते हैं आज हमारी बोली हर बात तुम लोगों को खटकेगी आरोप बात कल समझ में आएगी हाँ की हम जो बोल रहे थे न वो कड़वा ज़रूर था आरोप सच,Bihari,Adult,Female,,Angry,,Bihar,audio_jump,1jyyI-5CBEtplN-egxLX2m3iZ2VWBLecY,02-17054-01.mp3
02-17063-01,./Audio/02-17063-01.mp3,सच और गंभीर रूप ऐसी रहने वाले हमारे अनुमंडल पार्षद,Bihari,Adult,Male,,,,Bihar,,1MTKZa1BnQZRfCEIzqYqWejA-GwVhA40A,02-17063-01.mp3
02-17079-01,./Audio/02-17079-01.mp3,जिस में सभी स्वच्छता उह्ह बात,Bihari,Adult,Male,,,,Bihar,inaudible,1vNNZ3NNGrvR8sdbh4goOUC9QOGz3e9o9,02-17079-01.mp3
02-17092-01,./Audio/02-17092-01.mp3,की शौचालय निर्माण मई किसी भी समस्या की निराकरण की तात्पर रहे गे और कोई भी उसके ले बड़ा बनता हैं तो डायरेक्ट हमसे और वार्ड को ही ये जीविका का किसी भी स्टाफ को यह बढ़ करे,Accent_unknown,Adult,Male,,,,,"audio_jump,inaudible",1SE8HpSkW0ZXyt9VCG8JJJDf94E35K97X,02-17092-01.mp3
02-17098-01,./Audio/02-17098-01.mp3,कारणों ऐसी अनुपस्थिति में वरीय सदस्य गोविन्द चौधरी के अध्यक्षता में आयोजित की गयी जब की,Bihari,Adult,Male,,,,Bihar,inaudible,1N6womQqd3MObNe9ewZLrSBRIxmudrkVq,02-17098-01.mp3
02-17109-01,./Audio/02-17109-01.mp3,क्रियान्वन के दौरान होनेवाली समस्याओं को भी सूचित करने को कहा ताकि उसका निदान निकाला जा सके,Bihari,Adult,Male,,,,Bihar,,1tA22FlmkvCv1lLHGos_6ArgsvChQ1Zld,02-17109-01.mp3
02-17110-01,./Audio/02-17110-01.mp3,नमस्कार में भीमराज गिधौर मोबइलवाणी ऐसी,Bihari,Adult,Male,,,,Bihar,,16SvwzRV62byo2RggIWZDva4yHe2UAyeb,02-17110-01.mp3
02-17171-01,./Audio/02-17171-01.mp3,सरकारी पदाधिकारी भी डीईओ से यह बात हम पहुँचाना चाहता हूँ डीईओ तक धन्यवाद,Accent_unknown,Adult,Male,,,,,,1i8IWHqapTusebryVwWsgd2WWT-cOSJHU,02-17171-01.mp3
02-17203-01,./Audio/02-17203-01.mp3,किसी व तरह की संग्रामी तौर आरोप बनाया गया और दो तीन महीने में ही रोड में दरार होने लगा जन धन योजना में व पाइप मोटर को,Accent_unknown,Adult,Male,,,,,,1fclYiD1SXkcnq84LQaABANQ43RKqKDFN,02-17203-01.mp3
02-17213-01,./Audio/02-17213-01.mp3,पिछले कुछ महीनों में जिस तरह ऐसी पूरे बिहार में अपराधी बेलगाम हो गए हैं और एक के बाद एक बढ़ी वारदात को अंजाम दे रहे हैं इसको देखते हुए बिहार सरकार की,Accent_unknown,Adult,Male,,Serious,,,,1EI5lZnVuMUySUXMQjjC2t6UqI5mrV-Gj,02-17213-01.mp3
02-17225-01,./Audio/02-17225-01.mp3,तीन सौ पैतालीस युवकों को मिली नौकरी खबर हैं रांची ऐसी श्याम नियोजन एवम प्रशिक्षण विभाग द्वारा आयोजित दथु पंथ ठेन्ग्री रोज़गार मेले के पहले दिन,Accent_unknown,Adult,Female,Music,Serious,,,,1TKqb4swPNblT3YFeR2a65Tc7ezRXRj9q,02-17225-01.mp3
02-17229-01,./Audio/02-17229-01.mp3,के जरिए अब पूर्व और पश्चिम बिल के साथ बिजली बिजली कटौती की सके ज बी व N एल के अधिकारी मौजूदा समय मई उपभोक्ताओं को निर्धारित निति या अचानक,Accent_unknown,Adult,Female,Music,,,,audio_jump,1x3WMyIQW6Mm5C6z9g_pNADm-WxHbrLqX,02-17229-01.mp3
02-17233-01,./Audio/02-17233-01.mp3,बताया गया था की कोकल अर्बन सब स्टेशन को दस मेगावाट की जगह चार मेगावाट बिजली मिल रही थी इस कारण कोकल रायपुर,Accent_unknown,Adult,Female,Music,Serious,,,,1F7VW59YdJyyM6QYsnMQY7tBEOQzJx8FN,02-17233-01.mp3
02-17236-01,./Audio/02-17236-01.mp3,पिछले दो हप्तो मई लगातार दो टूर्नामेंट मई खेलने के बढ़ कितम्बी श्रीकांत कोरिया जिसे पुरुष एकल मई भारत के आगुवाई समीर वर्मा करेंगे धन्यवाद,Accent_unknown,Adult,Female,Music,,,,inaudible,1Idted1i91pyd6t1L8opKKVQ7Ru7JSOCz,02-17236-01.mp3
02-17238-01,./Audio/02-17238-01.mp3,टूर सुपर पांच सौ बैटमिन्टन टूर्नामेंट भारतीय चुनौती के आगुवाई करेंगे साइना इस टूर्नामेंट के पहले दौर में कोरिया की किम हियुंगमिन से भिड़ेगी जापान और चीन में पिछले,Accent_unknown,Adult,Female,Music,,,,"audio_jump,inaudible",1ZFmB0-d9SEud8F_US0ux1yyjzFvnGNMr,02-17238-01.mp3
02-17250-01,./Audio/02-17250-01.mp3,भ्रष्टाचार को मिटाए बिना कोई योजना सफल होना सम्भव नहीं है धन्यवाद,Accent_unknown,Adult,Male,,,,,,1jxL922MZUVPZhxftnvfOr-F9HwewMsN0,02-17250-01.mp3
02-17307-01,./Audio/02-17307-01.mp3,फलाहार दिन भार में दो बार देनी चाहिए नौ ऐसी पन्द्रह माह के बच्चों को आधे कटोरी दिन भर में तीन बार देना चाहिए पन्द्रह ऐसी चौबीस माह के बाद तीन कटोरी भर कर खादिथा उपधार बनाकर खिलाना चाहिए,Accent_unknown,Adult,Male,,Serious,,,,1FFU_Zu1gLKNIfwV5Y2JBkJHrhRwfh8Ew,02-17307-01.mp3
02-17351-01,./Audio/02-17351-01.mp3,कोशिशों के बाद भी बनी हुई है और अब खबर खेल जगत ऐसी भारत और अफ़ग़ानिस्तान के विश्व रोमांचित मार्च हुआ तय खबर है दुबई ऐसी एशिया कप सुपर फॉर के अंतिम मार्च में,Bihari,Adult,Female,Music,,,Bihar,,1NAYBacH2VW7cJ5NWZ6x6FFA_MWLinWya,02-17351-01.mp3
02-17427-01,./Audio/02-17427-01.mp3,बीच में उसका लीकेज कहीं न हो यह भी खा गया था की जमा किया गया डाटा सरकार के पास सुरक्षित है इसके अलावा डाटा सुरक्षित रखने के बारे में,,Adult,Male,,,,,,1mzQiKgZJWdvBw8zVs0-nMd_M8idhKEY-,02-17427-01.mp3
02-17478-01,./Audio/02-17478-01.mp3,धन्यवाद अंजलि,Accent_unknown,Adult,Male,,,,,,1Bn8C8bhmAPiTNE0w4RdMT2wu0LHMyVWx,02-17478-01.mp3
02-17503-01,./Audio/02-17503-01.mp3,आपका अपना पसंदीदा कार्यक्रम खबरें जरा डेवलपमेंट के,Accent_unknown,Adult,Male,,,,,,1NXKz64E832oQPGhuHKcwf21CfJKXlQq7,02-17503-01.mp3
02-17541-01,./Audio/02-17541-01.mp3,बारिश और ठंदेरिंग ऐसी राजधानी की कोई इलाके की बिजली गुल खबर है रांची ऐसी राजधानी रांची मई सम मंगल बार सम छह सरे छह बजे के बाद,Accent_unknown,Adult,Male,,,,,,1pMVPtoMcn2NLHn6uHTqfnHTwkj4MUZwX,02-17541-01.mp3
02-17584-01,./Audio/02-17584-01.mp3,हमे ज़रूर बताए अपने मोबाइल में नंबर तीन दबा कर और ऐसे ही बड़ी खबरें मुंगेर मोबाइल वाणी,,Adult,Female,Music,,,,,1f83uvK69gdTQGNlGAMWed4HhBekHxLTG,02-17584-01.mp3
02-17609-01,./Audio/02-17609-01.mp3,लाख कोल् कर्मियों के बोनस को लेकर आज डेल्ही में बैठक खबर है धनबाद ऐसी कोल् इंडिया के मुनाफे की पूंजी आरोप तीन लाख कोल्,,Adult,Female,,,,,,1Z_lEu0BvAe2kxr5yORzWVbmbRTD9m839,02-17609-01.mp3
02-17612-01,./Audio/02-17612-01.mp3,की तरफ ऐसी सबसे ज्यादा रन इमाम उल हक ने बनाए इस बल्ले बाजी ने लगातार गिरते विकेट के बीच ही ही राशि रन की सारी खेली तो श्री,Accent_unknown,Adult,Female,Music,Serious,,,,1ghjGncZFIkf3ZIO0jsLBe9ReMmBjnA4t,02-17612-01.mp3
02-17667-01,./Audio/02-17667-01.mp3,जीवन रक्षक घोल या फिर ओ आर एस से जुड़े अपने विचार हमारे साथ और अवसर हमे इंतेज़ार रहेगा आपके ऐसे ही विचारों का,Accent_unknown,Adult,Male,Music,,,,,16AuNICy4AxzMzSLFfm2OsSbGJoE9JXH_,02-17667-01.mp3
02-17674-01,./Audio/02-17674-01.mp3,की कहानी के जरिए बहुत सारी जानकारी मिली मिली जानकारी यो का फायदा भी उठाया होगा और और अपनी दिन चर्या मई भी ढला होगा श्रोता ओ शीला और ललिता की कहानी,Accent_unknown,Adult,Male,Music,,,,"audio_jump,inaudible",1uePNkNo8ZkV3n4zTuzh2NORru0ykC0tg,02-17674-01.mp3
02-17691-01,./Audio/02-17691-01.mp3,क्या है छुट्टन बाबु काहे इतना बेचैन दिखाई दे रहे हो अरे अच्छा हुआ लल्लन भाई की तुम आ गए आज बहुत,Bihari,Adult,Male,,Happy,,Bihar,"laugh,speaker_change",1xvQknI-V2vS0akl9PuFZrXGtFefEYp_n,02-17691-01.mp3
02-17743-01,./Audio/02-17743-01.mp3,नमस्कार श्रोताओं मैं सुनिधि लेकर आई हूँ बिहार मोबाइल वाणी आरोप शाम की सुर्खियाँ,Bihari,Adult,Female,Music,,,Bihar,,1Wd_ifPrixDSZXsx-wdzDOkaHIOr4gqu4,02-17743-01.mp3
02-17850-01,./Audio/02-17850-01.mp3,सदर अस्पताल की छह चिकित्सकों की वेतन आरोप रोक खबर हैं जहानाबाद ऐसी अनुमंडल पड़ा अधिकारी की जाँच प्रतिवेदन,Accent_unknown,Adult,Female,Music,Serious,,,,1fTJ3zJowLe5EWOa3Neh-b74VHjMPVjr5,02-17850-01.mp3
02-17859-01,./Audio/02-17859-01.mp3,तो दोस्तों मिलते हैं कुछ खास और नई ख़बरों के साथ तब तक के लिए धन्यवाद,Accent_unknown,Adult,Female,Music,,,,,1e2ItG0ft377kTF2thZ6hdMKrmljQB4Dp,02-17859-01.mp3
02-17978-01,./Audio/02-17978-01.mp3,छह रन की जरुरी धन्यवाद,Bihari,Adult,Female,,,,Bihar,audio_jump,1i9M63diARfsl8rtDzxggjIILlIWcKjGr,02-17978-01.mp3
02-18009-01,./Audio/02-18009-01.mp3,सचिव के निर्देशानुसार अब जुडको के अधिकार नदी में सीधे प्रवाहित होने वाला नालों के गन्दे पानी को रोकने के दिशा में भी प्रयास कर रहे,Bihari,Adult,Female,Music,,,Bihar,,1aJXmdrvslt4qJo7bO9iZeCl_bjCBPzjV,02-18009-01.mp3
02-18023-01,./Audio/02-18023-01.mp3,लेकिन दो सौ इक्कावन जिले रह गए सूखे खे देश मई जून मई शुरू होने वाले मॉनसून सीजन की विदाई का सीजन आ रहा है इस दौरान चकरी दक्षिण पश्चिम मानसून,Accent_unknown,Adult,Female,Music,,,,audio_jump,1W99kONL7_59Czuod6jlWz1DPiZbupR_b,02-18023-01.mp3
02-18042-01,./Audio/02-18042-01.mp3,हो रहे हैं और भविष्यवानियों में ऐसी कोई भी नहीं हुआ कम्पनियों को तकदीर दे रही हैं प्राइवेट कंपनियां क्षेत्र ने भविष्य की राह दिखाने का काम किया है,Accent_unknown,Adult,Female,,,,,speaker_change,1nSuWblQyc01dYgGyRmgOugLsPQm4rMul,02-18042-01.mp3
02-18112-01,./Audio/02-18112-01.mp3,स्पोर्ट्स कॉलेज के आती है कॉमर्स मिनिस्टरी में आगे पर सारी बातचीत की है इंटर मिनिस्टरी मीट भी हो चुके है आने वाले हफ्ते कैबिनेट में उभरेंगे कॉमर्स मिनिस्टर,Accent_unknown,Adult,Female,Music,,,,audio_jump,1P3RS0_4_4FwfQdAvbEVM_7wtsyKuCiaD,02-18112-01.mp3
02-18124-01,./Audio/02-18124-01.mp3,शानदार फॉर्म जारी रख प्रेमभाव ऑफ़ नों फ्रेम में लगातार फ्रेम फ्रेम जीतकर भारत किया अब वह आएर रयंदर और नौक्वेस ऐसी भिड़ेंगे धन्यवाद,Bihari,Adult,Female,Music,,,Bihar,,1_toGQ3zcKMlW0PcljTmIUVHYwj_hPaii,02-18124-01.mp3
02-18166-01,./Audio/02-18166-01.mp3,पहले चरम में अंठावन दसमलव छियासी करोड़ की दस योजनाओं को स्वीकृति मिल गयी है अब उसे ज़मीन पर उतारने की प्रक्रिया आरम्भ की जाएगी,Accent_unknown,Adult,Female,,,,,,1Zj4nzXPJ0cwiD2aic_ThnHK104yU2DDX,02-18166-01.mp3
02-18192-01,./Audio/02-18192-01.mp3,तीन सौ अट्ठाईस फीट ऊँचे कई टावर बनाये जायेंगे ते हरेक रोजाना पैतालीस फीट स्वच्छता हवा पैदा करे आज ऐसी धनबाद हँसी स्टेशन आरोप करेली,Bihari,Adult,Female,Music,,,Bihar,,1S5jpgFZQhV9w2TWgtAGA5RKkEQerT7QQ,02-18192-01.mp3
02-18298-01,./Audio/02-18298-01.mp3,चालीस चालीस सालों को छह करेंगे का जाता है इस प्रोजेक्ट की क्रियाओं के लिए एस पी वी स्थानीय निकाय राज सरकार और केंद्र सर,Accent_unknown,Adult,Male,Noise,,,,,1vEFFk5glJrSew7Wy5F3qV7i_p0CMr27h,02-18298-01.mp3
02-18331-01,./Audio/02-18331-01.mp3,खबर हैं नई डेल्ही सड़क आरोप चला अब और महंगा हो सकती पेट्रोल और डीजल की सरकार ने घरे आम दस प्रतिशत बढ़ाने की घोषणा हैं यह बढ़ोतरी एक अक्टूबर ऐसी लागू होगी,Accent_unknown,Adult,Female,Music,Serious,,,,18ZEweDaEf0hQzvzK5HBpGpPAOJ-9n3SW,02-18331-01.mp3
02-18351-01,./Audio/02-18351-01.mp3,हैं जबकि घरेलु सर्किट अच्छा प्रदर्शन करने वाले नयन अगरवाल और मोहम्मद सिराज को पहली बार मौका दिया गया हैं चयन कर्ताओं ने तेज़,Accent_unknown,Adult,Female,Music,Serious,,,,1EQVpmfVZtTbqZxrtRIFZ5ed-zxkuIh9E,02-18351-01.mp3
02-18437-01,./Audio/02-18437-01.mp3,क्यूंकि इससे विभिन्न प्रकार की जालसाजी या धोखाधड़ी कर आसानी से नकेल कसी जा सकती है दरअसल किसी भी तरह के ढांचे को मजबूत करने के लिए,,Adult,Male,,,,,,12zqS6idMz-lIGpPVfD8nwQeX91VLbT8x,02-18437-01.mp3
02-18446-01,./Audio/02-18446-01.mp3,महिला बाहर मई शौच करने जाती है जिससे की सोचने घटना होने का भय बना रहता है इसलिए महिला को समझना चाहे की कर्ज LY कर के शौचालय का,Accent_unknown,Adult,Male,,,,,,1Y5LH3eMG7wqi3e-Yuk4180LbwVrehIdB,02-18446-01.mp3
02-18525-01,./Audio/02-18525-01.mp3,इसमें अधिकतम छह छह लाख और न्यूनतम की सीमा आरोप संशय है सात साल की सेवा में अंशधारको के परिवार को न्यूनतम ढाई लाख बीमा की धनराशि मिल सकती है,Accent_unknown,Adult,Female,Music,,,,audio_jump,1CjBGzmQBywS0z7TGJFPXRWTg5i4IVbLD,02-18525-01.mp3
02-18529-01,./Audio/02-18529-01.mp3,तुरंत निबटारा करने ग्रामीण डाक सेवकों को नियमित करने समान काम के लिए समान वेतन स्मार्ट सिटी में भूमि आवंटित,Accent_unknown,Adult,Female,Music,,,,audio_jump,15l_6dbZG8ejhfrsHCXzM4UQ6ijuWT-hh,02-18529-01.mp3
02-18532-01,./Audio/02-18532-01.mp3,आम लोग स्मार्ट सिटी में जमीन के मालिक बन सकते है उनको निर्धारित लैंड उसे कई हिसाब ऐसी ही निर्माण कार्य कई नगर विकाश सचिव नए बताया प्रस्तावित स्मार्ट जमीन कई लिया मूल्य निर्धारण,Accent_unknown,Adult,Female,Music,,,,,1sjXZHnexPQ-G_Su4aOcQd9mmZPBZXwVc,02-18532-01.mp3
02-18591-01,./Audio/02-18591-01.mp3,इस इलेक्ट्रॉनिक लन्दन की बात करें तो यहाँ भी बेहतर विकल्प के रूप में किसी भी समय आपका स्थान्तरित लाए यह इलेक्ट्रॉनिक संस्था आरोप,Accent_unknown,Adult,Male,,Serious,,,not_clear,18LfnqH7EWUdlOGJ_wTTsf9KhBRBM1Ydx,02-18591-01.mp3
02-18601-01,./Audio/02-18601-01.mp3,सिर्फ दस किलो समान धनबाद निमित मेहमान यानी डेली पसेंजरे भारी भरकम बोझ के साथ सबको होने वाली परेशानी मध्य नज़र के देने के लिए निर्णय लिया हैं मासिक सीजन टिकट के साथ सफ़र करने,Accent_unknown,Adult,Female,Music,Serious,,,,1kz97dznnPO2T7NmavGhoktxaSPthTmkZ,02-18601-01.mp3
02-18605-01,./Audio/02-18605-01.mp3,हालां के रिलायंस के पेट्रोल पम्प खुले हुए हैं यह आम लोगों के लिए थोड़ी राहत की बात हैं झारखण्ड में एक दिवस ही हड़ताल के दौरान संवाद की सुबह जिले में स्थित पेट्रोल पम्प नहीं खुले,Accent_unknown,Adult,Male,Music,Serious,,,,1W3FujsfMJ3PEq3dxmh8XA-VVhQqP8dWZ,02-18605-01.mp3
02-18739-01,./Audio/02-18739-01.mp3,हूँ तुम्हे भी बहला फुसला के घर ऐसी भेज रही है ये लड़की अरे घर का एक लौटा बेटा भला घर छोड़ के जाता है कहीं,Bihari,Adult,Female,,Angry,,Bihar,,1dJ5iJDWnniVx6LOe1lkU0CjLJAw5nYer,02-18739-01.mp3
02-18740-01,./Audio/02-18740-01.mp3,तय नहीं अरे संपत्ति के ओ आर एस हो तुम बुआ जी जी आपको भैया को गले लगा के आशीर्वाद देना चाहिए,Accent_unknown,Adult,Female,Music,Angry,,,speaker_change,1B8lZqq34oGzaTfVRZAcjk-ZMw8p3HA-M,02-18740-01.mp3
02-18742-01,./Audio/02-18742-01.mp3,बहसबाजी नहीं करना हमको उसके साथ हाँ स्नेहा जो कह रही हैं वो गलत नहीं है बुआ वैसे भी कल रात में यहाँ बहुत कुछ अनाप शनाप कह चुके है है फिर ऐसी शुरू मत कीजिये इ लो क्यूँ,Accent_unknown,Adult,Female,Music,Angry,,,speaker_change,1fcJa1d6jtp2Yg9i93iD5i8Gm4Oqc4uF7,02-18742-01.mp3
02-18741-01,./Audio/02-18741-01.mp3,न चाहिए लेकिन आप उसे आगे बढ़ने के बदले फिर दलदल में गिरने का इशारा दे रही हैं पूरण देखो भाई देखो भाई इसको समझा दो हाँ,Accent_unknown,Adult,Female,Music,Angry,,,speaker_change,15VX9W8eRtLHs2OhWCogAwnZpFFZBCAyw,02-18741-01.mp3
02-18753-01,./Audio/02-18753-01.mp3,हो रहा हैं कुछ होगा तो नहीं इसबार सब ठीक होगा आशा दीदी ने जैसा बोला था हमने वो सब किया हैं हमने अस्पताल ऐसी एम्बुलेंस भी बुलवा लिया हैं और आशा दीदी को खबर भिजवाई हैं,Accent_unknown,Adult,Female,,,,,"inaudible,speaker_change",1cimTniorp7Ch4svrtA07w5KZPp3OVOY4,02-18753-01.mp3
02-18792-01,./Audio/02-18792-01.mp3,एवाकों को भी सातवे वेतनमान लाभ दे दिया गया है गया है इस वेतनमान का लाभ प्राप्त कर्मियों को कर्मियों को केंद्र सरकार ने अग्रिम देने की व्यवस्था खत्म कर दिया है केंद्र द्वारा दिए गए इस फैसले,Bihari,Adult,Female,Music,,,Bihar,,1hA5GibGmZG0eZOlR-mowBNfJYQRHe_46,02-18792-01.mp3
02-18800-01,./Audio/02-18800-01.mp3,की चलते किसानों की जोड़ घटी और संख्या बाढ़ गयी हैं मिथिला पेंटिंग ऐसी सजी यह देश की पहली ट्रेन आज यानी गाँधी जयंती के अवसर आरोप डेल्ही ऐसी रवाना होगी,Accent_unknown,Adult,Female,Music,Serious,,,,18eaytZ8GE5qWxWJvqv7UA5zLd21o8eTJ,02-18800-01.mp3
02-18950-01,./Audio/02-18950-01.mp3,सैलरी एडवांस खबर है पटना से होली दीपावली के साथ के अन्य त्योहारों के मौके पर राज्य कार्मियों को दिया जाने वाला सैलरी एडवांस की,Accent_unknown,Adult,Female,Music,,,,,1_Z7Tw76BmqKkBOtI7hoLh2nx3gb1DaKp,02-18950-01.mp3
02-19148-01,./Audio/02-19148-01.mp3,जिंदगानी का कौन ठिकाना ये जिंदगानी है माटी का ढेला,Accent_unknown,Adult,Female,,,,,,10aXu4rrrqyBkn2IohOpbgyya4iHd9I3B,02-19148-01.mp3
02-19160-01,./Audio/02-19160-01.mp3,यूपी गेट पर डेरा डाले करीब तीन हजार किसानो देर रात एक बजे दिल्ली पुलिस ने महात्मा गाँधी की समाधी राजघाट या किसान घाट जा आधी रात में यू,Accent_unknown,Adult,Female,,,,,,1awh5n6r5j2LR3G3v6rdEEHdZhhEqcLAA,02-19160-01.mp3
02-19174-01,./Audio/02-19174-01.mp3,ही रेल मंडल अंतर्गत लाया जाए ये जाए अन्यथा गाँव को लेकर रेलवे का चक्का जाम करें और अब खबर खबर खेल जगत ऐसी जापान ओपन की प्या,Bihari,Adult,Female,Music,,,Bihar,audio_jump,11cycUufiyT54hRDrLJB4n2iGbsC8pWld,02-19174-01.mp3
02-19191-01,./Audio/02-19191-01.mp3,यह एक पेपरलेस सार्वजनिक वितरण प्रणाली पी जी डी एस में प्रवेश किया इस प्रणाली में दो आवश्यकताए हैं पहला यह की प्रत्येक व्यक्ति जोड़ा जाना चाहिए और दूसरा प्रत्येक बार जब कोई व्यक्ति पीड़ी,Bihari,Adult,Female,Music,,,Bihar,,1RXYOeVlYA9jUnOKrBPIFmM8SJD--hANY,02-19191-01.mp3
02-19247-01,./Audio/02-19247-01.mp3,दोस्तों एक बात आप हमेशा याद रखिये की जिस प्रकार हम अगर फूलों के बीच रहते है तो हमारे हाथ भी खुशबु में हो जाते है और लोगो को खुशबू मिलती है अगर आप इत्र जख्मी हुए तो इत्र इस तरह की खुशबू लोगो को लुटाएँगे उसी प्रकार ऐसी हम जो है एक प्रसन्नता लोगो के करीब एक प्रसन्नता जो लोगो को आनंद दे तो हम प्रसन्न होंगे तो सारा जहाँ प्रसन्न होगा कामविलास होंगे किस्म,Bihari,Adult,Male,,,,Bihar,audio_jump,1avxvjc5LxhI3GiJBbhz6fboD4JmQ9qqi,02-19247-01.mp3
02-19312-01,./Audio/02-19312-01.mp3,चार अक्टूबर ऐसी राजकोट में खेला जाएगा भारत को पिछले नौ महीनों में दक्षिण अफ्रीका और इंग्लैंड में हार कर सामना करना पढ़ा लेकिन तब भी टेस्ट मैचों में दुनिया नंबर एक टीम बना हुआ हैं,Accent_unknown,Adult,Female,Music,Serious,,,,1tgdi9OhfRpT3gXt8gVjTYKrGWJPmj0Qp,02-19312-01.mp3
02-19321-01,./Audio/02-19321-01.mp3,उसकी स्वयं की हैं न के उसके पाती दुर्भाग्यवश विवाह के बाद महिलाओं की पहचान पाती ऐसी जुड़ जाती हैं और सभी सामाजिक व्यवस्था में,Accent_unknown,Adult,Female,,Serious,,,,1Qmau05nU4ZRsf4-NH5o7YVqAA3IYLW1H,02-19321-01.mp3
02-19350-01,./Audio/02-19350-01.mp3,बढ़ जाए गा एक और सरकार अंतर जाती विवाहों को बढ़ावा देना चाहता हैं दूसरी और जत पत का समाज इस स्थिति में समाज का विकाश होगा और,Accent_unknown,Adult,Male,,,,,inaudible,11xzF4fzWNQ-BswEHJt_Pkie5n7FO-_mJ,02-19350-01.mp3
02-19372-01,./Audio/02-19372-01.mp3,सुनवाई में अपनी बात समाप्त करने के निर्देश दिए थे,Bihari,Adult,Female,Music,,,Bihar,,12wYmgEH6lFJlS-4-8JKA8Rp5uZf-d_9q,02-19372-01.mp3
02-19417-01,./Audio/02-19417-01.mp3,चाचा चाची और बुजुर्ग और भौजाई लोग जो लोग हमको यानी के ललन को सुन रहे हैं वो लोग जरा बताई ये की क्या आप या आप के घर मई स्वयं सहायता समूह ऐसी जुड़ के बचत की किये हैं आवर का का फायदा हैं स्वयं सहायता समूह ऐसी जुड़ने का और उसमे बचत करने का इसब बात बताने के लिए अभी दबाइए आपने मोबाइल मई नंबर तीन और रिकॉर्ड कराई ये अपना बात और बाकी जो हैं अगला बार हम आप लोगो,Accent_unknown,Adult,Male,Music,,,,inaudible,11RPFT7C6z-eDLDLGHl8UQBgOWt3pRaCE,02-19417-01.mp3
02-19460-01,./Audio/02-19460-01.mp3,रहने वाले गरीब लोगो ले स्थिति में सुधार कैसे होगा जब तक गरीब वर्ग के लोगो को सही शिक्षा नहीं देय जाता है तब तक आरक्षण का लाभ लोगो को नहीं मिलेगा हमारे यहाँ की,Accent_unknown,Adult,Male,,,,,,1fDbjJGPU5Zcvl-f_todP7JgcHfaJhVX9,02-19460-01.mp3
02-19481-01,./Audio/02-19481-01.mp3,समेत विभिन्न दीपक क्षेत्रियों अंतराष्ट्रीय मुद्दों आरोप भी चर्चा कर सकते हैं और अब समाचार खेल ऐसी टेस्ट मैच में शतक बनाके लौटे पृथ्वी के,Bhojpuri,Adult,Male,,,,,inaudible,1u3rKnLTP2FeZstaEiz9Wikn4x0PMgm9z,02-19481-01.mp3
02-19498-01,./Audio/02-19498-01.mp3,जा रहे है यह सड़क बार बहाव वाले होगी राष्ट्रीय प्रधोगिकी संस्थान पटना,Accent_unknown,Adult,Female,Music,,,,,1gECur7a44rj7hs858UJ9kfwg7Co5mhqD,02-19498-01.mp3
02-19562-01,./Audio/02-19562-01.mp3,विजेता ऐसी भिड़ेगी फाइनल रविवार को खेला जाएगा,Accent_unknown,Adult,Female,Music,Serious,,,,1bhQW0tvUVGEJX5y0OmQNhDIZC-ZVeg3O,02-19562-01.mp3
02-19614-01,./Audio/02-19614-01.mp3,किसी भी वजह ऐसी आधार नही मांग सकते हाँ,Bihari,Adult,Female,,Serious,,Bihar,,1m302iQ2guOo_ibkYx2WZ55Kdry3Dt67b,02-19614-01.mp3
02-19626-01,./Audio/02-19626-01.mp3,अच्छा वो कौन सा पहचान पत्र है जो आज कल कल सभी जगह पहचान में काम आ रहा था और जिसके बिना खाद्यान राशी नहीं मिलती है,Bhojpuri,Adult,Female,,,,,,1ajZ3nYhOZ-5WGbqbHjU69W-50N9WX2He,02-19626-01.mp3
02-19627-01,./Audio/02-19627-01.mp3,चाहे आदमी भुखमरी ऐसी क्यूँ न मर जाए यह बच्चों को स्कूल में दाखिला न मिले चाहे शिक्षा का अधिकार कानून का उलंघन ही क्यूँ न हो जाए जी,Accent_unknown,Adult,Female,Music,Serious,,,,1mY7SHL56DiMwPEVXmJ3FtUd4ZnoCekbF,02-19627-01.mp3
02-19637-01,./Audio/02-19637-01.mp3,यह क्या फायदे आपके समुदाय में देखने को जैसा की आपको पता ही हैं अब गैर सरकारी कंपनियां यानी वो चाहे बैंक हो यह मोबाइल सिम भेज,Accent_unknown,Adult,Female,Music,Serious,,,,1xg34oXWdQfEXYVSFNJ8rrL15-xw11OJQ,02-19637-01.mp3
02-19655-01,./Audio/02-19655-01.mp3,जिससे इसमें एहा भारती आयुष्मान भारत के लिए भारती मरीजों की पहचान उसके बेड में ही हो जाएगी और इसके लिए बीमा भी जल्द उपलब्ध हो जाएगी,Bihari,Adult,Female,,Serious,,Bihar,,136oY1IU2ZkMXAml7XKOT1arRTYypXJjy,02-19655-01.mp3
02-19685-01,./Audio/02-19685-01.mp3,देशों के बीच पथ परिवहन सेवा होगी शुरू खबर है पटना से बीबीआईएन के बीच मोटरयान करार से बिहार में पर्यटन के साथ ही अन्य,Bihari,Adult,Female,Music,,,Bihar,,1DFPk7swa-NT6OD2OODukaAMHpNnV6kPf,02-19685-01.mp3
02-19691-01,./Audio/02-19691-01.mp3,#incomplete खेल से दिल्ली ओलंपिक गेम्स दो हज़ार अठारह का आगाज़ दस अक्टूबर से,Bihari,Adult,Female,,Serious,,Bihar,,1jQFj5tP5ZGfd0GiTRQo9D6EJuVS_tU6I,02-19691-01.mp3
02-19733-01,./Audio/02-19733-01.mp3,नगर आयुक्त मनोज कुमार ने इसके लिए टीम भीषण की ही नहीं अभियंता पाइपलाइन एस्टेट कहौर एन्फोर्समेंट ऑफिसर शामिल किए गए हैं यह टीम हर हफ्ते बुधवार और शनिवार को शहर के विभिन मोहल्लों में जाकर,Accent_unknown,Adult,Male,Music,Serious,,,,1ts0G0CaE5sSR9NAdJCWu33EkHlylWxH1,02-19733-01.mp3
02-19760-01,./Audio/02-19760-01.mp3,इस बार जुलाई ऐसी सितम्बर महीने की लिए दी जाने वाली राज्य सामाजिक सुरक्षा पेंशन स्थाई रूप ऐसी रोक दी गयी है इसके तहत करीब बासठ दशमलव चालीस लाख में,Bhojpuri,Adult,Female,,,,,,1-xixsNYp3D0d0uj3MsYIJpTXyTwyt2k1,02-19760-01.mp3
02-19837-01,./Audio/02-19837-01.mp3,किसी किसी विद्यालय में बच्चों को सोलर लैंप दिया गया था परन्तु बाकी विद्यालयों में आज तक नहीं भेजा गया,Accent_unknown,Adult,Male,,,,,,1wVNo-kemOD-MNuHhjsDT2vUCmkskTbJE,02-19837-01.mp3
02-19847-01,./Audio/02-19847-01.mp3,बहुत से समस्याओं कई निराकरण कई लिया वजह के जिलाधिकारी महोदय महोदय जो के उपस्थित थे उन्होंने यह भी बताया,Accent_unknown,Adult,Male,,,,,,1bK27Tfj2dhWnKaB7ZcxW7aqSQSi2pFyT,02-19847-01.mp3
02-19869-01,./Audio/02-19869-01.mp3,क्रम के चर्चामंच में भाग लेने की लिए दबाएँ नंबर तीन और रिकॉर्ड करायें अपनी प्रतिक्रिया पूरी हफ्ते हम प्रसारित करेंगे रविवार शाम पाँच बजे तो,Bhojpuri,Adult,Female,,,,,audio_jump,1Q8L1YNfuhenSBfbmtiQE2La-CoX83h4I,02-19869-01.mp3
02-19879-01,./Audio/02-19879-01.mp3,ये ही सरकार का है जिससे किसानों का मन उब चूका है और किसान लेकर साहुकारों के हाथों बेचना,Bhojpuri,Adult,Male,,,,,inaudible,1KiGI9jZY8pcuPQqbroq6oDn5y6SG11yC,02-19879-01.mp3
02-19902-01,./Audio/02-19902-01.mp3,मैं छत्तीसगढ़ ऐसी वीरेंद्र गंधारे बोल रहा हूँ एक है जिसके बाद ही का शिक्षक,Bhojpuri,Adult,Male,,,,,inaudible,1ZV8CjHSPbRttqX8CdJiaeQZTFN_halhg,02-19902-01.mp3
02-19937-01,./Audio/02-19937-01.mp3,संशय इस बात को लेकर है के अच्छी इसमे राज्य के कोयले के क्षमता एक दशमलव साथ जी डब्लू पीछे हट सकती है यह भी माना जाता है की वर्तमान में पाइप लाइन में जो प्रयोजना है वे,Accent_unknown,Adult,Female,,,,,audio_jump,1i9HaP2gpnMh_bhzz2dvk_CWQVxvxychG,02-19937-01.mp3
02-19958-01,./Audio/02-19958-01.mp3,अट्ठाईस तक तेईस जी डब्लू के नवीकरण उर्जा या राज्य के स्थापित क्षमता का साथ फीसदी कर्नाटक की एक साओ दश तेरा वाट घंटे बिजली की मांग का तैंतालीस फीसदी उत्पन करेगा,,Adult,Male,,,,,,1pSfsPL0FZBpmRoJ8ilAZsj2-oMK-dZcP,02-19958-01.mp3
02-20003-01,./Audio/02-20003-01.mp3,खबर हैं बोकारो ऐसी स्वच्छता सरकार की अजेंडे में सबसे ऊपर हैं और स्वच्छता की कार्य में सफाई कर्मचारियों का ही योगदान हैं ऐसे में उनकी सुविधाओं का ध्यान रखना,Accent_unknown,Adult,Female,Music,Serious,,,,1iO8vQqWs9DuQNtBUEyDhXsLphmOu1EwD,02-20003-01.mp3
02-20016-01,./Audio/02-20016-01.mp3,शिक्षिकाओं की मज़बूरी का विशेष रूप ऐसी फायदा उठाया जाता है सरकार अगर वास्तव में शिक्षा का स्तर सुधरना चाहती है तो उसे निजी स्कूलों की भी शुद्ध लेनी चाहिए,Bhojpuri,Adult,Female,,,,,,1mhpuoEYMLmUOLOdV_QSG5JwIWrlGJkys,02-20016-01.mp3
02-20029-01,./Audio/02-20029-01.mp3,अरविन्द कुमार ठाकुर ने तीन लोगों को डिजिटल और साक्षर युग प्रमाणपत्र देते हुए सरकार की महत्वपूर्ण योजना का शुभारम्भ किया,Bihari,Adult,Female,Music,,,Bihar,,1-XFyV6UxoI5yGIFQzASbxbhY6IECFSJb,02-20029-01.mp3
02-20062-01,./Audio/02-20062-01.mp3,उन्हें पता चलता तो फिजूल खर्च में सब उड़ा देते देखो दीदी जो बिगड़ा है वो तो नहीं सुधर सकता,Accent_unknown,Adult,Female,,,,,speaker_change,1RbsS4R8p4AeR0WXwkpprKE85pe_trRTL,02-20062-01.mp3
02-20121-01,./Audio/02-20121-01.mp3,पान सौ और हजार का नोट नहीं चलेगा तो लोगो को काफी पारे मई अरविन्द महिला कॉलेज में पी जी जी फोर्थ सेमेस्टर में फॉर्म भरने,Accent_unknown,Adult,Female,,,,,,1h16NFhT75xZWsuLWD3oQsw3E0ySDOKHu,02-20121-01.mp3
02-20130-01,./Audio/02-20130-01.mp3,मोबाइल आरोप मोबाइल जीविका मोबाइल आरोप चर्चा हो रही है महताब जी भी आये हुए है सिर इसके बारे में विस्तृत जानकारी सभी दीदी एवम भैया को दे रहे है,Accent_unknown,Adult,Male,,,,,,1STkgx61aLRHVZxyvB4eHmXE9oXGeGe7l,02-20130-01.mp3
02-20153-01,./Audio/02-20153-01.mp3,डिजिटल लियें देन का सपना साकार नही होगा जनता के चाबी के एलावा कुछ नही हो पे गा,Accent_unknown,Adult,Male,,,,,,1Wz3StCqRvjmqoTqWi1DAcQGUKJ83eLGT,02-20153-01.mp3
02-20161-01,./Audio/02-20161-01.mp3,बैठेंगे तो यह लगभग तय है की विराट कोहली को इन तीनों प्रारूपो की कप्तानी भी सौपी जाएगी जिससे भारत की सीमित ओवेरों की क्रिकेट,Accent_unknown,Adult,Female,,,,,,1s6q-Oz9HUYUDjjR1K1fv7SRHZnsFPFHb,02-20161-01.mp3
02-20192-01,./Audio/02-20192-01.mp3,चलाए और प्रत्येक जुदाई के बाद पाटा अवश्य लगाए श्रोताओ अब जानते है इसकी उन्नत प्रजातियों को,Accent_unknown,Adult,Male,,,,,,1Lsnvoxk_W4dOOsS7MKns4rcYQ1ycnBfx,02-20192-01.mp3
02-20239-01,./Audio/02-20239-01.mp3,इससे उन जिलों में परीक्षार्थी पैतीस फीसदी तक कम हो गये हैं और अब समाचार खेल से नौ महीने' बढ़ युवराज की वापसी पन्द्रह जनवरी से इंग्लैंड एकदिवसीय क्रिकेट 'मैच के लिए भारतीय,Accent_unknown,Adult,Male,,,,,audio_jump,1i_tIQvo1ymJxrgObt1L5_qED3vE4wQCo,02-20239-01.mp3
02-20244-01,./Audio/02-20244-01.mp3,पहले बैंक अकाउंट के माध्यम ऐसी इन नोटों की सरलता बाजार में पहुँचेगी स्मार्ट सिटी लौंचिंग के साथ मिलेगी वाईफाई सेवा स्मार्ट सिटी की लौंचिंग के साथ शहर के कुछ तीन हि का सालों आरोप वाईफाई सुविधा,Accent_unknown,Adult,Female,,Serious,,,,1Urg3jfowwNg3AT1JE1Zm7KXkAPAQ2USz,02-20244-01.mp3
02-20246-01,./Audio/02-20246-01.mp3,विभाग के प्रधान सचिव भी मौजूद रहेंगे इसके आलावा केंद्र सरकार के भी प्रतिनिधियों को भी आमंत्रित करने की ज़िम्मेदारी नगर आयुक्त अविनाश कुमार सिंह को दिया हैं किया जाएगा पाँच डिग्री पारा गिरा बड़ी कनकनी,Accent_unknown,Adult,Female,,Serious,,,,1mqYrgEIDIIKCvMiTPXjiVj42lLd2dvgY,02-20246-01.mp3
02-20296-01,./Audio/02-20296-01.mp3,इस कंप्यूटर शिक्षा ऐसी न केवल विद्यालय की सौ बालिका लाभान्वित होंगी बल्कि इससे डिजिटल भारत का सपना भी साकार हो सकेगा,Bihari,Adult,Female,,,,Bihar,audio_jump,1t3UqHhYnVRZEGV_3e4Mpzs5FgbuSJHTJ,02-20296-01.mp3
02-20309-01,./Audio/02-20309-01.mp3,की परेशानी दूर कर सके है सरकार ने नहीं ने नहीं मानी मांग तो करेंगे प्रदर्शन दर्शन बिहार पॉलिटेक्निक टेकनिक छात्र संघ के,Bihari,Adult,Female,,,,Bihar,,1wHThzALtRRvd8QKXUMnJTdX9IBxlO8-F,02-20309-01.mp3
02-20311-01,./Audio/02-20311-01.mp3,छह सी M डी का पुतला दहन करेंगे संघ के अध्यक्ष अनुभव राज ने बताया की जब तक कानियाँ अभियंता की नियुक्ति में हुई धन्दली की जाँच कर नियुक्ति प्रक्रिया रद्द नहीं की जाती है,Bihari,Adult,Female,,,,Bihar,,1qJPcUT7-pLg2DpuDHBcIHWix3csQ388f,02-20311-01.mp3
02-20328-01,./Audio/02-20328-01.mp3,निर्देश दिया हैं ताकि एक माह में इसका स्वरुप तैयार कर लिया जाए बकोल मेयर वित्तीय वर्ष दो हजार दास दो हजार ग्यारह में ही एक माह पहले बजट लाया गया था पटना में ट्रेन से कट कर,Accent_unknown,Adult,Male,,,,,,1m2t3kbx3YnYHQDYy2SjExz0ZOhiP7ydL,02-20328-01.mp3
02-20363-01,./Audio/02-20363-01.mp3,अच्छा खासा किराया देने के बावजूद बहुमंजिल इमारतों में भी इन्हें जगह नहीं मिल रही है भवन निर्माण विभाग किराये आरोप मकान लेने के लिए,Bihari,Adult,Female,,Serious,,Bihar,,1HtercRiW34Fjkw_tYxs-T_pkURGiS32F,02-20363-01.mp3
02-20425-01,./Audio/02-20425-01.mp3,मानवता अस्पताल का वार्ड बॉय मुन्ना मुन्ना डॉक्टर जैन के कहने आरोप के कहने आरोप डॉक्टर पाल के काले करतूतों का सबूत इकठ्ठा करने में लगा हुआ था,Accent_unknown,Adult,Female,Music,,,,,1W080n5QqLr4QwoCWdBIYrvKu1Zqn43O7,02-20425-01.mp3
02-20462-01,./Audio/02-20462-01.mp3,भैय्या घर आरोप नहीं हैं वो बाहर गए हैं हम हम चलते हैं आपके साथ बौजी टी हूँ तुम कहाँ जाओगी बेटा बस दो मिनट हमारे साथ हो आयेंगी तो अच्छा रहेगा,Bihari,Adult,Female,,Tense,,Bihar,speaker_change,1AqdYE4s83aMttumurFrf5xa9CRSA2825,02-20462-01.mp3
02-20473-01,./Audio/02-20473-01.mp3,ठाकुर गंज थाना मई पद स्थापन के बाद सुरक्षा त्मक पढ़ थाना अध्यक्ष,Accent_unknown,Adult,Male,,,,,,1Y4ocJOVQOGP4bvVeCwa-aCYWw6eznzvD,02-20473-01.mp3
02-20487-01,./Audio/02-20487-01.mp3,संजुक्त तत्वधान मई पुन्यार्ध स्पोर्टिंग क्लब पंडारक द्वारा आयोजित चैंपियनशिप का उद्घाटन पूर्व सांसद सूरजभान सिंह नए,Accent_unknown,Adult,Female,,,,,,19j0BLUpRtozNAEBFYPAvWhmqrSFFW6n3,02-20487-01.mp3
02-20501-01,./Audio/02-20501-01.mp3,नमस्कार आदाब श्रोताओं में दीपक जयसवाल प्रस्तुत हैं बिहार मोबइलवाणी आरोप शाम की सुर्खियाँ अट्ठाईसवि न्यायिक सेवा परीक्षा का रिजल्ट हुआ जारी न्यायिक सेवा में आरक्षण लागू होने के बाद,Bihari,Adult,Male,,,,Bihar,audio_jump,1FUWb7l8dOB6u-ourUOXynDP3W9iuna2x,02-20501-01.mp3
02-20571-01,./Audio/02-20571-01.mp3,खिलेगी हालांकि अचानक बदल छाने के भी असार है मौसम विज्ञान के केंद्र मुताबिक शुक्रवार को न्यूनतम तापमान सामान्य स्तर ऐसी चार डिग्री निचे रहा तथा इसका इसमें और गिरावट आने की सम्भावना हैं,Bihari,Adult,Male,,,,Bihar,,1DiS51LzWQk_lZ5C6dNREtytuylD2gVZ-,02-20571-01.mp3
02-20651-01,./Audio/02-20651-01.mp3,ऐसे मैंने बैठके हम सिलाई विलाई कर देते हैं अब बच्चा जब करने लायक हो हम तो पढाये नहीं जूता बाल बच्चा इससे राह गया तो हम इससे पैसा लेकर उसको दूकान दिलाए यह तो बहुत,Accent_unknown,Adult,Female,,Serious,,,,1gcvx_9ezfMYt4jARmPO0c-1AMvQ8GlO2,02-20651-01.mp3
02-20689-01,./Audio/02-20689-01.mp3,सभी दीदी भाइयो को प्रणाम मई खैरा से बोल रहा हूँ,Accent_unknown,Adult,Female,,,,,,1INo3I94B9CTvqLC-Qtp5RtiD0wBmswRL,02-20689-01.mp3
02-20702-01,./Audio/02-20702-01.mp3,सब्जी का सेवन करना चाहिए अगर हम ऐसा नहीं करते हैं तो हम बीमार पद सकते हैं जो हमारे सेहत और आर्थिक,Bihari,Adult,Male,,,,Bihar,,1t28kxrwXYHu3kEPO3OD4llVkt1_7guVF,02-20702-01.mp3
02-20725-01,./Audio/02-20725-01.mp3,इस समूह से जीविका से जीविका से हाँ जीविका से खूब बल हो गल खन खूब शक्ति हो गल खन खूब बल हो गल खन दीदी आप बताए की आप क्या करना जीविका,Bhojpuri,Adult,Female,,,,,speaker_change,1WwkpdSHEgGnWEYr-GwfccLhHTwsOyJmC,02-20725-01.mp3
02-20754-01,./Audio/02-20754-01.mp3,मिलाये जिससे गोबर गुल कर पतले लेप जैसा बन जाए अब इसमे एक किलो गुँड और एक किलो बेसन डाले और अच्छी तरह ऐसी मिलाये इसमे,Accent_unknown,Adult,Male,,,,,,14NOqlBGE3bZWur2BvN6E9KUS3ObJD8E5,02-20754-01.mp3
02-20833-01,./Audio/02-20833-01.mp3,अब बंद एक दिवसीय अंतर्रश्तिक तीन मैचों की सिरीज़ में शुरूआती बढ़त हासिल मिलते है कुछ नए और खास ख़बरों के साथ तब तक के लिए मुझे दीजिये दीजिये इज्जत धन्यवाद,Bihari,Adult,Female,,,,Bihar,,1kYQDEkIP8EjC3_1gX4QY8H-Ig3DW43G-,02-20833-01.mp3
02-20974-01,./Audio/02-20974-01.mp3,करीब नौ महीने हो गए हैं हैं और अब खबरें खेल जगत से कप्तानी छोड़ते रंग मई लौटे धोनी छक्को का बना वर्ल्ड रिकॉर्ड भारत और इंग्लैंड के ऑनेडे मई टीम इंडिया के पारु कप्तान,Accent_unknown,Adult,Female,,,,,"audio_jump,inaudible",1kwVff5eH77fsZvqzZLXoL07NCG01QVBL,02-20974-01.mp3
02-20998-01,./Audio/02-20998-01.mp3,छुट का लाभ बकाया होल्डिंग करके एकमुश्त भुगतान आरोप ब्याज और जुर्माने ऐसी छुट मिली साथी के अब तक की अबतक भुगतान,Accent_unknown,Adult,Male,,,,,"audio_jump,inaudible",1ssAqVpACEnXBCM138OlllrUXk995x9_C,02-20998-01.mp3
02-21067-01,./Audio/02-21067-01.mp3,ईंट का कारोबार करना असान नहीं होगा इत भट्टा खोलने के लिए मालिकों को अब खान भूतत्व और जिला प्रशासन के दफ्तरों के चक्कर कर भी नहीं लगानी होंगे मोबाइल आप ऐसी ही ईंट,Accent_unknown,Adult,Female,,Serious,,,,1UAZ4lcLHuT5VpiQ_qff7TuKwJqLzcn3a,02-21067-01.mp3
02-21066-01,./Audio/02-21066-01.mp3,सख्त कारवाई के बावजूद मिल' मालिकों ऐसी बारह ऐसी इकतालीस करोड़ रूपए का बकाया वसूली में सरकार खाली हाथ पिछले तीन साल के दौरान भी बिहार के मिल' मालिकों आरोप सख्त करवाई करने के,Accent_unknown,Adult,Female,,Serious,,,,18RsxsLFcPsdIt0evDgkHE94B1bc9KRf9,02-21066-01.mp3
02-21081-01,./Audio/02-21081-01.mp3,कड़ी सुविधाएं वाल्मीकि नगर व्याकरण पारी योजना क्षेत्र मई पर्यटकों को आकर्षित करने के लिए पर्यावरण एवं दंडा विभाग ने सफाई वगैरह ठहरने की कर दी है कृषि यांत्रिकी कारण,Accent_unknown,Adult,Female,,,,,,1cvCPDzp6GvNeO5as5WEbilvV3Q4ZuPIc,02-21081-01.mp3
02-21088-01,./Audio/02-21088-01.mp3,जबरन घटित बात बता रहे थे बार बार ये करना होगा वो करना होगा जब करके दिया तो मैनेजर ने इनकार कर दिया के नहीं टोको लोन नहीं मिलेगा जब की,Bihari,Adult,Male,,Serious,,Bihar,audio_jump,1JOUFiPQ9z9mwHtzoAGNmqc2zajd2n7Z8,02-21088-01.mp3
02-21207-01,./Audio/02-21207-01.mp3,है शराब बूंदी और नशामुक्ति के प्रकार पक्ष में उसने विश्व कीर्तिमान कृतिमान बनाया तीन करोड़ लोगो ने पैतालीस मीटर तक एक दुसरे का हाथ थाम कर विशाल मानव श्रृंखला,Bihari,Adult,Female,,,,Bihar,audio_jump,1tBu3UNwtQ1PpZ-PZ6cjGEQ6PPrMmxLs3,02-21207-01.mp3
02-21215-01,./Audio/02-21215-01.mp3,फरवरी से एम्स पटना में दो नई सुविधाएं पहली सुविधा ब्रेन व हार्ट जाँच तथा एमआरआई की हैं ब्रेन व हार्ट जाँच फरवरी के अंतिम दिन में दो एमआरआई जाँच की सुविधा फरवरी के पहले सप्ताह,Accent_unknown,Adult,Male,,Serious,,,,13a2Lp7Nzzc6KLi7Q1_ZwZ_NX5On0nXFb,02-21215-01.mp3
02-21252-01,./Audio/02-21252-01.mp3,पहुँचने में पाँच घंटे से अधिक समय नहीं लगेगा ग्रामीण चिकित्सकों को मिलेगी ट्रेनिंग राज्य भर में काम करने वाले ग्रामीण चिकित्सकों के प्रशिक्षण में शुरू हो जायेगा,Bihari,Adult,Female,,,,Bihar,inaudible,1E0_TwE5WdYw7KzZFQCUKcKyhmOxSMfkV,02-21252-01.mp3
02-21261-01,./Audio/02-21261-01.mp3,एक सोलह साल की हँसती खेलती बच्ची थी राधा अच्छा भला स्कूल में पढ़ रही तुम लोगों को तो उसकी शादी की चिंता थी ऐसी कौन सी बोझ थी वो तुम लोगों आरोप,Bihari,Adult,Female,Music,Serious,,Bihar,,1z8uIVp39_vWdITHBuzwspZsbqJbh64j2,02-21261-01.mp3
02-21265-01,./Audio/02-21265-01.mp3,की मातृ स्वास्थ्य को बेहतर बनाने के लिए हमें किन किन बातों का भान रखना होगा न होगा क्या आप इस विषय आरोप कोई सवाल पूछना चाहते हैं न चाहते है या फिर दुसरे,Bihari,Adult,Female,,,,Bihar,,137zZ9toYCXmekPoxml9yelvxxzxbUO2l,02-21265-01.mp3
02-21280-01,./Audio/02-21280-01.mp3,यह डेढ़ लाख के अन्दर एक अच्छे किस्म का यह रिक्शा वो ले सकते हैं और इसका फायदा क्या यह चलाने में भी असान हैं और सबसे बढ़ा बात हैं की यह प्रदुषण नहीं फैलाता,Accent_unknown,Adult,Male,,Serious,,,,10MWQusf22E2iiwC4VCvFwey8lQd_NHmT,02-21280-01.mp3
02-21296-01,./Audio/02-21296-01.mp3,आरोप अब आइये चलते हैं जानते हैं इस परिवार में क्या हो रहा हैं अरे देशी घी के लड्डू चढ़ाउंगी आपको है इससे पहले की आप बुला ले मैं उसे पूरा करदो है,Accent_unknown,Adult,Female,Music,Serious,,,speaker_change,1yOdZOPvmDtHAFbsdPo_dQ4wsOexQZ8jf,02-21296-01.mp3
02-21305-01,./Audio/02-21305-01.mp3,और तूने मुझे कुछ कुछ पुछा तक नहीं पता हैं मैंने वहाँ कितना कुछ किया सब तुझे बताने के लिए पेट पेट में कब से दर्द हो रहा हैं कुछ पूछ ही नहीं रही हैं ओह माफ़ करदे यार रोली,Accent_unknown,Child,Female,,Serious,,,speaker_change,1Jed8ArCHv7p0lbYjZ5u-35-5jaerRUnd,02-21305-01.mp3
02-21307-01,./Audio/02-21307-01.mp3,है है तेरे इस सारे हुए जोक्स सुनने ऐसी पहले मैं मार क्यूँ नहीं गाई तू कभी नहीं सुधरेगी इससे लाख गुनाह अच्छा तो मेरे पास हैं ओहह मैं,Accent_unknown,Age_unknown,Female,,,,,speaker_change,1u_xYjsNtOOOp-6ITfqrcK6ooOqBVubaw,02-21307-01.mp3
02-21312-01,./Audio/02-21312-01.mp3,ये जगह भी मिली है और A A पी जी बिल्कुल चिंता मत करना आपकी पत्नी,Accent_unknown,Adult,Male,,,,,,16aRfGxv0B7ihGYptilWrpx0NMJf9qB2y,02-21312-01.mp3
02-21319-01,./Audio/02-21319-01.mp3,सही में यार सबका नींद खराब करता हैं हम अब फिर से वंडर बुलाओगी न तो मैं और चुट्कुला तुम्हे कभी नहीं सुनाउंगी ओके बाबा जल्दी हो गयी मेरी माँ,Accent_unknown,Child,Female,,Serious,,,speaker_change,1sex5RXieJRJD-AE5SS9qOcMPCbP3FRPm,02-21319-01.mp3
02-21337-01,./Audio/02-21337-01.mp3,जल्दी ऐसी मैं मर जाऊँगी तो तुम क्या करोगे मैं भी मर जाऊँगा क्यूँ क्यूँकी कई बार खुशी ऐसी आदमी मर जाता हैं बहुत अच्छा था,Accent_unknown,Child,Female,Music,Serious,,,speaker_change,1emDheQ1FWpkrWewARwa3Rdm9-wWotxHi,02-21337-01.mp3
02-21356-01,./Audio/02-21356-01.mp3,चुल्लू भर नंबर आते है उसी में डूबकर मर जाते है अरे यार तू न एकदम अच्छी वाली फ्रेंड सदर सदर और एक बहोत हो गया अब हम चले घर,Accent_unknown,Adult,Female,Music,,,,"laugh,speaker_change",1kAqaJWipfs2nFCzVMkpRU_Ks1clgaQtZ,02-21356-01.mp3
02-21370-01,./Audio/02-21370-01.mp3,आप भी हमे बताएँ की आप अपनी शादी में क्या तैयारी की थे गाना गाया था तो हमे भी बताएँ आप लोगों ऐसी फिर मुलाकात होगी हमारे साथ बने रहिये इस मजेदार शायरी और छुट,Accent_unknown,Adult,Female,,Serious,,,,14KYlAZCug9Q92DhwEFaLACszdJikIsiq,02-21370-01.mp3
02-21391-01,./Audio/02-21391-01.mp3,आईना कहता है और जब तुम मुझसे दूर जाते तो आ तो आईना कहता है अप्रैल फुल अप्रैल फुल अरे तूने तो अप्रैल फुल बना दिया पंख विल्ला तू,Bihari,Adult,Female,,,,Bihar,speaker_change,1G_u9pnBnt2mI4eOTw5PWvm3YUWsb9CSL,02-21391-01.mp3
02-21402-01,./Audio/02-21402-01.mp3,लिए एक अप्रैल को मुर्ख दिवस कहलाते हैं अच्छा तो तो इसीलिए एक अप्रैल को को मुर्ख दिवस कहा जाता हैं हाँ रोली के हिसाब ऐसी तो यही सही हैं,Accent_unknown,Adult,Female,Music,,,,"audio_jump,inaudible,speaker_change",1kzezt96y_e-aITSinWUKdvglLJ8lYcNU,02-21402-01.mp3
02-21499-01,./Audio/02-21499-01.mp3,वह जो टिकट लेयर यात्रा कर रहे है वो सब बेवकूफ है संस्था नए क्या जवाब दिया यार अब मेरी बड़ी मई भी सुनाती हूँ तुम्हें चुटकुला,Accent_unknown,Adult,Male,Music,,,,speaker_change,1mk7Hcp87LDW3bVflxuhl1JFRvkdrXJaH,02-21499-01.mp3
02-21534-01,./Audio/02-21534-01.mp3,अरे अरे तुम चिंता मत करो हम शांति के साथ ऐसा कुछ नी होने देंगे फ़िलहाल तुम ऐसा करो,Accent_unknown,Adult,Female,,,,,,1Lsdzi2Tq5PKLfiRdM_qQ0yboI-vXBj1f,02-21534-01.mp3
02-21568-01,./Audio/02-21568-01.mp3,और वो फिर ऐसी भगवती चाची के पास पहुच गये रघु के दादी ने दूध वाली को व माना कर दया क्या अब तो तुम्हे ही एक बार उनसे बात करना पड़ेगा चलो ठीक है,Accent_unknown,Adult,Female,,,,,,1pQnu_gzXyGLdm_gAAZlcNiwGO8uzlzum,02-21568-01.mp3
02-21572-01,./Audio/02-21572-01.mp3,अमरुद जामुन लीची सिंघारा आदि बाप रे बाप इतना कुछ मैं न सोचती हूँ इसके बारे मेंहाँ हाँ मैं बता दूंगी,Accent_unknown,Adult,Female,,,,,,1v1EpOpMFa2eyKjEL_e8S9e3tHdiMXpQP,02-21572-01.mp3
02-21730-01,./Audio/02-21730-01.mp3,#incomplete मानसिक या शारीरिक विकाश नहीं होता है उसके ऊपर गर्भावस्था के दौरान सही पोषण न मिलने पर एक लड़की की शरीर,Accent_unknown,Adult,Female,Music,,,,,1ex7O4zharkmRQjwZWY7iwrAlBP4vp54M,02-21730-01.mp3
02-21733-01,./Audio/02-21733-01.mp3,घर के या बाहर के भरी काम करने से पहले उन्हें अपने स्वस्थ पर नज़र देना चाहिए अनेमिया या खून के कमी उन्हें अपने तरफ खास ध्यान,Accent_unknown,Adult,Female,Music,,,,,1W2KjGI9u8Jrjej96t7CW8tudeJ6oax56,02-21733-01.mp3
02-21759-01,./Audio/02-21759-01.mp3,गरीब और मध्य वर्ग के जाती के लोग ही वंचित हैं सरकार द्वारा पूर्व मनरेगा के कहा तक शौचालय निर्माण कराने का कार्य सौपा था परन्तु अधिकारी जन आरोप वर्षों ऐसी,Bihari,Adult,Male,,,,Bihar,,1O19YPR3sBYVfVYvujaVly76GLougnOIQ,02-21759-01.mp3
02-21770-01,./Audio/02-21770-01.mp3,को तीस हजार रूपए का ड्राफ्ट जमा करना पड़ेगा और जो लोन है वो सालाना छह प्रतिशत ब्याज आरोप है और उसको अड़तालीस किस्तों यानी अड़तालीस महीने में,Bihari,Adult,Male,,,,Bihar,,1pxUO2ap9RejQ7xohpsXMu3ZTeE1AxQ-0,02-21770-01.mp3
02-21785-01,./Audio/02-21785-01.mp3,इनकी प्यार के कारण हमें कभी पता ही नहीं चलता की हम अपने ससुराल में हैं और यह मिश्रा जी यानी की हमारी ससुरजी की सबसे छोटी बेटी सुधा,Bihari,Adult,Female,,,,Bihar,,1ZUJIzgykax9ApFgRZB2spNAdgTQyrE-U,02-21785-01.mp3
02-21799-01,./Audio/02-21799-01.mp3,रोली पोली बोली अरे रोली तू इतने दिन कहाँ थी मैं तो गाँव चली गयी थी,Accent_unknown,Child,Female,,,,,speaker_change,1RHkm_kyQ6Cy0PFRkvt8FnyKvIXJjhJYk,02-21799-01.mp3
02-21800-01,./Audio/02-21800-01.mp3,आरोप तुझे मेरी इतने याद आ रही थे और नहीं तो क्या रोली याद नहीं करते बस बस रोली चुप होजा वरना मेरे आँखों ऐसी आंसू टपक पढ़ेगा,Accent_unknown,Child,Female,,Serious,,,speaker_change,1PQk51tEvslFL4GHz0jOsvvedPZMUvbdv,02-21800-01.mp3
02-21817-01,./Audio/02-21817-01.mp3,अपनी पति को सूचना दे दूँ की चिंता न हो उनके पास मोबाइल में एसएमएस लिखा तो गलती से गलत नंबर पर भेज दिया गया,Bihari,Adult,Male,,,,Bihar,audio_jump,1FkPyj-AQwqCPm_4uLhE-BdAFo42qURZN,02-21817-01.mp3
02-21846-01,./Audio/02-21846-01.mp3,बेचारा अकेला हैं है बहुत मजा आ गया यार अरे बस कर रोही कितना हँसाएँगे तू अब सदर घर है हाँ,Accent_unknown,Child,Female,,,,,speaker_change,1vnX7BkK5ciTTIgMXJe9UFzdWF2hfuuSl,02-21846-01.mp3
02-21901-01,./Audio/02-21901-01.mp3,और चुल्लू भर नंबर आते हैं वाह यार मजा आ गया सदर अब हँसते ही तो ऐसी चलने की इजाज़त भी लेगी हाँ दोस्तों,Bihari,Adult,Female,,,,Bihar,"audio_jump,speaker_change",1nY_HOELRRUwvCPBBa5ycug4Dr06FTkPM,02-21901-01.mp3
02-21904-01,./Audio/02-21904-01.mp3,और कपड़े भी साफ़ रखना छह वरना सब लोग तेरे जैसे महकते रहेंगे अरे रहने दे रोली मैंने भी देखा हैं गर्मी कैसे भूल सकती,Bihari,Adult,Female,,,,Bihar,"audio_jump,speaker_change",1E6kGVwvvdLeBYNX0PhTDUarsyjZDqjC7,02-21904-01.mp3
02-21920-01,./Audio/02-21920-01.mp3,तो मुझे कुछ नई' नई' सायरी थकावट दूर हो जाए है और नहीं तू क्या क्या बात है आज तू कुछ नहीं सुना रही है यही सुनाने कई लिया कह रहे है,Accent_unknown,Adult,Female,,,,,speaker_change,12bBztQvzLgUP1TFGYkcQh7C9CBEzpVs1,02-21920-01.mp3
02-21994-01,./Audio/02-21994-01.mp3,अरे ढक पोली तू भी न बस एक दिन का ही था खेत में काम करने के लिए लोग पापा ढूंढ किए आरोप माफ़ करना यार,Bihari,Adult,Female,,,,Bihar,audio_jump,19uB-NrQBvPohsZaD2-JU-xMoyGBIwF_s,02-21994-01.mp3
02-22114-01,./Audio/02-22114-01.mp3,अस्पताल में हमारे गर्भवती महिलाओं का स्वास्थ्य आरोप और गर्भ के बारे में जाँच पड़ताल किया जायेगा और पूरे हमारे क्षेत्र में जीतने गाँव है,Bihari,Adult,Female,,,,Bihar,,1DeF3EBPrECfA9ueccELfDbDMXUkaBB0j,02-22114-01.mp3
02-22153-01,./Audio/02-22153-01.mp3,उपज मिल जाती हैं कुल आठ ऐसी दस कुइतल प्यास लौकि दिसम्बर के अंत में यह जनवरी ऐसी पहले हफ्ते पॉलिथीन बैग में लॉ पानी टनल में बीज की बुआई,Accent_unknown,Adult,Male,,Serious,,,,1c-yvAA3-y3fQP2hsDCZn_uJF-eolZOaq,02-22153-01.mp3
02-22163-01,./Audio/02-22163-01.mp3,सामाजिक सम्मान की प्रमाण यह है की गाँव के लोगो ने उसे दो बार सदस्य चुना इस बार आरक्षण होने ऐसी चुनाव नहीं लार सकी धन्यवाद पांडे जीविका मोबाइलवाणी,Accent_unknown,Adult,Male,,,,,,1rAOLyT0QCb1NA5GpEMNKery-hM_mmlXF,02-22163-01.mp3
02-22358-01,./Audio/02-22358-01.mp3,जानकारी के मुताबिक रेलवे ने इस,Bihari,Adult,Female,,,,Bihar,,17t6xRbqaVW4HMB6COGYmRef8SJavYTQV,02-22358-01.mp3
02-22369-01,./Audio/02-22369-01.mp3,बने है स्वास्थ्य के बारे में,Accent_unknown,Adult,Female,,,,,inaudible,1KqI0nntgC9ZdCT2OCsgk7LNrDCIxCiw5,02-22369-01.mp3
02-22464-01,./Audio/02-22464-01.mp3,ये तो वाकई मज़ेदार पैसे भी बच जायेंगे चुप तो दोस्तों धन्यवाद,Bihari,Adult,Female,Music,,,Bihar,,1cOoF_yt89cnFxZlizTmb_ljay_du2UpO,02-22464-01.mp3
02-22495-01,./Audio/02-22495-01.mp3,नहीं तो चार पांच रख दूंगा तो छठी का दूध याद आ जायेगा जायेगा क्या खूब कहा पोली आज तो मजा ही आ गया,Bihari,Adult,Female,,Angry,,Bihar,speaker_change,1VdhH3H88KUultuTqUZ304zPM5xNl_w18,02-22495-01.mp3
02-22517-01,./Audio/02-22517-01.mp3,जाने लगा तो जाते देख के उसका पाती बोलता है काहे रो रही है तुमको तो हम झूठे झूठो झूठो मारे थे,Accent_unknown,Adult,Female,,,,,,1-fmHX4t-8R8inAWLEaRUL2drRGgT35Z0,02-22517-01.mp3
02-22537-01,./Audio/02-22537-01.mp3,तीन चीटी स्टेशन पर मिलती है एक का रंग काला होता है एक का रंग उजाला होता है,Accent_unknown,Child,Female,,,,,,1Z2nmkMdnG19lQDqTAZc27HYqWD4qMZ_Q,02-22537-01.mp3
02-22551-01,./Audio/02-22551-01.mp3,किसे विशेषज्ञ द्वारा सुना गया जो मुझे बहुत अच्छा लगा,Accent_unknown,Adult,Male,,,,,,1yNp4d1tURRgj6xUgKnHUoIYoTEU_Ide_,02-22551-01.mp3
02-22584-01,./Audio/02-22584-01.mp3,जिससे उत्पादन में वृद्धि होती है,Accent_unknown,Adult,Male,,,,,,1ZggHbnalXOUyOJ7VYb4M1vtOdp15cXy8,02-22584-01.mp3
02-22607-01,./Audio/02-22607-01.mp3,मेरा नाम,Accent_unknown,Adult,Male,,,,,,1aHJmqYbRyTv9FpOSdIj3agKfKsiO8wkt,02-22607-01.mp3
02-22617-01,./Audio/02-22617-01.mp3,मई काम कर रही हूँ आज मेरे यहाँ आज बाईस तारिक को गोखुत्र मंच पर,Accent_unknown,Adult,Male,,,,,inaudible,1Tn8NsAiPC8zv9xjRMDaeAe9nxhSGrjKV,02-22617-01.mp3
02-22632-01,./Audio/02-22632-01.mp3,हमने कौन सा अपने समय में यह सब खाया था भागवत,Accent_unknown,Adult,Female,Music,Serious,,,,1PN1PQLnkNPhVb1hoXGrxI4a8iIDVBjil,02-22632-01.mp3
02-22634-01,./Audio/02-22634-01.mp3,शान्ति के खाने में इन चीजों को शामिल करो जैसे,Accent_unknown,Adult,Female,Music,Serious,,,,1J6hWkC075x-gwpHhNVm_KGwza2ITn3W_,02-22634-01.mp3
02-22686-01,./Audio/02-22686-01.mp3,अभी मेरा बच्चा दुबई में है इंजीनियरिंग के बाद उसको तीन कंपनी में हुआ लेकिन बोला की हम और आगे पढ़ना चाहते हैं मेरा परिवार वाले बोले की कर्ज बहुत ज्यादा हो गया जी,Bihari,Adult,Female,,,,Bihar,audio_jump,1f5oF0bKmLDwWPU85tElmiTPl02BcoYAD,02-22686-01.mp3
02-22692-01,./Audio/02-22692-01.mp3,बताते भी है के आगे आप बताइए जब आपने सदस्य सदस्य थे तो अच्छे ही महसूस करते थे कि हम सदस्य हैं तो,Accent_unknown,Adult,Female,,,,,speaker_change,1NR9lN_rgRs0j71sDO217IND8sOgSiiuw,02-22692-01.mp3
02-22729-01,./Audio/02-22729-01.mp3,की हम अपनी गुडिया ऐसी प्यार नहीं करते इसमें हमारी क्या गलती हैं किससे बोलूं बताओ,Bihari,Adult,Female,,Angry,,Bihar,speaker_change,1pCTQTN9is-jOybte8DvfJdgyMgZs2Q6K,02-22729-01.mp3
02-22727-01,./Audio/02-22727-01.mp3,बुखार उतरा क्या उसका तुम्हारी करनी की सारी बताएँ हम डॉक्टर ऐसी सुनकर आ रहे हैं हमारी करनी मतलब के खाने पीने पीने का भान नहीं रखते उन्हें लगा की हम,Bihari,Adult,Female,,Angry,,Bihar,"audio_jump,speaker_change",1Fk2tRhG5Szrl-lREC9qPr9YwhyoUiT6y,02-22727-01.mp3
02-22740-01,./Audio/02-22740-01.mp3,इसके लिए हम इतना भी नहीं कर सकते क्या बोला न में सोचता हूँ इस बारे में देखा न आपने के किस तरह गुडिया की तबियत खराब थी और इसके लिए भी हमारे पाती ने हमें ही डांटा,Bihari,Adult,Female,,,,Bihar,speaker_change,1AGcZafMqxvmeg6pJdTxGm66YokPjKSBE,02-22740-01.mp3
02-22748-01,./Audio/02-22748-01.mp3,जैसे इसमे से पैसा उठाया और दीदी उभरेंगे सभी दीदी को काहे आई की आइरे मई से उठाया बहुत अच्छा से जो दीदी नहीं जुड़ी हुए है,Accent_unknown,Adult,Female,,,,,"audio_jump,speaker_change",1eKQ8qCiVWETLWGTV7aINu7UI53QJURwz,02-22748-01.mp3
02-22765-01,./Audio/02-22765-01.mp3,सूना हैं मुंबई के सबसे बड़े अस्पताल में हैं हमारे अस्पताल में अगर वो विजितीन डॉक्टर बनकर आये तो अच्छा,Accent_unknown,Adult,Male,,Serious,,,,1y1hFiiOUMA3QdMOA9Zmdgxkat8ZJAOVM,02-22765-01.mp3
02-22807-01,./Audio/02-22807-01.mp3,यह क्या था मोबाइल वाणी ऐसी भैया आये हैं वो हम लोगों को बतायें हैं भैया दीदी को प्रणाम मेरा नाम हैं चंचला देवी घर अस्तंपुरा मुदासा पंचायत की रहने वाली हूँ,Accent_unknown,Adult,Female,,Serious,,,,1A67J-YGiiYRRlU9acAEpfAJOzLJmSDYR,02-22807-01.mp3
02-22818-01,./Audio/02-22818-01.mp3,छोटी सी मटकिया से बने उसका हाड़ी छोटी सी मटकिया से बने उसका हाड़ी,Accent_unknown,Adult,Female,Music,Serious,,,,1dCyv9LgV4O1HFbYxlQMe_k7j5y7HmN5y,02-22818-01.mp3
02-22838-01,./Audio/02-22838-01.mp3,नमस्कार स्रोताओं जीविका मोबाइल वाणी आपके लिए लेकर आय है,Accent_unknown,Adult,Female,Music,,,,,16N9Ko-u5aGWfs2rW-Ln8spl1KfYezq5c,02-22838-01.mp3
02-22844-01,./Audio/02-22844-01.mp3,बार बार कह रहे है की बच्चे पढ़ा रहे है की मतलब आगे बढ़ ही रही है दीदी तो आप जो बच्चे,Accent_unknown,Adult,Male,,,,,,1bt9siQraj2txJtkZQScMzXTj6CH2NbIw,02-22844-01.mp3
02-22933-01,./Audio/02-22933-01.mp3,मैं दिलीप पाण्डेय जीविका मोबाइल वाणी जमुई से बिहार राज्य में ताड़ के पेड़ के उत्पाद की असीम सम्भावना हैं इसके लगभग सभी भागों के व्यवहार लाभकारी हैं इसलिए इसे कल के बीच,Accent_unknown,Adult,Male,,,,,inaudible,1R6pbNA2iY4EB9MwzgQfEKat07MtrpfJf,02-22933-01.mp3
02-22963-01,./Audio/02-22963-01.mp3,का ऑर्डर हैं उसके खिलाफ पूरा केस हैं पूरा केस हैं फाइल यहाँ ऐसी ले जाओ जाओ अवैध लिंग जाँच और गर्भपात का धंधा खोल रखा हैं अपने क्लिनिक में क्लिनिक में जल्दी गिरफ्तार करो,Bihari,Adult,Male,,Angry,,Bihar,audio_jump,1yMoLzgQ2TvDkg-iDXinqLjApcv8j6R0r,02-22963-01.mp3
02-22976-01,./Audio/02-22976-01.mp3,बार मिलते ही दिगंबर रवि और डॉक्टर पाल के पास आप तो यहाँ ऐश कर है वहाँ मेरी लग गयी है अरे मामले अरे मामला ठंडा हुआ की नहीं उधर सब बात,Bihari,Adult,Female,,Angry,,Bihar,speaker_change,1Gu8UpeW0QZAu3bIc8Ulsq7O4C5JzrVZH,02-22976-01.mp3
02-22999-01,./Audio/02-22999-01.mp3,A के नया हादसा जानते थे इस समय ऐसी,Accent_unknown,Adult,Male,,,,,,16SG8GQKMVq-52auGkaDrAKTioBmqbkZ6,02-22999-01.mp3
02-23041-01,./Audio/02-23041-01.mp3,शादी का बदलता स्वरुप श्रोता ओ क्या आप को भी ऐसा लग रहा हैं की शादी का स्वरुप बदल रहा हैं अगर हाँ तो आप अपनी प्रतिक्रिया जरुर दे नंबर तीन दबाकर,Accent_unknown,Adult,Female,Music,,,,,1UeGgyrJMe0lNLWeTVnYoAfhuiUuav_eu,02-23041-01.mp3
